date,race_id,strategy,bet_type,umaban,horse,odds_at_bet,odds_final,ev_at_bet,ev_final,confidence,finish,stake,payout,virtual,retro,feature_ver
20260712,202602011001,S1,win,8,アジーザム,179.4,179.4,2.212,2.212,0.879,10,100,0.0,1,1,1
20260712,202602011001,S1,win,11,ホウオウワイズ,13.6,13.6,1.255,1.255,0.879,11,100,0.0,1,1,1
20260712,202602011001,S1,win,12,サンライズロイ,9.3,9.3,1.049,1.049,0.879,3,100,0.0,1,1,1
20260712,202602011001,S1C,win,8,アジーザム,179.4,179.4,2.212,2.212,0.879,10,100,0.0,1,1,1
20260712,202602011001,S1C,win,11,ホウオウワイズ,13.6,13.6,1.255,1.255,0.879,11,100,0.0,1,1,1
20260712,202602011001,S2,win,6,スイーヴル,2.0,2.0,0.661,0.661,0.879,2,100,0.0,1,1,1
20260712,202602011001,V1,place,6,スイーヴル,,,,,0.879,2,100,110.0,1,1,1
20260712,202602011001,V2,place,6,スイーヴル,,,,,0.879,2,100,110.0,1,1,1
20260712,202602011001,V3,wide,4-6,ビタミンドロップ×スイーヴル,,,,,0.879,1/2,100,180.0,1,1,1
20260712,202602011002,S1,win,1,フィエスタ,16.7,16.7,1.107,1.107,0.857,7,100,0.0,1,1,1
20260712,202602011002,S1,win,8,アルケミラモリス,7.0,7.0,1.194,1.194,0.857,6,100,0.0,1,1,1
20260712,202602011002,S1C,win,1,フィエスタ,16.7,16.7,1.107,1.107,0.857,7,100,0.0,1,1,1
20260712,202602011002,S1C,win,8,アルケミラモリス,7.0,7.0,1.194,1.194,0.857,6,100,0.0,1,1,1
20260712,202602011002,S2,win,9,エアヴァイブス,2.9,2.9,0.508,0.508,0.857,5,100,0.0,1,1,1
20260712,202602011002,S5C,win,8,アルケミラモリス,7.0,7.0,1.194,1.194,0.857,6,100,0.0,1,1,1
20260712,202602011002,V1,place,9,エアヴァイブス,,,,,0.857,5,100,0.0,1,1,1
20260712,202602011002,V3,wide,7-9,ベネディクション×エアヴァイブス,,,,,0.857,1/5,100,0.0,1,1,1
20260712,202602011003,S1C,win,4,ジャストアダッシュ,23.0,23.0,0.927,0.927,0.867,10,100,0.0,1,1,1
20260712,202602011003,S1C,win,10,ホウオウロレンシア,6.4,6.4,0.949,0.949,0.867,12,100,0.0,1,1,1
20260712,202602011003,S2,win,12,ビンバラ,1.5,1.5,0.818,0.818,0.867,1,100,150.0,1,1,1
20260712,202602011003,V1,place,12,ビンバラ,,,,,0.867,1,100,110.0,1,1,1
20260712,202602011003,V2,place,12,ビンバラ,,,,,0.867,1,100,110.0,1,1,1
20260712,202602011003,V3,wide,10-12,ホウオウロレンシア×ビンバラ,,,,,0.867,12/1,100,0.0,1,1,1
20260712,202602011004,S1,win,15,ハルノアメ,6.2,6.2,1.044,1.044,0.862,9,100,0.0,1,1,1
20260712,202602011004,S1C,win,11,アグアフレスカ,26.6,26.6,0.895,0.895,0.862,6,100,0.0,1,1,1
20260712,202602011004,S1C,win,15,ハルノアメ,6.2,6.2,1.044,1.044,0.862,9,100,0.0,1,1,1
20260712,202602011004,S2,win,13,ヴィラジョヴィス,2.4,2.4,0.683,0.683,0.862,14,100,0.0,1,1,1
20260712,202602011004,V1,place,13,ヴィラジョヴィス,,,,,0.862,14,100,0.0,1,1,1
20260712,202602011004,V2,place,13,ヴィラジョヴィス,,,,,0.862,14,100,0.0,1,1,1
20260712,202602011004,V3,wide,4-13,タケルフォーカス×ヴィラジョヴィス,,,,,0.862,1/14,100,0.0,1,1,1
20260712,202602011005,S1,win,7,アルデシンザン,3.6,3.6,1.01,1.01,0.548,9,100,0.0,1,1,1
20260712,202602011005,S1C,win,7,アルデシンザン,3.6,3.6,1.01,1.01,0.548,9,100,0.0,1,1,1
20260712,202602011005,S2,win,7,アルデシンザン,3.6,3.6,1.01,1.01,0.548,9,100,0.0,1,1,1
20260712,202602011005,V1,place,7,アルデシンザン,,,,,0.548,9,100,0.0,1,1,1
20260712,202602011006,S1,win,2,サトノフレイ,3.5,3.5,1.106,1.106,0.873,2,100,0.0,1,1,1
20260712,202602011006,S1C,win,2,サトノフレイ,3.5,3.5,1.106,1.106,0.873,2,100,0.0,1,1,1
20260712,202602011006,S2,win,14,ルージュフィーリア,1.9,1.9,0.672,0.672,0.873,4,100,0.0,1,1,1
20260712,202602011006,V1,place,14,ルージュフィーリア,,,,,0.873,4,100,0.0,1,1,1
20260712,202602011006,V2,place,14,ルージュフィーリア,,,,,0.873,4,100,0.0,1,1,1
20260712,202602011006,V3,wide,2-14,サトノフレイ×ルージュフィーリア,,,,,0.873,2/4,100,0.0,1,1,1
20260712,202602011007,S1,win,3,ウィンターガーデン,111.1,111.1,2.009,2.009,0.877,4,100,0.0,1,1,1
20260712,202602011007,S1,win,6,サウンドルーチェ,34.7,34.7,2.443,2.443,0.877,5,100,0.0,1,1,1
20260712,202602011007,S1C,win,3,ウィンターガーデン,111.1,111.1,2.009,2.009,0.877,4,100,0.0,1,1,1
20260712,202602011007,S1C,win,6,サウンドルーチェ,34.7,34.7,2.443,2.443,0.877,5,100,0.0,1,1,1
20260712,202602011007,S2,win,9,ヒミノエトワール,2.9,2.9,0.618,0.618,0.877,1,100,290.0,1,1,1
20260712,202602011007,V1,place,9,ヒミノエトワール,,,,,0.877,1,100,160.0,1,1,1
20260712,202602011007,V3,wide,2-9,デルマサクラサク×ヒミノエトワール,,,,,0.877,2/1,100,250.0,1,1,1
20260712,202602011008,S1,win,1,ブレイクザアイス,20.0,20.0,1.031,1.031,0.875,7,100,0.0,1,1,1
20260712,202602011008,S1,win,3,シドニーホバート,28.1,28.1,1.33,1.33,0.875,9,100,0.0,1,1,1
20260712,202602011008,S1,win,7,ステイアンビシャス,17.5,17.5,1.381,1.381,0.875,4,100,0.0,1,1,1
20260712,202602011008,S1C,win,1,ブレイクザアイス,20.0,20.0,1.031,1.031,0.875,7,100,0.0,1,1,1
20260712,202602011008,S1C,win,3,シドニーホバート,28.1,28.1,1.33,1.33,0.875,9,100,0.0,1,1,1
20260712,202602011008,S1C,win,7,ステイアンビシャス,17.5,17.5,1.381,1.381,0.875,4,100,0.0,1,1,1
20260712,202602011008,S2,win,2,シャローファースト,2.8,2.8,0.742,0.742,0.875,1,100,280.0,1,1,1
20260712,202602011008,V1,place,2,シャローファースト,,,,,0.875,1,100,170.0,1,1,1
20260712,202602011008,V2,place,2,シャローファースト,,,,,0.875,1,100,170.0,1,1,1
20260712,202602011008,V3,wide,2-10,シャローファースト×ハイドパーク,,,,,0.875,1/11,100,0.0,1,1,1
20260712,202602011009,S1,win,3,バルティカ,19.5,19.5,1.104,1.104,0.892,9,100,0.0,1,1,1
20260712,202602011009,S1,win,5,テルヒコウ,3.7,3.7,1.042,1.042,0.892,2,100,0.0,1,1,1
20260712,202602011009,S1C,win,3,バルティカ,19.5,19.5,1.104,1.104,0.892,9,100,0.0,1,1,1
20260712,202602011009,S1C,win,5,テルヒコウ,3.7,3.7,1.042,1.042,0.892,2,100,0.0,1,1,1
20260712,202602011009,S2,win,10,コッツォリーノ,3.4,3.4,0.749,0.749,0.892,14,100,0.0,1,1,1
20260712,202602011009,V1,place,10,コッツォリーノ,,,,,0.892,14,100,0.0,1,1,1
20260712,202602011009,V3,wide,5-10,テルヒコウ×コッツォリーノ,,,,,0.892,2/14,100,0.0,1,1,1
20260712,202602011010,S1,win,5,ヒットミー,18.4,18.4,1.047,1.047,0.876,2,100,0.0,1,1,1
20260712,202602011010,S1,win,8,ビーマックス,25.9,25.9,1.221,1.221,0.876,3,100,0.0,1,1,1
20260712,202602011010,S1,win,10,ストリンジェンド,69.2,69.2,1.125,1.125,0.876,9,100,0.0,1,1,1
20260712,202602011010,S1C,win,5,ヒットミー,18.4,18.4,1.047,1.047,0.876,2,100,0.0,1,1,1
20260712,202602011010,S1C,win,8,ビーマックス,25.9,25.9,1.221,1.221,0.876,3,100,0.0,1,1,1
20260712,202602011010,S2,win,9,マメタンク,2.8,2.8,0.722,0.722,0.876,5,100,0.0,1,1,1
20260712,202602011010,V1,place,9,マメタンク,,,,,0.876,5,100,0.0,1,1,1
20260712,202602011010,V2,place,9,マメタンク,,,,,0.876,5,100,0.0,1,1,1
20260712,202602011010,V3,wide,4-9,エコロレバン×マメタンク,,,,,0.876,12/5,100,0.0,1,1,1
20260712,202602011011,S1,win,9,レディネス,7.5,7.5,1.2,1.2,0.901,10,100,0.0,1,1,1
20260712,202602011011,S1,win,13,ウインシュクラン,106.9,106.9,1.702,1.702,0.901,13,100,0.0,1,1,1
20260712,202602011011,S1C,win,3,タシット,24.4,24.4,0.997,0.997,0.901,7,100,0.0,1,1,1
20260712,202602011011,S1C,win,7,エエヤン,157.1,157.1,0.976,0.976,0.901,12,100,0.0,1,1,1
20260712,202602011011,S1C,win,9,レディネス,7.5,7.5,1.2,1.2,0.901,10,100,0.0,1,1,1
20260712,202602011011,S1C,win,13,ウインシュクラン,106.9,106.9,1.702,1.702,0.901,13,100,0.0,1,1,1
20260712,202602011011,S2,win,5,キョウエイブリッサ,5.9,5.9,0.877,0.877,0.901,5,100,0.0,1,1,1
20260712,202602011011,S3,win,9,レディネス,7.5,7.5,1.2,1.2,0.901,10,100,0.0,1,1,1
20260712,202602011011,S5C,win,9,レディネス,7.5,7.5,1.2,1.2,0.901,10,100,0.0,1,1,1
20260712,202602011011,V1,place,5,キョウエイブリッサ,,,,,0.901,5,100,0.0,1,1,1
20260712,202602011011,V3,wide,4-5,シルトホルン×キョウエイブリッサ,,,,,0.901,3/5,100,0.0,1,1,1
20260712,202602011011,V4,trifecta,9-2-4,,,,,,,,100,0.0,1,1,1
20260712,202602011011,V4,trifecta,9-4-2,,,,,,,,100,0.0,1,1,1
20260712,202602011011,V4,trifecta,2-9-4,,,,,,,,100,0.0,1,1,1
20260712,202602011011,V4,trifecta,4-9-2,,,,,,,,100,0.0,1,1,1
20260712,202602011011,V4,trifecta,2-4-9,,,,,,,,100,0.0,1,1,1
20260712,202602011011,V4,trifecta,4-2-9,,,,,,,,100,0.0,1,1,1
20260712,202602011011,V4,trifecta,9-2-5,,,,,,,,100,0.0,1,1,1
20260712,202602011011,V4,trifecta,9-4-5,,,,,,,,100,0.0,1,1,1
20260712,202602011011,V4,trifecta,2-9-5,,,,,,,,100,0.0,1,1,1
20260712,202602011011,V4,trifecta,4-9-5,,,,,,,,100,0.0,1,1,1
20260712,202602011012,S1,win,1,ナンナンプー,35.1,35.1,1.113,1.113,0.866,4,100,0.0,1,1,1
20260712,202602011012,S1,win,5,サンポーニャ,7.8,7.8,1.117,1.117,0.866,1,100,780.0,1,1,1
20260712,202602011012,S1C,win,1,ナンナンプー,35.1,35.1,1.113,1.113,0.866,4,100,0.0,1,1,1
20260712,202602011012,S1C,win,5,サンポーニャ,7.8,7.8,1.117,1.117,0.866,1,100,780.0,1,1,1
20260712,202602011012,S2,win,7,ハッピーラッキー,1.8,1.8,0.632,0.632,0.866,6,100,0.0,1,1,1
20260712,202602011012,V1,place,7,ハッピーラッキー,,,,,0.866,6,100,0.0,1,1,1
20260712,202602011012,V2,place,7,ハッピーラッキー,,,,,0.866,6,100,0.0,1,1,1
20260712,202602011012,V3,wide,3-7,シャルトル×ハッピーラッキー,,,,,0.866,7/6,100,0.0,1,1,1
20260718,202602011101,S1,win,5,レインボースター,54.7,54.7,1.16,1.16,0.832,7,100,0.0,1,1,1
20260718,202602011101,S1,win,8,ガーシュウィン,79.3,79.3,1.311,1.311,0.832,4,100,0.0,1,1,1
20260718,202602011101,S2,win,2,ロジクラウン,1.2,1.2,0.779,0.779,0.832,1,100,120.0,1,1,1
20260718,202602011101,V1,place,2,ロジクラウン,,,,,0.832,1,100,100.0,1,1,1
20260718,202602011101,V2,place,2,ロジクラウン,,,,,0.832,1,100,100.0,1,1,1
20260718,202602011101,V3,wide,2-6,ロジクラウン×イッペイ,,,,,0.832,1/2,100,110.0,1,1,1
20260718,202602011102,S1,win,6,メメボス,20.7,13.6,1.251,0.822,0.862,8,100,0.0,1,1,1
20260718,202602011102,S1C,win,1,レディリリス,23.3,23.6,0.881,0.892,0.862,12,100,0.0,1,1,1
20260718,202602011102,S1C,win,3,ジェッディンデデン,23.1,26.7,0.912,1.054,0.862,7,100,0.0,1,1,1
20260718,202602011102,S1C,win,6,メメボス,20.7,13.6,1.251,0.822,0.862,8,100,0.0,1,1,1
20260718,202602011102,S2,win,7,ドリームガッサン,2.1,2.3,0.758,0.831,0.862,2,100,0.0,1,1,1
20260718,202602011102,V1,place,7,ドリームガッサン,,,,,0.862,2,100,150.0,1,1,1
20260718,202602011102,V2,place,7,ドリームガッサン,,,,,0.862,2,100,150.0,1,1,1
20260718,202602011102,V3,wide,7-11,ドリームガッサン×マーマレードスカイ,,,,,0.862,2/10,100,0.0,1,1,1
20260718,202602011103,S1,win,1,ジャストグレース,18.9,19.7,1.02,1.063,0.879,8,100,0.0,1,1,1
20260718,202602011103,S1,win,6,リベンジャー,15.7,30.2,1.1,2.116,0.879,12,100,0.0,1,1,1
20260718,202602011103,S1,win,12,エースオブゴールド,36.8,121.0,1.011,3.324,0.879,9,100,0.0,1,1,1
20260718,202602011103,S1C,win,1,ジャストグレース,18.9,19.7,1.02,1.063,0.879,8,100,0.0,1,1,1
20260718,202602011103,S1C,win,6,リベンジャー,15.7,30.2,1.1,2.116,0.879,12,100,0.0,1,1,1
20260718,202602011103,S1C,win,12,エースオブゴールド,36.8,121.0,1.011,3.324,0.879,9,100,0.0,1,1,1
20260718,202602011103,S2,win,11,ポップアップ,3.9,3.1,0.83,0.66,0.879,3,100,0.0,1,1,1
20260718,202602011103,V1,place,11,ポップアップ,,,,,0.879,3,100,130.0,1,1,1
20260718,202602011103,V3,wide,2-11,ザンテソーロ×ポップアップ,,,,,0.879,4/3,100,0.0,1,1,1
20260718,202602011104,S1C,win,2,イズントイット,27.0,17.2,0.991,0.632,0.875,6,100,0.0,1,1,1
20260718,202602011104,S1C,win,15,ココソラーレ,15.1,15.1,0.863,0.863,0.875,4,100,0.0,1,1,1
20260718,202602011104,S2,win,1,ニシノオールワン,3.9,3.7,0.835,0.792,0.875,7,100,0.0,1,1,1
20260718,202602011104,V1,place,1,ニシノオールワン,,,,,0.875,7,100,0.0,1,1,1
20260718,202602011104,V3,wide,1-8,ニシノオールワン×ホウオウザロイヤル,,,,,0.875,7/1,100,0.0,1,1,1
20260718,202602011105,S1,win,2,バンダムソレール,19.6,24.4,1.303,1.622,0.877,2,100,0.0,1,1,1
20260718,202602011105,S1,win,8,ホウオウライセンス,16.7,24.5,1.05,1.541,0.877,1,100,2450.0,1,1,1
20260718,202602011105,S1,win,13,レースクイーン,18.7,20.8,1.152,1.281,0.877,9,100,0.0,1,1,1
20260718,202602011105,S1C,win,2,バンダムソレール,19.6,24.4,1.303,1.622,0.877,2,100,0.0,1,1,1
20260718,202602011105,S1C,win,8,ホウオウライセンス,16.7,24.5,1.05,1.541,0.877,1,100,2450.0,1,1,1
20260718,202602011105,S1C,win,13,レースクイーン,18.7,20.8,1.152,1.281,0.877,9,100,0.0,1,1,1
20260718,202602011105,S2,win,14,メイショウセンドウ,4.1,4.8,0.844,0.988,0.877,7,100,0.0,1,1,1
20260718,202602011105,V1,place,14,メイショウセンドウ,,,,,0.877,7,100,0.0,1,1,1
20260718,202602011105,V3,wide,3-14,チャーチルデュース×メイショウセンドウ,,,,,0.877,11/7,100,0.0,1,1,1
20260718,202602011106,S1,win,1,ファインブライト,17.0,75.1,1.37,6.051,0.888,10,100,0.0,1,1,1
20260718,202602011106,S1,win,6,コスモクラシック,20.8,36.2,1.071,1.864,0.888,3,100,0.0,1,1,1
20260718,202602011106,S1,win,7,カリドーラ,19.8,27.2,1.586,2.179,0.888,4,100,0.0,1,1,1
20260718,202602011106,S1,win,8,ホテルストリート,5.6,15.5,1.001,2.772,0.888,8,100,0.0,1,1,1
20260718,202602011106,S1C,win,1,ファインブライト,17.0,75.1,1.37,6.051,0.888,10,100,0.0,1,1,1
20260718,202602011106,S1C,win,6,コスモクラシック,20.8,36.2,1.071,1.864,0.888,3,100,0.0,1,1,1
20260718,202602011106,S1C,win,7,カリドーラ,19.8,27.2,1.586,2.179,0.888,4,100,0.0,1,1,1
20260718,202602011106,S1C,win,8,ホテルストリート,5.6,15.5,1.001,2.772,0.888,8,100,0.0,1,1,1
20260718,202602011106,S1C,win,10,グローリーバローズ,23.2,41.9,0.981,1.773,0.888,5,100,0.0,1,1,1
20260718,202602011106,S2,win,2,トリニタリオ,3.4,2.0,0.635,0.373,0.888,2,100,0.0,1,1,1
20260718,202602011106,V1,place,2,トリニタリオ,,,,,0.888,2,100,110.0,1,1,1
20260718,202602011106,V3,wide,2-12,トリニタリオ×ショウナンマルチ,,,,,0.888,2/1,100,170.0,1,1,1
20260718,202602011107,S1C,win,10,タイセツナヒ,22.3,31.4,0.959,1.351,0.894,7,100,0.0,1,1,1
20260718,202602011107,S2,win,8,パラダイスフェイス,4.1,3.1,0.667,0.505,0.894,1,100,310.0,1,1,1
20260718,202602011107,V1,place,8,パラダイスフェイス,,,,,0.894,1,100,140.0,1,1,1
20260718,202602011107,V3,wide,1-8,エンダードラゴン×パラダイスフェイス,,,,,0.894,6/1,100,0.0,1,1,1
20260718,202602011108,S1,win,2,シャインバオバブ,36.4,71.8,1.106,2.182,0.888,9,100,0.0,1,1,1
20260718,202602011108,S1,win,9,ペリプルス,36.2,88.0,1.118,2.718,0.888,8,100,0.0,1,1,1
20260718,202602011108,S1,win,10,メイショウテンク,6.4,7.4,1.08,1.249,0.888,10,100,0.0,1,1,1
20260718,202602011108,S1C,win,2,シャインバオバブ,36.4,71.8,1.106,2.182,0.888,9,100,0.0,1,1,1
20260718,202602011108,S1C,win,9,ペリプルス,36.2,88.0,1.118,2.718,0.888,8,100,0.0,1,1,1
20260718,202602011108,S1C,win,10,メイショウテンク,6.4,7.4,1.08,1.249,0.888,10,100,0.0,1,1,1
20260718,202602011108,S2,win,5,アーレムアレス,1.6,1.4,0.765,0.669,0.888,4,100,0.0,1,1,1
20260718,202602011108,V1,place,5,アーレムアレス,,,,,0.888,4,100,0.0,1,1,1
20260718,202602011108,V2,place,5,アーレムアレス,,,,,0.888,4,100,0.0,1,1,1
20260718,202602011108,V3,wide,5-10,アーレムアレス×メイショウテンク,,,,,0.888,4/10,100,0.0,1,1,1
20260718,202602011109,S1,win,6,ビービーバザーク,23.5,66.3,1.225,3.455,0.894,11,100,0.0,1,1,1
20260718,202602011109,S1,win,9,ウインポセイドン,22.2,44.7,1.194,2.405,0.894,12,100,0.0,1,1,1
20260718,202602011109,S1,win,12,コウギョク,7.5,20.6,1.155,3.172,0.894,6,100,0.0,1,1,1
20260718,202602011109,S1C,win,6,ビービーバザーク,23.5,66.3,1.225,3.455,0.894,11,100,0.0,1,1,1
20260718,202602011109,S1C,win,9,ウインポセイドン,22.2,44.7,1.194,2.405,0.894,12,100,0.0,1,1,1
20260718,202602011109,S1C,win,12,コウギョク,7.5,20.6,1.155,3.172,0.894,6,100,0.0,1,1,1
20260718,202602011109,S2,win,2,アドミラルシップ,4.9,9.9,0.627,1.267,0.894,4,100,0.0,1,1,1
20260718,202602011109,V1,place,2,アドミラルシップ,,,,,0.894,4,100,0.0,1,1,1
20260718,202602011109,V3,wide,2-5,アドミラルシップ×ドッグウッド,,,,,0.894,4/1,100,0.0,1,1,1
20260718,202602011110,S1,win,2,ストリンジェンド,23.9,124.0,1.118,5.8,0.876,10,100,0.0,1,1,1
20260718,202602011110,S1,win,9,エクストラバック,14.2,28.8,1.038,2.105,0.876,7,100,0.0,1,1,1
20260718,202602011110,S1C,win,2,ストリンジェンド,23.9,124.0,1.118,5.8,0.876,10,100,0.0,1,1,1
20260718,202602011110,S2,win,4,マナボニート,2.4,1.6,0.663,0.442,0.876,2,100,0.0,1,1,1
20260718,202602011110,V1,place,4,マナボニート,,,,,0.876,2,100,110.0,1,1,1
20260718,202602011110,V2,place,4,マナボニート,,,,,0.876,2,100,110.0,1,1,1
20260718,202602011110,V3,wide,4-10,マナボニート×アパッシメント,,,,,0.876,2/1,100,270.0,1,1,1
20260718,202602011111,S1,win,9,アスクデビューモア,26.1,74.1,1.033,2.933,0.891,11,100,0.0,1,1,1
20260718,202602011111,S1,win,13,マーブルロック,16.9,12.7,1.243,0.934,0.891,12,100,0.0,1,1,1
20260718,202602011111,S1C,win,9,アスクデビューモア,26.1,74.1,1.033,2.933,0.891,11,100,0.0,1,1,1
20260718,202602011111,S1C,win,13,マーブルロック,16.9,12.7,1.243,0.934,0.891,12,100,0.0,1,1,1
20260718,202602011111,S2,win,11,ヒルノハンブルク,6.3,7.1,0.713,0.803,0.891,3,100,0.0,1,1,1
20260718,202602011111,V1,place,11,ヒルノハンブルク,,,,,0.891,3,100,180.0,1,1,1
20260718,202602011111,V3,wide,10-11,ウェイワードアクト×ヒルノハンブルク,,,,,0.891,1/3,100,580.0,1,1,1
20260718,202602011111,V4,trifecta,10-5-7,,,,,,,,100,0.0,1,1,1
20260718,202602011111,V4,trifecta,10-5-11,,,,,,,,100,0.0,1,1,1
20260718,202602011111,V4,trifecta,10-7-5,,,,,,,,100,0.0,1,1,1
20260718,202602011111,V4,trifecta,10-11-5,,,,,,,,100,0.0,1,1,1
20260718,202602011111,V4,trifecta,5-10-7,,,,,,,,100,0.0,1,1,1
20260718,202602011111,V4,trifecta,5-10-11,,,,,,,,100,0.0,1,1,1
20260718,202602011111,V4,trifecta,7-10-5,,,,,,,,100,0.0,1,1,1
20260718,202602011111,V4,trifecta,11-10-5,,,,,,,,100,0.0,1,1,1
20260718,202602011111,V4,trifecta,5-7-10,,,,,,,,100,0.0,1,1,1
20260718,202602011111,V4,trifecta,5-11-10,,,,,,,,100,0.0,1,1,1
20260718,202602011112,S1,win,9,エコロハート,19.4,18.4,1.362,1.292,0.874,5,100,0.0,1,1,1
20260718,202602011112,S1,win,10,ランプローグ,7.6,6.5,1.028,0.879,0.874,7,100,0.0,1,1,1
20260718,202602011112,S1,win,11,メラヴィリオーザ,37.4,124.1,1.261,4.185,0.874,6,100,0.0,1,1,1
20260718,202602011112,S1C,win,9,エコロハート,19.4,18.4,1.362,1.292,0.874,5,100,0.0,1,1,1
20260718,202602011112,S1C,win,10,ランプローグ,7.6,6.5,1.028,0.879,0.874,7,100,0.0,1,1,1
20260718,202602011112,S1C,win,11,メラヴィリオーザ,37.4,124.1,1.261,4.185,0.874,6,100,0.0,1,1,1
20260718,202602011112,S2,win,6,バレンタインビスタ,5.5,3.5,0.707,0.45,0.874,4,100,0.0,1,1,1
20260718,202602011112,V1,place,6,バレンタインビスタ,,,,,0.874,4,100,0.0,1,1,1
20260718,202602011112,V3,wide,5-6,メイショウハッケイ×バレンタインビスタ,,,,,0.874,10/4,100,0.0,1,1,1
20260718,202603020701,S2,win,4,サリードゥ,1.5,1.5,0.498,0.498,0.854,6,100,0.0,1,1,1
20260718,202603020701,V1,place,4,サリードゥ,,,,,0.854,6,100,0.0,1,1,1
20260718,202603020701,V2,place,4,サリードゥ,,,,,0.854,6,100,0.0,1,1,1
20260718,202603020701,V3,wide,4-7,サリードゥ×ピリナカピリナ,,,,,0.854,6/除外,0,0.0,1,1,1
20260718,202603020702,S2,win,1,サノノキセキ,2.9,2.7,0.869,0.809,0.858,3,100,0.0,1,1,1
20260718,202603020702,V1,place,1,サノノキセキ,,,,,0.858,3,100,110.0,1,1,1
20260718,202603020702,V2,place,1,サノノキセキ,,,,,0.858,3,100,110.0,1,1,1
20260718,202603020702,V3,wide,1-2,サノノキセキ×ビップヴィーナス,,,,,0.858,3/1,100,120.0,1,1,1
20260718,202603020703,S1,win,3,エクスペクタント,26.9,53.5,1.207,2.4,0.871,4,100,0.0,1,1,1
20260718,202603020703,S1C,win,3,エクスペクタント,26.9,53.5,1.207,2.4,0.871,4,100,0.0,1,1,1
20260718,202603020703,S2,win,13,ゲンテン,3.0,3.7,0.79,0.974,0.871,1,100,370.0,1,1,1
20260718,202603020703,V1,place,13,ゲンテン,,,,,0.871,1,100,140.0,1,1,1
20260718,202603020703,V2,place,13,ゲンテン,,,,,0.871,1,100,140.0,1,1,1
20260718,202603020703,V3,wide,9-13,ハングローズ×ゲンテン,,,,,0.871,3/1,100,290.0,1,1,1
20260718,202603020704,S1,win,1,エメラルファイン,49.7,242.2,1.007,4.907,0.879,13,100,0.0,1,1,1
20260718,202603020704,S1,win,9,エンジェルサン,14.4,21.0,1.135,1.655,0.879,3,100,0.0,1,1,1
20260718,202603020704,S1,win,13,スラッシュコード,14.9,45.4,1.347,4.105,0.879,8,100,0.0,1,1,1
20260718,202603020704,S1,win,16,ココニーナ,169.0,620.2,1.21,4.442,0.879,16,100,0.0,1,1,1
20260718,202603020704,S1C,win,9,エンジェルサン,14.4,21.0,1.135,1.655,0.879,3,100,0.0,1,1,1
20260718,202603020704,S1C,win,13,スラッシュコード,14.9,45.4,1.347,4.105,0.879,8,100,0.0,1,1,1
20260718,202603020704,S1C,win,16,ココニーナ,169.0,620.2,1.21,4.442,0.879,16,100,0.0,1,1,1
20260718,202603020704,S2,win,2,ダイユウルミナス,5.9,6.1,0.882,0.912,0.879,10,100,0.0,1,1,1
20260718,202603020704,V1,place,2,ダイユウルミナス,,,,,0.879,10,100,0.0,1,1,1
20260718,202603020704,V3,wide,2-10,ダイユウルミナス×ウインドオブヘヴン,,,,,0.879,10/6,100,0.0,1,1,1
20260718,202603020705,S2,win,2,シルクドマルス,2.6,2.7,0.827,0.859,0.547,1,100,270.0,1,1,1
20260718,202603020705,V1,place,2,シルクドマルス,,,,,0.547,1,100,140.0,1,1,1
20260718,202603020706,S1,win,2,スクイーズアウト,14.8,17.9,1.596,1.93,0.89,1,100,1789.9999999999998,1,1,1
20260718,202603020706,S1,win,7,コパノミラノ,33.9,38.0,1.014,1.137,0.89,4,100,0.0,1,1,1
20260718,202603020706,S1,win,11,オーパパ,37.6,120.5,1.411,4.523,0.89,11,100,0.0,1,1,1
20260718,202603020706,S1,win,15,アラビアンドリーム,6.5,5.6,1.056,0.91,0.89,2,100,0.0,1,1,1
20260718,202603020706,S1C,win,2,スクイーズアウト,14.8,17.9,1.596,1.93,0.89,1,100,1789.9999999999998,1,1,1
20260718,202603020706,S1C,win,7,コパノミラノ,33.9,38.0,1.014,1.137,0.89,4,100,0.0,1,1,1
20260718,202603020706,S1C,win,11,オーパパ,37.6,120.5,1.411,4.523,0.89,11,100,0.0,1,1,1
20260718,202603020706,S1C,win,15,アラビアンドリーム,6.5,5.6,1.056,0.91,0.89,2,100,0.0,1,1,1
20260718,202603020706,S2,win,12,アデルフィー,3.4,3.3,0.656,0.636,0.89,10,100,0.0,1,1,1
20260718,202603020706,S3,win,2,スクイーズアウト,14.8,17.9,1.596,1.93,0.89,1,100,1789.9999999999998,1,1,1
20260718,202603020706,S5C,win,2,スクイーズアウト,14.8,17.9,1.596,1.93,0.89,1,100,1789.9999999999998,1,1,1
20260718,202603020706,V1,place,12,アデルフィー,,,,,0.89,10,100,0.0,1,1,1
20260718,202603020706,V3,wide,1-12,テンオンスゴールド×アデルフィー,,,,,0.89,6/10,100,0.0,1,1,1
20260718,202603020707,S1,win,2,タッカーヴァンバン,47.4,56.9,1.292,1.551,0.888,10,100,0.0,1,1,1
20260718,202603020707,S1,win,5,マイネルオラクル,14.3,23.4,1.29,2.112,0.888,6,100,0.0,1,1,1
20260718,202603020707,S1,win,13,マイネルリーヒム,13.6,52.3,1.199,4.612,0.888,2,100,0.0,1,1,1
20260718,202603020707,S1,win,15,シーサンタナ,20.4,32.3,1.283,2.031,0.888,13,100,0.0,1,1,1
20260718,202603020707,S1C,win,2,タッカーヴァンバン,47.4,56.9,1.292,1.551,0.888,10,100,0.0,1,1,1
20260718,202603020707,S1C,win,5,マイネルオラクル,14.3,23.4,1.29,2.112,0.888,6,100,0.0,1,1,1
20260718,202603020707,S1C,win,15,シーサンタナ,20.4,32.3,1.283,2.031,0.888,13,100,0.0,1,1,1
20260718,202603020707,S2,win,12,ベルトラッキ,5.8,4.2,0.931,0.674,0.888,7,100,0.0,1,1,1
20260718,202603020707,V1,place,12,ベルトラッキ,,,,,0.888,7,100,0.0,1,1,1
20260718,202603020707,V3,wide,11-12,アッシズオブローズ×ベルトラッキ,,,,,0.888,1/7,100,0.0,1,1,1
20260718,202603020708,S1,win,9,シークレットイスラ,41.7,44.5,1.152,1.229,0.877,13,100,0.0,1,1,1
20260718,202603020708,S1,win,10,ダノンゴーイチ,6.5,9.1,1.098,1.537,0.877,4,100,0.0,1,1,1
20260718,202603020708,S1,win,16,ウインイルネージュ,20.6,72.3,1.149,4.032,0.877,14,100,0.0,1,1,1
20260718,202603020708,S1C,win,9,シークレットイスラ,41.7,44.5,1.152,1.229,0.877,13,100,0.0,1,1,1
20260718,202603020708,S1C,win,10,ダノンゴーイチ,6.5,9.1,1.098,1.537,0.877,4,100,0.0,1,1,1
20260718,202603020708,S1C,win,16,ウインイルネージュ,20.6,72.3,1.149,4.032,0.877,14,100,0.0,1,1,1
20260718,202603020708,S2,win,10,ダノンゴーイチ,6.5,9.1,1.098,1.537,0.877,4,100,0.0,1,1,1
20260718,202603020708,V1,place,10,ダノンゴーイチ,,,,,0.877,4,100,0.0,1,1,1
20260718,202603020708,V3,wide,5-10,ロンドンアームズ×ダノンゴーイチ,,,,,0.877,7/4,100,0.0,1,1,1
20260718,202603020709,S1,win,4,テイキットイージー,14.0,27.5,1.06,2.083,0.888,4,100,0.0,1,1,1
20260718,202603020709,S1,win,6,マイネルボス,31.6,78.2,1.29,3.193,0.888,7,100,0.0,1,1,1
20260718,202603020709,S1C,win,6,マイネルボス,31.6,78.2,1.29,3.193,0.888,7,100,0.0,1,1,1
20260718,202603020709,S2,win,5,ドリームプレミア,2.2,2.0,0.795,0.723,0.888,3,100,0.0,1,1,1
20260718,202603020709,V1,place,5,ドリームプレミア,,,,,0.888,3,100,110.0,1,1,1
20260718,202603020709,V2,place,5,ドリームプレミア,,,,,0.888,3,100,110.0,1,1,1
20260718,202603020709,V3,wide,5-11,ドリームプレミア×ノリマル,,,,,0.888,3/2,100,180.0,1,1,1
20260718,202603020710,S1,win,6,レッドベルダンス,6.7,5.5,1.045,0.858,0.867,3,100,0.0,1,1,1
20260718,202603020710,S1,win,9,サヴァビアン,89.1,304.7,1.295,4.427,0.867,9,100,0.0,1,1,1
20260718,202603020710,S1C,win,4,マナエトレ,24.2,16.9,0.977,0.682,0.867,12,100,0.0,1,1,1
20260718,202603020710,S1C,win,9,サヴァビアン,89.1,304.7,1.295,4.427,0.867,9,100,0.0,1,1,1
20260718,202603020710,S1C,win,12,タケルハーロック,5.5,6.8,0.968,1.197,0.867,4,100,0.0,1,1,1
20260718,202603020710,S2,win,7,ライジンマル,4.7,6.7,0.757,1.079,0.867,6,100,0.0,1,1,1
20260718,202603020710,V1,place,7,ライジンマル,,,,,0.867,6,100,0.0,1,1,1
20260718,202603020710,V3,wide,7-12,ライジンマル×タケルハーロック,,,,,0.867,6/4,100,0.0,1,1,1
20260718,202603020711,S1,win,6,タイキラフター,12.8,10.2,1.06,0.844,0.884,12,100,0.0,1,1,1
20260718,202603020711,S1,win,7,グラニット,31.2,48.4,1.195,1.854,0.884,10,100,0.0,1,1,1
20260718,202603020711,S1,win,8,ホウオウスーペリア,21.4,30.3,1.033,1.462,0.884,2,100,0.0,1,1,1
20260718,202603020711,S1,win,10,ドラゴンヘッド,18.8,19.5,1.649,1.711,0.884,13,100,0.0,1,1,1
20260718,202603020711,S1C,win,7,グラニット,31.2,48.4,1.195,1.854,0.884,10,100,0.0,1,1,1
20260718,202603020711,S1C,win,8,ホウオウスーペリア,21.4,30.3,1.033,1.462,0.884,2,100,0.0,1,1,1
20260718,202603020711,S1C,win,10,ドラゴンヘッド,18.8,19.5,1.649,1.711,0.884,13,100,0.0,1,1,1
20260718,202603020711,S2,win,13,ミラビリスマジック,4.0,4.8,0.827,0.993,0.884,1,100,480.0,1,1,1
20260718,202603020711,V1,place,13,ミラビリスマジック,,,,,0.884,1,100,230.0,1,1,1
20260718,202603020711,V3,wide,13-16,ミラビリスマジック×フォルラニーニ,,,,,0.884,1/15,100,0.0,1,1,1
20260718,202603020711,V4,trifecta,13-16-5,,,,,,,,100,0.0,1,1,1
20260718,202603020711,V4,trifecta,13-5-16,,,,,,,,100,0.0,1,1,1
20260718,202603020711,V4,trifecta,16-13-5,,,,,,,,100,0.0,1,1,1
20260718,202603020711,V4,trifecta,5-13-16,,,,,,,,100,0.0,1,1,1
20260718,202603020711,V4,trifecta,13-16-10,,,,,,,,100,0.0,1,1,1
20260718,202603020711,V4,trifecta,13-10-16,,,,,,,,100,0.0,1,1,1
20260718,202603020711,V4,trifecta,13-16-6,,,,,,,,100,0.0,1,1,1
20260718,202603020711,V4,trifecta,13-5-10,,,,,,,,100,0.0,1,1,1
20260718,202603020711,V4,trifecta,13-6-16,,,,,,,,100,0.0,1,1,1
20260718,202603020711,V4,trifecta,13-10-5,,,,,,,,100,0.0,1,1,1
20260718,202603020712,S1,win,1,ブルーリヴァーサル,50.2,395.6,1.253,9.872,0.881,14,100,0.0,1,1,1
20260718,202603020712,S1,win,12,ベリーベリーベリー,38.9,75.2,1.873,3.621,0.881,9,100,0.0,1,1,1
20260718,202603020712,S1,win,14,エコロカディス,12.6,22.5,1.097,1.959,0.881,12,100,0.0,1,1,1
20260718,202603020712,S1C,win,1,ブルーリヴァーサル,50.2,395.6,1.253,9.872,0.881,14,100,0.0,1,1,1
20260718,202603020712,S1C,win,10,トリスティ,26.3,75.0,0.93,2.653,0.881,15,100,0.0,1,1,1
20260718,202603020712,S1C,win,12,ベリーベリーベリー,38.9,75.2,1.873,3.621,0.881,9,100,0.0,1,1,1
20260718,202603020712,S2,win,2,ソニックブレイカー,4.2,3.1,0.597,0.441,0.881,2,100,0.0,1,1,1
20260718,202603020712,V1,place,2,ソニックブレイカー,,,,,0.881,2,100,140.0,1,1,1
20260718,202603020712,V3,wide,2-13,ソニックブレイカー×ベルゼビュート,,,,,0.881,2/4,100,0.0,1,1,1
20260718,202610020702,S1,win,1,パーセンタイル,24.3,38.5,1.009,1.599,0.868,5,100,0.0,1,1,1
20260718,202610020702,S1,win,3,アイルエクラ,88.2,267.1,1.108,3.357,0.868,10,100,0.0,1,1,1
20260718,202610020702,S1,win,9,プリマアルバ,14.2,16.6,1.131,1.323,0.868,6,100,0.0,1,1,1
20260718,202610020702,S1C,win,1,パーセンタイル,24.3,38.5,1.009,1.599,0.868,5,100,0.0,1,1,1
20260718,202610020702,S1C,win,3,アイルエクラ,88.2,267.1,1.108,3.357,0.868,10,100,0.0,1,1,1
20260718,202610020702,S1C,win,8,スピークロウ,8.0,6.8,0.969,0.824,0.868,8,100,0.0,1,1,1
20260718,202610020702,S1C,win,9,プリマアルバ,14.2,16.6,1.131,1.323,0.868,6,100,0.0,1,1,1
20260718,202610020702,S2,win,5,ブレイクガール,1.8,1.6,0.751,0.668,0.868,2,100,0.0,1,1,1
20260718,202610020702,V1,place,5,ブレイクガール,,,,,0.868,2,100,110.0,1,1,1
20260718,202610020702,V2,place,5,ブレイクガール,,,,,0.868,2,100,110.0,1,1,1
20260718,202610020702,V3,wide,5-10,ブレイクガール×ニシノフランケン,,,,,0.868,2/1,100,180.0,1,1,1
20260718,202610020703,S1,win,14,メイワキラリ,7.3,5.0,1.14,0.781,0.847,3,100,0.0,1,1,1
20260718,202610020703,S1C,win,14,メイワキラリ,7.3,5.0,1.14,0.781,0.847,3,100,0.0,1,1,1
20260718,202610020703,S2,win,11,アルムアポジェ,2.9,2.9,0.709,0.709,0.847,9,100,0.0,1,1,1
20260718,202610020703,V1,place,11,アルムアポジェ,,,,,0.847,9,100,0.0,1,1,1
20260718,202610020703,V3,wide,2-11,サトノロザリー×アルムアポジェ,,,,,0.847,1/9,100,0.0,1,1,1
20260718,202610020705,S1,win,7,リヴィエラヴィル,12.8,28.4,1.002,2.223,0.547,6,100,0.0,1,1,1
20260718,202610020705,S2,win,1,ウインガラハッド,1.3,1.2,0.723,0.667,0.547,1,100,120.0,1,1,1
20260718,202610020705,V1,place,1,ウインガラハッド,,,,,0.547,1,100,110.0,1,1,1
20260718,202610020706,S2,win,12,キングズテイル,4.5,3.6,0.868,0.695,0.854,2,100,0.0,1,1,1
20260718,202610020706,V1,place,12,キングズテイル,,,,,0.854,2,100,150.0,1,1,1
20260718,202610020706,V3,wide,12-13,キングズテイル×ラクホマレ,,,,,0.854,2/11,100,0.0,1,1,1
20260718,202610020707,S1C,win,7,チヨ,9.3,9.1,0.968,0.947,0.879,8,100,0.0,1,1,1
20260718,202610020707,S2,win,6,ジリアート,2.9,6.3,0.667,1.449,0.879,9,100,0.0,1,1,1
20260718,202610020707,V1,place,6,ジリアート,,,,,0.879,9,100,0.0,1,1,1
20260718,202610020707,V3,wide,6-12,ジリアート×ネッカーズルム,,,,,0.879,9/3,100,0.0,1,1,1
20260718,202610020708,S1,win,3,フウセン,7.1,2.7,1.202,0.457,0.89,1,100,270.0,1,1,1
20260718,202610020708,S1,win,9,ゴールドアクセス,7.3,19.3,1.14,3.014,0.89,3,100,0.0,1,1,1
20260718,202610020708,S1C,win,3,フウセン,7.1,2.7,1.202,0.457,0.89,1,100,270.0,1,1,1
20260718,202610020708,S1C,win,9,ゴールドアクセス,7.3,19.3,1.14,3.014,0.89,3,100,0.0,1,1,1
20260718,202610020708,S2,win,4,ワンダフルボンド,4.5,3.7,0.771,0.634,0.89,4,100,0.0,1,1,1
20260718,202610020708,S3,win,3,フウセン,7.1,2.7,1.202,0.457,0.89,1,100,270.0,1,1,1
20260718,202610020708,V1,place,4,ワンダフルボンド,,,,,0.89,4,100,0.0,1,1,1
20260718,202610020708,V3,wide,4-10,ワンダフルボンド×パラディオン,,,,,0.89,4/6,100,0.0,1,1,1
20260718,202610020709,S1,win,1,バミューダボーイ,89.1,340.0,1.102,4.204,0.841,18,100,0.0,1,1,1
20260718,202610020709,S1,win,13,ニシノマティーニ,19.4,95.7,1.059,5.224,0.841,8,100,0.0,1,1,1
20260718,202610020709,S1C,win,1,バミューダボーイ,89.1,340.0,1.102,4.204,0.841,18,100,0.0,1,1,1
20260718,202610020709,S1C,win,8,タカヨシ,24.8,23.8,0.971,0.932,0.841,2,100,0.0,1,1,1
20260718,202610020709,S1C,win,10,タカモリ,17.6,13.5,0.993,0.761,0.841,3,100,0.0,1,1,1
20260718,202610020709,S2,win,16,カエリールークス,1.8,1.9,0.781,0.824,0.841,1,100,190.0,1,1,1
20260718,202610020709,V1,place,16,カエリールークス,,,,,0.841,1,100,120.0,1,1,1
20260718,202610020709,V2,place,16,カエリールークス,,,,,0.841,1,100,120.0,1,1,1
20260718,202610020709,V3,wide,3-16,リエーヴェ×カエリールークス,,,,,0.841,6/1,100,0.0,1,1,1
20260718,202610020710,S1,win,2,ワイドクリーガー,7.0,5.0,1.053,0.752,0.891,1,100,500.0,1,1,1
20260718,202610020710,S1C,win,2,ワイドクリーガー,7.0,5.0,1.053,0.752,0.891,1,100,500.0,1,1,1
20260718,202610020710,S2,win,1,コスモストーム,4.1,2.9,0.936,0.662,0.891,2,100,0.0,1,1,1
20260718,202610020710,V1,place,1,コスモストーム,,,,,0.891,2,100,140.0,1,1,1
20260718,202610020710,V3,wide,1-12,コスモストーム×タガノヘラクレス,,,,,0.891,2/6,100,0.0,1,1,1
20260718,202610020711,S1,win,3,アイルシャイン,17.8,17.7,1.011,1.006,0.882,2,100,0.0,1,1,1
20260718,202610020711,S1,win,4,ダークエクリプス,47.3,99.9,1.201,2.537,0.882,6,100,0.0,1,1,1
20260718,202610020711,S1,win,10,ベイビーキッス,11.8,9.3,1.054,0.83,0.882,3,100,0.0,1,1,1
20260718,202610020711,S1C,win,3,アイルシャイン,17.8,17.7,1.011,1.006,0.882,2,100,0.0,1,1,1
20260718,202610020711,S1C,win,4,ダークエクリプス,47.3,99.9,1.201,2.537,0.882,6,100,0.0,1,1,1
20260718,202610020711,S2,win,5,コウセキ,2.1,1.8,0.703,0.603,0.882,1,100,180.0,1,1,1
20260718,202610020711,V1,place,5,コウセキ,,,,,0.882,1,100,110.0,1,1,1
20260718,202610020711,V2,place,5,コウセキ,,,,,0.882,1,100,110.0,1,1,1
20260718,202610020711,V3,wide,1-5,ロードトレイル×コウセキ,,,,,0.882,5/1,100,0.0,1,1,1
20260718,202610020711,V4,trifecta,5-1-10,,,,,,,,100,0.0,1,1,1
20260718,202610020711,V4,trifecta,5-10-1,,,,,,,,100,0.0,1,1,1
20260718,202610020711,V4,trifecta,5-1-6,,,,,,,,100,0.0,1,1,1
20260718,202610020711,V4,trifecta,5-6-1,,,,,,,,100,0.0,1,1,1
20260718,202610020711,V4,trifecta,5-10-6,,,,,,,,100,0.0,1,1,1
20260718,202610020711,V4,trifecta,5-1-9,,,,,,,,100,0.0,1,1,1
20260718,202610020711,V4,trifecta,5-6-10,,,,,,,,100,0.0,1,1,1
20260718,202610020711,V4,trifecta,5-9-1,,,,,,,,100,0.0,1,1,1
20260718,202610020711,V4,trifecta,5-1-2,,,,,,,,100,0.0,1,1,1
20260718,202610020711,V4,trifecta,5-10-9,,,,,,,,100,0.0,1,1,1
20260718,202610020712,S1C,win,12,フリッシュ,20.6,28.0,0.923,1.255,0.904,11,100,0.0,1,1,1
20260718,202610020712,S2,win,5,バートラガッツ,1.5,1.6,0.788,0.841,0.904,1,100,160.0,1,1,1
20260718,202610020712,V1,place,5,バートラガッツ,,,,,0.904,1,100,110.0,1,1,1
20260718,202610020712,V2,place,5,バートラガッツ,,,,,0.904,1,100,110.0,1,1,1
20260718,202610020712,V3,wide,5-6,バートラガッツ×ジューンセクレタ,,,,,0.904,1/5,100,0.0,1,1,1
20260719,202602011201,S2,win,1,ステラトップガン,1.7,1.7,0.784,0.784,0.871,1,100,170.0,1,1,1
20260719,202602011201,V1,place,1,ステラトップガン,,,,,0.871,1,100,110.0,1,1,1
20260719,202602011201,V2,place,1,ステラトップガン,,,,,0.871,1,100,110.0,1,1,1
20260719,202602011201,V3,wide,1-8,ステラトップガン×キチロクタワー,,,,,0.871,1/4,100,0.0,1,1,1
20260719,202602011202,S1,win,7,ミスチヴマリアンヌ,12.8,12.8,1.082,1.082,0.866,1,100,1280.0,1,1,1
20260719,202602011202,S1C,win,6,ホワイトラバーズ,24.8,24.8,0.952,0.952,0.866,7,100,0.0,1,1,1
20260719,202602011202,S2,win,4,ジャーナーリア,2.1,2.1,0.705,0.705,0.866,2,100,0.0,1,1,1
20260719,202602011202,V1,place,4,ジャーナーリア,,,,,0.866,2,100,130.0,1,1,1
20260719,202602011202,V2,place,4,ジャーナーリア,,,,,0.866,2,100,130.0,1,1,1
20260719,202602011202,V3,wide,4-8,ジャーナーリア×エコロセレナ,,,,,0.866,2/4,100,0.0,1,1,1
20260719,202602011203,S2,win,13,ニシノモリミチ,3.7,3.7,0.725,0.725,0.872,11,100,0.0,1,1,1
20260719,202602011203,V1,place,13,ニシノモリミチ,,,,,0.872,11,100,0.0,1,1,1
20260719,202602011203,V3,wide,9-13,ブレイズランナー×ニシノモリミチ,,,,,0.872,1/11,100,0.0,1,1,1
20260719,202602011204,S1,win,6,ワダツミ,19.6,13.9,1.314,0.932,0.883,8,100,0.0,1,1,1
20260719,202602011204,S1,win,8,レイヌドプランタン,34.9,20.1,1.457,0.839,0.883,1,100,2010.0,1,1,1
20260719,202602011204,S1,win,9,コスモブラック,23.0,24.1,1.201,1.258,0.883,9,100,0.0,1,1,1
20260719,202602011204,S1,win,13,コティノス,14.4,15.5,1.115,1.2,0.883,13,100,0.0,1,1,1
20260719,202602011204,S1C,win,6,ワダツミ,19.6,13.9,1.314,0.932,0.883,8,100,0.0,1,1,1
20260719,202602011204,S1C,win,8,レイヌドプランタン,34.9,20.1,1.457,0.839,0.883,1,100,2010.0,1,1,1
20260719,202602011204,S1C,win,9,コスモブラック,23.0,24.1,1.201,1.258,0.883,9,100,0.0,1,1,1
20260719,202602011204,S2,win,7,ギオンバヤシ,2.2,2.8,0.71,0.904,0.883,4,100,0.0,1,1,1
20260719,202602011204,V1,place,7,ギオンバヤシ,,,,,0.883,4,100,0.0,1,1,1
20260719,202602011204,V2,place,7,ギオンバヤシ,,,,,0.883,4,100,0.0,1,1,1
20260719,202602011204,V3,wide,3-7,ウインカトリーヌ×ギオンバヤシ,,,,,0.883,2/4,100,0.0,1,1,1
20260719,202602011205,S1C,win,10,エコロヴァルド,21.5,19.5,0.963,0.874,0.547,13,100,0.0,1,1,1
20260719,202602011205,S2,win,8,エコロルーク,5.1,4.9,0.874,0.839,0.547,14,100,0.0,1,1,1
20260719,202602011205,V1,place,8,エコロルーク,,,,,0.547,14,100,0.0,1,1,1
20260719,202602011206,S1,win,14,トゥルージョワ,6.7,30.0,1.146,5.131,0.851,14,100,0.0,1,1,1
20260719,202602011206,S1C,win,14,トゥルージョワ,6.7,30.0,1.146,5.131,0.851,14,100,0.0,1,1,1
20260719,202602011206,S2,win,1,コスモファーブロス,6.8,3.4,0.723,0.361,0.851,1,100,340.0,1,1,1
20260719,202602011206,V1,place,1,コスモファーブロス,,,,,0.851,1,100,150.0,1,1,1
20260719,202602011206,V3,wide,1-14,コスモファーブロス×トゥルージョワ,,,,,0.851,1/14,100,0.0,1,1,1
20260719,202602011207,S1,win,9,ミリオンアップ,24.2,38.5,1.269,2.019,0.879,4,100,0.0,1,1,1
20260719,202602011207,S1,win,12,リピース,7.4,8.9,1.1,1.323,0.879,10,100,0.0,1,1,1
20260719,202602011207,S1C,win,9,ミリオンアップ,24.2,38.5,1.269,2.019,0.879,4,100,0.0,1,1,1
20260719,202602011207,S1C,win,12,リピース,7.4,8.9,1.1,1.323,0.879,10,100,0.0,1,1,1
20260719,202602011207,S2,win,14,ヴァレンティーニ,2.9,4.4,0.697,1.057,0.879,5,100,0.0,1,1,1
20260719,202602011207,V1,place,14,ヴァレンティーニ,,,,,0.879,5,100,0.0,1,1,1
20260719,202602011207,V3,wide,4-14,プリンセスアツコ×ヴァレンティーニ,,,,,0.879,1/5,100,0.0,1,1,1
20260719,202602011208,S1,win,9,メイショウハッブル,12.2,24.1,1.11,2.193,0.883,7,100,0.0,1,1,1
20260719,202602011208,S1,win,10,タイセイモノリス,20.1,23.4,1.189,1.384,0.883,10,100,0.0,1,1,1
20260719,202602011208,S1C,win,9,メイショウハッブル,12.2,24.1,1.11,2.193,0.883,7,100,0.0,1,1,1
20260719,202602011208,S1C,win,10,タイセイモノリス,20.1,23.4,1.189,1.384,0.883,10,100,0.0,1,1,1
20260719,202602011208,S2,win,3,イングラム,2.8,2.4,0.727,0.624,0.883,5,100,0.0,1,1,1
20260719,202602011208,V1,place,3,イングラム,,,,,0.883,5,100,0.0,1,1,1
20260719,202602011208,V2,place,3,イングラム,,,,,0.883,5,100,0.0,1,1,1
20260719,202602011208,V3,wide,3-6,イングラム×キャンドルマス,,,,,0.883,5/9,100,0.0,1,1,1
20260719,202602011209,S1,win,1,レーヴドロペラ,17.7,18.9,1.041,1.112,0.889,4,100,0.0,1,1,1
20260719,202602011209,S1,win,6,ロートホルン,7.7,11.7,1.483,2.253,0.889,3,100,0.0,1,1,1
20260719,202602011209,S1C,win,1,レーヴドロペラ,17.7,18.9,1.041,1.112,0.889,4,100,0.0,1,1,1
20260719,202602011209,S1C,win,6,ロートホルン,7.7,11.7,1.483,2.253,0.889,3,100,0.0,1,1,1
20260719,202602011209,S2,win,9,モンローウォーク,1.6,1.5,0.676,0.633,0.889,1,100,150.0,1,1,1
20260719,202602011209,S3,win,6,ロートホルン,7.7,11.7,1.483,2.253,0.889,3,100,0.0,1,1,1
20260719,202602011209,S5C,win,6,ロートホルン,7.7,11.7,1.483,2.253,0.889,3,100,0.0,1,1,1
20260719,202602011209,V1,place,9,モンローウォーク,,,,,0.889,1,100,110.0,1,1,1
20260719,202602011209,V2,place,9,モンローウォーク,,,,,0.889,1,100,110.0,1,1,1
20260719,202602011209,V3,wide,2-9,マイスターヴェルク×モンローウォーク,,,,,0.889,5/1,100,0.0,1,1,1
20260719,202602011210,S1,win,1,ウインシャーガス,7.5,6.0,1.473,1.178,0.892,6,100,0.0,1,1,1
20260719,202602011210,S1,win,3,テルアスワッド,35.5,52.7,1.056,1.568,0.892,12,100,0.0,1,1,1
20260719,202602011210,S1,win,11,メイショウタイピン,25.5,29.0,1.349,1.534,0.892,7,100,0.0,1,1,1
20260719,202602011210,S1,win,13,フォーワンセルフ,124.7,354.3,1.037,2.948,0.892,10,100,0.0,1,1,1
20260719,202602011210,S1C,win,1,ウインシャーガス,7.5,6.0,1.473,1.178,0.892,6,100,0.0,1,1,1
20260719,202602011210,S1C,win,3,テルアスワッド,35.5,52.7,1.056,1.568,0.892,12,100,0.0,1,1,1
20260719,202602011210,S1C,win,8,マーウォルス,38.6,76.4,0.922,1.826,0.892,5,100,0.0,1,1,1
20260719,202602011210,S1C,win,11,メイショウタイピン,25.5,29.0,1.349,1.534,0.892,7,100,0.0,1,1,1
20260719,202602011210,S1C,win,13,フォーワンセルフ,124.7,354.3,1.037,2.948,0.892,10,100,0.0,1,1,1
20260719,202602011210,S2,win,12,タガノエルー,2.0,1.9,0.636,0.604,0.892,2,100,0.0,1,1,1
20260719,202602011210,S3,win,1,ウインシャーガス,7.5,6.0,1.473,1.178,0.892,6,100,0.0,1,1,1
20260719,202602011210,S5C,win,1,ウインシャーガス,7.5,6.0,1.473,1.178,0.892,6,100,0.0,1,1,1
20260719,202602011210,V1,place,12,タガノエルー,,,,,0.892,2,100,120.0,1,1,1
20260719,202602011210,V2,place,12,タガノエルー,,,,,0.892,2,100,120.0,1,1,1
20260719,202602011210,V3,wide,9-12,シーズザスローン×タガノエルー,,,,,0.892,1/2,100,210.0,1,1,1
20260719,202602011211,S1,win,4,アルテクィーン,22.1,26.7,1.154,1.395,0.87,8,100,0.0,1,1,1
20260719,202602011211,S1,win,5,フェリチタ,28.4,23.6,1.067,0.887,0.87,1,100,2360.0,1,1,1
20260719,202602011211,S1C,win,4,アルテクィーン,22.1,26.7,1.154,1.395,0.87,8,100,0.0,1,1,1
20260719,202602011211,S1C,win,5,フェリチタ,28.4,23.6,1.067,0.887,0.87,1,100,2360.0,1,1,1
20260719,202602011211,S1C,win,8,クロリス,39.1,52.0,0.996,1.324,0.87,11,100,0.0,1,1,1
20260719,202602011211,S2,win,9,イモージェン,3.9,3.9,0.868,0.868,0.87,2,100,0.0,1,1,1
20260719,202602011211,V1,place,9,イモージェン,,,,,0.87,2,100,170.0,1,1,1
20260719,202602011211,V3,wide,9-11,イモージェン×シグレ,,,,,0.87,2/5,100,0.0,1,1,1
20260719,202602011211,V4,trifecta,9-11-13,,,,,,,,100,0.0,1,1,1
20260719,202602011211,V4,trifecta,11-9-13,,,,,,,,100,0.0,1,1,1
20260719,202602011211,V4,trifecta,9-13-11,,,,,,,,100,0.0,1,1,1
20260719,202602011211,V4,trifecta,11-13-9,,,,,,,,100,0.0,1,1,1
20260719,202602011211,V4,trifecta,13-9-11,,,,,,,,100,0.0,1,1,1
20260719,202602011211,V4,trifecta,13-11-9,,,,,,,,100,0.0,1,1,1
20260719,202602011211,V4,trifecta,9-11-3,,,,,,,,100,0.0,1,1,1
20260719,202602011211,V4,trifecta,11-9-3,,,,,,,,100,0.0,1,1,1
20260719,202602011211,V4,trifecta,9-11-12,,,,,,,,100,0.0,1,1,1
20260719,202602011211,V4,trifecta,11-9-12,,,,,,,,100,0.0,1,1,1
20260719,202602011212,S1,win,8,ロードヴェルテクス,34.8,62.4,1.092,1.958,0.867,8,100,0.0,1,1,1
20260719,202602011212,S1,win,10,マイオウンウェイ,46.8,186.3,1.396,5.557,0.867,11,100,0.0,1,1,1
20260719,202602011212,S1,win,12,ソードマスター,13.4,13.6,1.228,1.247,0.867,14,100,0.0,1,1,1
20260719,202602011212,S1,win,14,ルクスアドラー,23.4,33.0,1.304,1.839,0.867,10,100,0.0,1,1,1
20260719,202602011212,S1C,win,8,ロードヴェルテクス,34.8,62.4,1.092,1.958,0.867,8,100,0.0,1,1,1
20260719,202602011212,S1C,win,10,マイオウンウェイ,46.8,186.3,1.396,5.557,0.867,11,100,0.0,1,1,1
20260719,202602011212,S1C,win,12,ソードマスター,13.4,13.6,1.228,1.247,0.867,14,100,0.0,1,1,1
20260719,202602011212,S1C,win,14,ルクスアドラー,23.4,33.0,1.304,1.839,0.867,10,100,0.0,1,1,1
20260719,202602011212,S2,win,4,ホウオウヘッセン,2.6,3.3,0.655,0.832,0.867,1,100,330.0,1,1,1
20260719,202602011212,V1,place,4,ホウオウヘッセン,,,,,0.867,1,100,170.0,1,1,1
20260719,202602011212,V2,place,4,ホウオウヘッセン,,,,,0.867,1,100,170.0,1,1,1
20260719,202602011212,V3,wide,4-5,ホウオウヘッセン×ロードクラシコ,,,,,0.867,1/7,100,0.0,1,1,1
20260719,202603020801,S1,win,9,レオライジング,178.7,178.7,1.366,1.366,0.869,7,100,0.0,1,1,1
20260719,202603020801,S1C,win,9,レオライジング,178.7,178.7,1.366,1.366,0.869,7,100,0.0,1,1,1
20260719,202603020801,S2,win,1,ムーンベリル,1.1,1.1,0.76,0.76,0.869,1,100,110.0,1,1,1
20260719,202603020801,V1,place,1,ムーンベリル,,,,,0.869,1,100,110.0,1,1,1
20260719,202603020801,V2,place,1,ムーンベリル,,,,,0.869,1,100,110.0,1,1,1
20260719,202603020801,V3,wide,1-10,ムーンベリル×ユイノキャッツアイ,,,,,0.869,1/3,100,150.0,1,1,1
20260719,202603020802,S1,win,8,サトノスターライト,7.3,7.3,1.013,1.013,0.873,8,100,0.0,1,1,1
20260719,202603020802,S1C,win,11,ジャストマイウェイ,24.0,24.0,0.935,0.935,0.873,13,100,0.0,1,1,1
20260719,202603020802,S2,win,16,クレアノア,3.4,3.4,0.804,0.804,0.873,1,100,340.0,1,1,1
20260719,202603020802,V1,place,16,クレアノア,,,,,0.873,1,100,170.0,1,1,1
20260719,202603020802,V3,wide,14-16,ピースフルマインド×クレアノア,,,,,0.873,10/1,100,0.0,1,1,1
20260719,202603020803,S1,win,15,ボールドフロント,442.3,442.3,5.79,5.79,0.884,15,100,0.0,1,1,1
20260719,202603020803,S1C,win,5,ルージュラベル,140.4,140.4,0.837,0.837,0.884,10,100,0.0,1,1,1
20260719,202603020803,S1C,win,9,シルバーゴールド,22.5,22.5,0.967,0.967,0.884,11,100,0.0,1,1,1
20260719,202603020803,S1C,win,13,ベルランコントル,19.2,19.2,0.993,0.993,0.884,2,100,0.0,1,1,1
20260719,202603020803,S1C,win,15,ボールドフロント,442.3,442.3,5.79,5.79,0.884,15,100,0.0,1,1,1
20260719,202603020803,S2,win,8,ペプチドドリーム,1.9,1.9,0.791,0.791,0.884,1,100,190.0,1,1,1
20260719,202603020803,V1,place,8,ペプチドドリーム,,,,,0.884,1,100,130.0,1,1,1
20260719,202603020803,V2,place,8,ペプチドドリーム,,,,,0.884,1,100,130.0,1,1,1
20260719,202603020803,V3,wide,8-14,ペプチドドリーム×シャルムグリーン,,,,,0.884,1/5,100,0.0,1,1,1
20260719,202603020804,S1,win,7,ペタルズダンス,6.5,8.1,1.546,1.927,0.839,7,100,0.0,1,1,1
20260719,202603020804,S1C,win,7,ペタルズダンス,6.5,8.1,1.546,1.927,0.839,7,100,0.0,1,1,1
20260719,202603020804,S2,win,3,フェスティヴハート,3.2,3.2,0.578,0.578,0.839,9,100,0.0,1,1,1
20260719,202603020804,S3,win,7,ペタルズダンス,6.5,8.1,1.546,1.927,0.839,7,100,0.0,1,1,1
20260719,202603020804,S5C,win,7,ペタルズダンス,6.5,8.1,1.546,1.927,0.839,7,100,0.0,1,1,1
20260719,202603020804,V1,place,3,フェスティヴハート,,,,,0.839,9,100,0.0,1,1,1
20260719,202603020804,V3,wide,3-9,フェスティヴハート×ユニバーサルラヴ,,,,,0.839,9/3,100,0.0,1,1,1
20260719,202603020805,S2,win,4,グランオギュール,2.2,1.7,0.806,0.623,0.544,1,100,170.0,1,1,1
20260719,202603020805,V1,place,4,グランオギュール,,,,,0.544,1,100,110.0,1,1,1
20260719,202603020806,S1,win,15,コスモルトチェコ,30.9,117.2,1.052,3.991,0.537,6,100,0.0,1,1,1
20260719,202603020806,S1C,win,15,コスモルトチェコ,30.9,117.2,1.052,3.991,0.537,6,100,0.0,1,1,1
20260719,202603020806,S2,win,14,チャランダマルツ,2.2,2.7,0.844,1.036,0.537,1,100,270.0,1,1,1
20260719,202603020806,V1,place,14,チャランダマルツ,,,,,0.537,1,100,150.0,1,1,1
20260719,202603020807,S1,win,9,ファナティカル,16.5,15.1,1.42,1.299,0.818,7,100,0.0,1,1,1
20260719,202603020807,S1,win,15,テキサスバローズ,14.7,24.4,1.18,1.959,0.818,11,100,0.0,1,1,1
20260719,202603020807,S1C,win,9,ファナティカル,16.5,15.1,1.42,1.299,0.818,7,100,0.0,1,1,1
20260719,202603020807,S1C,win,15,テキサスバローズ,14.7,24.4,1.18,1.959,0.818,11,100,0.0,1,1,1
20260719,202603020807,S2,win,3,チェイサー,3.3,2.7,0.767,0.628,0.818,1,100,270.0,1,1,1
20260719,202603020807,V1,place,3,チェイサー,,,,,0.818,1,100,150.0,1,1,1
20260719,202603020807,V3,wide,3-4,チェイサー×イントゥザウインド,,,,,0.818,1/13,100,0.0,1,1,1
20260719,202603020808,S1,win,4,ジャグアール,33.3,39.8,1.008,1.204,0.888,13,100,0.0,1,1,1
20260719,202603020808,S1,win,6,ミッドセンチュリー,24.1,47.6,1.245,2.46,0.888,3,100,0.0,1,1,1
20260719,202603020808,S1C,win,4,ジャグアール,33.3,39.8,1.008,1.204,0.888,13,100,0.0,1,1,1
20260719,202603020808,S1C,win,6,ミッドセンチュリー,24.1,47.6,1.245,2.46,0.888,3,100,0.0,1,1,1
20260719,202603020808,S1C,win,16,コスモアチーブ,23.0,37.2,0.902,1.458,0.888,8,100,0.0,1,1,1
20260719,202603020808,S2,win,8,アメテュストス,4.9,3.3,0.844,0.569,0.888,11,100,0.0,1,1,1
20260719,202603020808,V1,place,8,アメテュストス,,,,,0.888,11,100,0.0,1,1,1
20260719,202603020808,V3,wide,2-8,ロスパレドネス×アメテュストス,,,,,0.888,12/11,100,0.0,1,1,1
20260719,202603020809,S1,win,8,セイウンデセオ,20.8,19.7,1.195,1.131,0.901,2,100,0.0,1,1,1
20260719,202603020809,S1C,win,8,セイウンデセオ,20.8,19.7,1.195,1.131,0.901,2,100,0.0,1,1,1
20260719,202603020809,S2,win,1,ガラベイヤ,4.4,5.1,0.723,0.838,0.901,3,100,0.0,1,1,1
20260719,202603020809,V1,place,1,ガラベイヤ,,,,,0.901,3,100,190.0,1,1,1
20260719,202603020809,V3,wide,1-3,ガラベイヤ×ヴァンヴィーヴ,,,,,0.901,3/6,100,0.0,1,1,1
20260719,202603020810,S1,win,1,ジェットブレード,16.5,23.7,1.219,1.751,0.891,10,100,0.0,1,1,1
20260719,202603020810,S1,win,3,ビッグデイメイク,136.5,387.7,1.127,3.201,0.891,7,100,0.0,1,1,1
20260719,202603020810,S1,win,10,クラヴァンス,5.9,4.5,1.016,0.775,0.891,4,100,0.0,1,1,1
20260719,202603020810,S1C,win,1,ジェットブレード,16.5,23.7,1.219,1.751,0.891,10,100,0.0,1,1,1
20260719,202603020810,S1C,win,3,ビッグデイメイク,136.5,387.7,1.127,3.201,0.891,7,100,0.0,1,1,1
20260719,202603020810,S1C,win,10,クラヴァンス,5.9,4.5,1.016,0.775,0.891,4,100,0.0,1,1,1
20260719,202603020810,S2,win,4,アロンズロッド,2.3,2.8,0.791,0.964,0.891,2,100,0.0,1,1,1
20260719,202603020810,V1,place,4,アロンズロッド,,,,,0.891,2,100,120.0,1,1,1
20260719,202603020810,V2,place,4,アロンズロッド,,,,,0.891,2,100,120.0,1,1,1
20260719,202603020810,V3,wide,4-7,アロンズロッド×ルールーリマ,,,,,0.891,2/1,100,220.0,1,1,1
20260719,202603020811,S1,win,8,マニバドラ,7.4,7.2,1.385,1.347,0.892,16,100,0.0,1,1,1
20260719,202603020811,S1,win,9,ジャスパーゴールド,85.0,158.1,1.644,3.058,0.892,13,100,0.0,1,1,1
20260719,202603020811,S1,win,10,ゲッティヴィラ,55.8,82.9,1.23,1.827,0.892,6,100,0.0,1,1,1
20260719,202603020811,S1,win,12,グッジョブ,27.9,48.5,1.09,1.895,0.892,10,100,0.0,1,1,1
20260719,202603020811,S1C,win,8,マニバドラ,7.4,7.2,1.385,1.347,0.892,16,100,0.0,1,1,1
20260719,202603020811,S1C,win,9,ジャスパーゴールド,85.0,158.1,1.644,3.058,0.892,13,100,0.0,1,1,1
20260719,202603020811,S1C,win,12,グッジョブ,27.9,48.5,1.09,1.895,0.892,10,100,0.0,1,1,1
20260719,202603020811,S1C,win,16,ルディック,22.9,28.0,0.992,1.213,0.892,11,100,0.0,1,1,1
20260719,202603020811,S2,win,13,ユキマル,4.7,4.9,0.767,0.799,0.892,5,100,0.0,1,1,1
20260719,202603020811,S3,win,8,マニバドラ,7.4,7.2,1.385,1.347,0.892,16,100,0.0,1,1,1
20260719,202603020811,S5C,win,8,マニバドラ,7.4,7.2,1.385,1.347,0.892,16,100,0.0,1,1,1
20260719,202603020811,V1,place,13,ユキマル,,,,,0.892,5,100,0.0,1,1,1
20260719,202603020811,V3,wide,8-13,マニバドラ×ユキマル,,,,,0.892,16/5,100,0.0,1,1,1
20260719,202603020811,V4,trifecta,8-13-5,,,,,,,,100,0.0,1,1,1
20260719,202603020811,V4,trifecta,13-8-5,,,,,,,,100,0.0,1,1,1
20260719,202603020811,V4,trifecta,8-5-13,,,,,,,,100,0.0,1,1,1
20260719,202603020811,V4,trifecta,13-5-8,,,,,,,,100,0.0,1,1,1
20260719,202603020811,V4,trifecta,5-8-13,,,,,,,,100,0.0,1,1,1
20260719,202603020811,V4,trifecta,5-13-8,,,,,,,,100,0.0,1,1,1
20260719,202603020811,V4,trifecta,8-13-7,,,,,,,,100,0.0,1,1,1
20260719,202603020811,V4,trifecta,13-8-7,,,,,,,,100,0.0,1,1,1
20260719,202603020811,V4,trifecta,8-7-13,,,,,,,,100,0.0,1,1,1
20260719,202603020811,V4,trifecta,13-7-8,,,,,,,,100,0.0,1,1,1
20260719,202603020812,S1,win,15,ヘルヴェティオス,6.0,6.6,1.098,1.207,0.88,5,100,0.0,1,1,1
20260719,202603020812,S1C,win,15,ヘルヴェティオス,6.0,6.6,1.098,1.207,0.88,5,100,0.0,1,1,1
20260719,202603020812,S2,win,15,ヘルヴェティオス,6.0,6.6,1.098,1.207,0.88,5,100,0.0,1,1,1
20260719,202603020812,V1,place,15,ヘルヴェティオス,,,,,0.88,5,100,0.0,1,1,1
20260719,202603020812,V3,wide,11-15,エアトベーレ×ヘルヴェティオス,,,,,0.88,1/5,100,0.0,1,1,1
20260719,202610020802,S1,win,10,クリノゴージャス,413.8,413.8,3.188,3.188,0.872,18,100,0.0,1,1,1
20260719,202610020802,S1,win,15,タマモマリアージュ,196.5,196.5,2.598,2.598,0.872,8,100,0.0,1,1,1
20260719,202610020802,S1,win,17,ドゥボヌール,40.7,40.7,1.106,1.106,0.872,11,100,0.0,1,1,1
20260719,202610020802,S1C,win,10,クリノゴージャス,413.8,413.8,3.188,3.188,0.872,18,100,0.0,1,1,1
20260719,202610020802,S1C,win,15,タマモマリアージュ,196.5,196.5,2.598,2.598,0.872,8,100,0.0,1,1,1
20260719,202610020802,S1C,win,17,ドゥボヌール,40.7,40.7,1.106,1.106,0.872,11,100,0.0,1,1,1
20260719,202610020802,S2,win,6,カルロット,1.8,1.8,0.724,0.724,0.872,6,100,0.0,1,1,1
20260719,202610020802,V1,place,6,カルロット,,,,,0.872,6,100,0.0,1,1,1
20260719,202610020802,V2,place,6,カルロット,,,,,0.872,6,100,0.0,1,1,1
20260719,202610020802,V3,wide,2-6,ハクサンテドリガワ×カルロット,,,,,0.872,1/6,100,0.0,1,1,1
20260719,202610020803,S1,win,6,メイショウメゴヒメ,4.4,4.4,1.018,1.018,0.884,3,100,0.0,1,1,1
20260719,202610020803,S1,win,10,クレスコフェーヴ,132.1,132.1,1.231,1.231,0.884,8,100,0.0,1,1,1
20260719,202610020803,S1,win,16,エイシンキタールン,27.9,27.9,1.477,1.477,0.884,11,100,0.0,1,1,1
20260719,202610020803,S1C,win,10,クレスコフェーヴ,132.1,132.1,1.231,1.231,0.884,8,100,0.0,1,1,1
20260719,202610020803,S1C,win,16,エイシンキタールン,27.9,27.9,1.477,1.477,0.884,11,100,0.0,1,1,1
20260719,202610020803,S2,win,7,ヤマニンエルファバ,2.7,2.7,0.71,0.71,0.884,5,100,0.0,1,1,1
20260719,202610020803,V1,place,7,ヤマニンエルファバ,,,,,0.884,5,100,0.0,1,1,1
20260719,202610020803,V2,place,7,ヤマニンエルファバ,,,,,0.884,5,100,0.0,1,1,1
20260719,202610020803,V3,wide,6-7,メイショウメゴヒメ×ヤマニンエルファバ,,,,,0.884,3/5,100,0.0,1,1,1
20260719,202610020804,S1,win,4,レイワノキセキ,56.9,69.6,1.042,1.275,0.85,10,100,0.0,1,1,1
20260719,202610020804,S1,win,10,デルマタイセツ,135.7,194.8,1.188,1.705,0.85,12,100,0.0,1,1,1
20260719,202610020804,S1C,win,8,ダンツウルス,3.8,3.5,0.987,0.909,0.85,1,100,350.0,1,1,1
20260719,202610020804,S1C,win,10,デルマタイセツ,135.7,194.8,1.188,1.705,0.85,12,100,0.0,1,1,1
20260719,202610020804,S2,win,11,アラムシャピラス,1.8,1.8,0.737,0.737,0.85,3,100,0.0,1,1,1
20260719,202610020804,V1,place,11,アラムシャピラス,,,,,0.85,3,100,110.0,1,1,1
20260719,202610020804,V2,place,11,アラムシャピラス,,,,,0.85,3,100,110.0,1,1,1
20260719,202610020804,V3,wide,8-11,ダンツウルス×アラムシャピラス,,,,,0.85,1/3,100,170.0,1,1,1
20260719,202610020805,S2,win,2,ツーハーツ,1.7,2.1,0.801,0.989,0.56,7,100,0.0,1,1,1
20260719,202610020805,V1,place,2,ツーハーツ,,,,,0.56,7,100,0.0,1,1,1
20260719,202610020806,S1,win,6,リリーサンダー,7.9,7.3,1.004,0.928,0.852,2,100,0.0,1,1,1
20260719,202610020806,S1,win,7,テーオーレックス,53.4,209.5,1.198,4.702,0.852,14,100,0.0,1,1,1
20260719,202610020806,S1,win,11,レッドフレーザー,17.8,32.1,1.169,2.108,0.852,3,100,0.0,1,1,1
20260719,202610020806,S1C,win,7,テーオーレックス,53.4,209.5,1.198,4.702,0.852,14,100,0.0,1,1,1
20260719,202610020806,S1C,win,11,レッドフレーザー,17.8,32.1,1.169,2.108,0.852,3,100,0.0,1,1,1
20260719,202610020806,S1C,win,14,サカトクフェイス,39.6,94.3,0.954,2.273,0.852,10,100,0.0,1,1,1
20260719,202610020806,S2,win,8,ウルトラハート,4.3,3.2,0.594,0.442,0.852,13,100,0.0,1,1,1
20260719,202610020806,V1,place,8,ウルトラハート,,,,,0.852,13,100,0.0,1,1,1
20260719,202610020806,V3,wide,8-13,ウルトラハート×コズミックフレア,,,,,0.852,13/1,100,0.0,1,1,1
20260719,202610020807,S1,win,10,ダイアナクイーン,12.1,6.2,1.151,0.59,0.899,2,100,0.0,1,1,1
20260719,202610020807,S1,win,16,バーケンティン,38.8,67.0,1.207,2.084,0.899,15,100,0.0,1,1,1
20260719,202610020807,S1,win,17,イリスアスール,30.0,48.6,1.046,1.694,0.899,14,100,0.0,1,1,1
20260719,202610020807,S1C,win,10,ダイアナクイーン,12.1,6.2,1.151,0.59,0.899,2,100,0.0,1,1,1
20260719,202610020807,S1C,win,16,バーケンティン,38.8,67.0,1.207,2.084,0.899,15,100,0.0,1,1,1
20260719,202610020807,S1C,win,17,イリスアスール,30.0,48.6,1.046,1.694,0.899,14,100,0.0,1,1,1
20260719,202610020807,S2,win,2,ウェルカムソング,3.5,5.9,0.841,1.418,0.899,4,100,0.0,1,1,1
20260719,202610020807,V1,place,2,ウェルカムソング,,,,,0.899,4,100,0.0,1,1,1
20260719,202610020807,V3,wide,1-2,ピアストイヤーズ×ウェルカムソング,,,,,0.899,1/4,100,0.0,1,1,1
20260719,202610020808,S2,win,9,ドラムメジャー,4.2,4.7,0.687,0.768,0.882,14,100,0.0,1,1,1
20260719,202610020808,V1,place,9,ドラムメジャー,,,,,0.882,14,100,0.0,1,1,1
20260719,202610020808,V3,wide,1-9,アイカンアズーラ×ドラムメジャー,,,,,0.882,4/14,100,0.0,1,1,1
20260719,202610020809,S2,win,3,タンテドヴィーヴル,2.1,1.6,0.792,0.604,0.897,2,100,0.0,1,1,1
20260719,202610020809,V1,place,3,タンテドヴィーヴル,,,,,0.897,2,100,110.0,1,1,1
20260719,202610020809,V2,place,3,タンテドヴィーヴル,,,,,0.897,2,100,110.0,1,1,1
20260719,202610020809,V3,wide,3-4,タンテドヴィーヴル×モアニ,,,,,0.897,2/7,100,0.0,1,1,1
20260719,202610020810,S1,win,2,メイショウシナノ,25.8,23.2,1.068,0.96,0.888,4,100,0.0,1,1,1
20260719,202610020810,S1,win,6,カミノレアル,9.3,11.5,1.078,1.333,0.888,11,100,0.0,1,1,1
20260719,202610020810,S1,win,15,インザモーメント,22.9,33.4,1.192,1.739,0.888,6,100,0.0,1,1,1
20260719,202610020810,S1C,win,2,メイショウシナノ,25.8,23.2,1.068,0.96,0.888,4,100,0.0,1,1,1
20260719,202610020810,S1C,win,6,カミノレアル,9.3,11.5,1.078,1.333,0.888,11,100,0.0,1,1,1
20260719,202610020810,S1C,win,15,インザモーメント,22.9,33.4,1.192,1.739,0.888,6,100,0.0,1,1,1
20260719,202610020810,S2,win,14,カルパ,5.5,8.8,0.67,1.073,0.888,9,100,0.0,1,1,1
20260719,202610020810,V1,place,14,カルパ,,,,,0.888,9,100,0.0,1,1,1
20260719,202610020810,V3,wide,1-14,ジューンエオス×カルパ,,,,,0.888,2/9,100,0.0,1,1,1
20260719,202610020811,S1,win,7,トータルクラリティ,156.8,265.0,2.987,5.049,0.87,7,100,0.0,1,1,1
20260719,202610020811,S1,win,10,マイネルメモリー,33.9,47.5,1.231,1.724,0.87,10,100,0.0,1,1,1
20260719,202610020811,S1,win,15,テーオーソラネル,201.6,308.8,2.272,3.48,0.87,17,100,0.0,1,1,1
20260719,202610020811,S1,win,16,ノーランサンライズ,19.1,29.1,1.02,1.555,0.87,16,100,0.0,1,1,1
20260719,202610020811,S1C,win,7,トータルクラリティ,156.8,265.0,2.987,5.049,0.87,7,100,0.0,1,1,1
20260719,202610020811,S1C,win,10,マイネルメモリー,33.9,47.5,1.231,1.724,0.87,10,100,0.0,1,1,1
20260719,202610020811,S1C,win,15,テーオーソラネル,201.6,308.8,2.272,3.48,0.87,17,100,0.0,1,1,1
20260719,202610020811,S2,win,17,ジョバンニ,3.3,2.6,0.719,0.567,0.87,2,100,0.0,1,1,1
20260719,202610020811,V1,place,17,ジョバンニ,,,,,0.87,2,100,150.0,1,1,1
20260719,202610020811,V3,wide,6-17,ガイアメンテ×ジョバンニ,,,,,0.87,4/2,100,0.0,1,1,1
20260719,202610020811,V4,trifecta,17-6-2,,,,,,,,100,0.0,1,1,1
20260719,202610020811,V4,trifecta,17-6-9,,,,,,,,100,0.0,1,1,1
20260719,202610020811,V4,trifecta,17-2-6,,,,,,,,100,0.0,1,1,1
20260719,202610020811,V4,trifecta,17-9-6,,,,,,,,100,0.0,1,1,1
20260719,202610020811,V4,trifecta,6-17-2,,,,,,,,100,0.0,1,1,1
20260719,202610020811,V4,trifecta,6-17-9,,,,,,,,100,0.0,1,1,1
20260719,202610020811,V4,trifecta,2-17-6,,,,,,,,100,0.0,1,1,1
20260719,202610020811,V4,trifecta,9-17-6,,,,,,,,100,0.0,1,1,1
20260719,202610020811,V4,trifecta,6-2-17,,,,,,,,100,0.0,1,1,1
20260719,202610020811,V4,trifecta,17-2-9,,,,,,,,100,0.0,1,1,1
20260719,202610020812,S1,win,1,アウローラシエル,17.1,36.8,1.814,3.905,0.881,6,100,0.0,1,1,1
20260719,202610020812,S1C,win,1,アウローラシエル,17.1,36.8,1.814,3.905,0.881,6,100,0.0,1,1,1
20260719,202610020812,S2,win,7,ミッキージャンプ,2.0,2.2,0.755,0.831,0.881,1,100,220.00000000000003,1,1,1
20260719,202610020812,S3,win,1,アウローラシエル,17.1,36.8,1.814,3.905,0.881,6,100,0.0,1,1,1
20260719,202610020812,S5C,win,1,アウローラシエル,17.1,36.8,1.814,3.905,0.881,6,100,0.0,1,1,1
20260719,202610020812,V1,place,7,ミッキージャンプ,,,,,0.881,1,100,110.0,1,1,1
20260719,202610020812,V2,place,7,ミッキージャンプ,,,,,0.881,1,100,110.0,1,1,1
20260719,202610020812,V3,wide,4-7,ロングトールサリー×ミッキージャンプ,,,,,0.881,3/1,100,170.0,1,1,1
20260725,202601010101,S1,win,6,ロングフルスペック,15.2,12.6,1.021,0.846,0.879,4,100,0.0,1,0,1
20260725,202601010101,S1C,win,6,ロングフルスペック,15.2,12.6,1.021,0.846,0.879,4,100,0.0,1,1,1
20260725,202601010101,S2,win,3,カッサンドラ,1.8,2.3,0.728,0.93,0.879,3,100,0.0,1,0,1
20260725,202601010101,V1,place,3,カッサンドラ,,,,,0.879,3,100,110.0,1,0,1
20260725,202601010101,V2,place,3,カッサンドラ,,,,,0.879,3,100,110.0,1,0,1
20260725,202601010101,V3,wide,3-7,カッサンドラ×カレンココナ,,,,,0.879,3/1,100,210.0,1,0,1
20260725,202601010102,S2,win,2,ヴィヴィアンリーチ,2.8,3.7,0.912,1.206,0.879,6,100,0.0,1,0,1
20260725,202601010102,V1,place,2,ヴィヴィアンリーチ,,,,,0.879,6,100,0.0,1,0,1
20260725,202601010102,V2,place,2,ヴィヴィアンリーチ,,,,,0.879,6,100,0.0,1,0,1
20260725,202601010102,V3,wide,2-5,ヴィヴィアンリーチ×ヌーンベルク,,,,,0.879,6/1,100,0.0,1,0,1
20260725,202601010103,S1,win,2,クロームクロス,19.2,27.1,1.61,2.272,0.872,7,100,0.0,1,0,1
20260725,202601010103,S1,win,4,ダンツアラーム,14.4,19.6,1.093,1.488,0.872,6,100,0.0,1,0,1
20260725,202601010103,S1C,win,2,クロームクロス,19.2,27.1,1.61,2.272,0.872,7,100,0.0,1,1,1
20260725,202601010103,S1C,win,4,ダンツアラーム,14.4,19.6,1.093,1.488,0.872,6,100,0.0,1,1,1
20260725,202601010103,S2,win,3,ヤマメイッカ,2.6,2.4,0.792,0.732,0.872,1,100,240.0,1,0,1
20260725,202601010103,V1,place,3,ヤマメイッカ,,,,,0.872,1,100,110.0,1,0,1
20260725,202601010103,V2,place,3,ヤマメイッカ,,,,,0.872,1,100,110.0,1,0,1
20260725,202601010103,V3,wide,3-6,ヤマメイッカ×アオイミズホ,,,,,0.872,1/3,100,180.0,1,0,1
20260725,202601010104,S2,win,4,エアヴァイブス,4.2,4.5,0.925,0.991,0.847,3,100,0.0,1,0,1
20260725,202601010104,V1,place,4,エアヴァイブス,,,,,0.847,3,100,140.0,1,0,1
20260725,202601010104,V3,wide,4-11,エアヴァイブス×フレッチャアズーラ,,,,,0.847,3/1,100,250.0,1,0,1
20260725,202601010105,S2,win,3,ホウオウシュウ,2.5,1.8,0.935,0.673,0.534,2,100,0.0,1,0,1
20260725,202601010105,V1,place,3,ホウオウシュウ,,,,,0.534,2,100,110.0,1,0,1
20260725,202601010106,S1,win,2,フォルストランキル,7.5,14.6,1.371,2.669,0.867,7,100,0.0,1,0,1
20260725,202601010106,S1,win,3,トランスマリーン,27.9,32.5,1.25,1.456,0.867,9,100,0.0,1,0,1
20260725,202601010106,S1,win,4,ケナゲ,13.2,14.5,1.11,1.22,0.867,3,100,0.0,1,0,1
20260725,202601010106,S1,win,8,ウインアベリア,30.0,160.4,1.078,5.762,0.867,13,100,0.0,1,0,1
20260725,202601010106,S1,win,14,セイントクーヤ,34.9,42.1,1.105,1.333,0.867,10,100,0.0,1,0,1
20260725,202601010106,S1C,win,2,フォルストランキル,7.5,14.6,1.371,2.669,0.867,7,100,0.0,1,1,1
20260725,202601010106,S1C,win,3,トランスマリーン,27.9,32.5,1.25,1.456,0.867,9,100,0.0,1,1,1
20260725,202601010106,S1C,win,8,ウインアベリア,30.0,160.4,1.078,5.762,0.867,13,100,0.0,1,1,1
20260725,202601010106,S1C,win,14,セイントクーヤ,34.9,42.1,1.105,1.333,0.867,10,100,0.0,1,1,1
20260725,202601010106,S2,win,1,インフィオラータ,4.2,3.4,0.581,0.471,0.867,5,100,0.0,1,0,1
20260725,202601010106,S3,win,2,フォルストランキル,7.5,14.6,1.371,2.669,0.867,7,100,0.0,1,0,1
20260725,202601010106,S5C,win,2,フォルストランキル,7.5,14.6,1.371,2.669,0.867,7,100,0.0,1,1,1
20260725,202601010106,V1,place,1,インフィオラータ,,,,,0.867,5,100,0.0,1,0,1
20260725,202601010106,V3,wide,1-10,インフィオラータ×コワンニシタガウ,,,,,0.867,5/2,100,0.0,1,0,1
20260725,202601010107,S1,win,1,ペイシャアーサー,24.7,87.2,1.146,4.047,0.876,9,100,0.0,1,0,1
20260725,202601010107,S1,win,3,ナンナンプー,30.8,71.2,1.058,2.446,0.876,5,100,0.0,1,0,1
20260725,202601010107,S1,win,15,マティンデ,45.3,80.3,1.034,1.832,0.876,13,100,0.0,1,0,1
20260725,202601010107,S1C,win,1,ペイシャアーサー,24.7,87.2,1.146,4.047,0.876,9,100,0.0,1,1,1
20260725,202601010107,S1C,win,3,ナンナンプー,30.8,71.2,1.058,2.446,0.876,5,100,0.0,1,1,1
20260725,202601010107,S1C,win,11,ペガサスノース,15.4,26.0,0.961,1.622,0.876,15,100,0.0,1,1,1
20260725,202601010107,S1C,win,15,マティンデ,45.3,80.3,1.034,1.832,0.876,13,100,0.0,1,1,1
20260725,202601010107,S2,win,9,カイショー,4.5,4.0,0.67,0.595,0.876,7,100,0.0,1,0,1
20260725,202601010107,V1,place,9,カイショー,,,,,0.876,7,100,0.0,1,0,1
20260725,202601010107,V3,wide,7-9,ニシノサリーナ×カイショー,,,,,0.876,2/7,100,0.0,1,0,1
20260725,202601010108,S1,win,2,マーベリックシチー,22.4,46.4,1.041,2.157,0.885,12,100,0.0,1,0,1
20260725,202601010108,S1,win,3,カフェブーケット,76.2,186.8,1.371,3.361,0.885,6,100,0.0,1,0,1
20260725,202601010108,S1,win,9,ハイライトニング,32.1,51.9,1.107,1.79,0.885,8,100,0.0,1,0,1
20260725,202601010108,S1C,win,1,ビービーバザーク,16.2,22.8,0.932,1.312,0.885,4,100,0.0,1,1,1
20260725,202601010108,S1C,win,2,マーベリックシチー,22.4,46.4,1.041,2.157,0.885,12,100,0.0,1,1,1
20260725,202601010108,S1C,win,3,カフェブーケット,76.2,186.8,1.371,3.361,0.885,6,100,0.0,1,1,1
20260725,202601010108,S1C,win,9,ハイライトニング,32.1,51.9,1.107,1.79,0.885,8,100,0.0,1,1,1
20260725,202601010108,S2,win,12,ピエナオルカ,2.2,2.5,0.75,0.852,0.885,5,100,0.0,1,0,1
20260725,202601010108,V1,place,12,ピエナオルカ,,,,,0.885,5,100,0.0,1,0,1
20260725,202601010108,V2,place,12,ピエナオルカ,,,,,0.885,5,100,0.0,1,0,1
20260725,202601010108,V3,wide,7-12,オンザムービー×ピエナオルカ,,,,,0.885,1/5,100,0.0,1,0,1
20260725,202601010109,S1,win,2,ニシノエピカリ,17.6,25.5,1.243,1.8,0.852,4,100,0.0,1,0,1
20260725,202601010109,S1C,win,2,ニシノエピカリ,17.6,25.5,1.243,1.8,0.852,4,100,0.0,1,1,1
20260725,202601010109,S2,win,4,ジェルブロア,4.6,4.5,0.989,0.968,0.852,8,100,0.0,1,0,1
20260725,202601010109,V1,place,4,ジェルブロア,,,,,0.852,8,100,0.0,1,0,1
20260725,202601010109,V3,wide,4-5,ジェルブロア×シニャンガ,,,,,0.852,8/5,100,0.0,1,0,1
20260725,202601010110,S1,win,1,ヴァイザーバルコ,21.2,40.4,1.243,2.368,0.893,11,100,0.0,1,0,1
20260725,202601010110,S1,win,2,リギーロ,27.0,20.5,1.044,0.793,0.893,8,100,0.0,1,0,1
20260725,202601010110,S1,win,5,ボンドロア,12.6,10.5,1.019,0.849,0.893,1,100,1050.0,1,0,1
20260725,202601010110,S1C,win,1,ヴァイザーバルコ,21.2,40.4,1.243,2.368,0.893,11,100,0.0,1,1,1
20260725,202601010110,S1C,win,2,リギーロ,27.0,20.5,1.044,0.793,0.893,8,100,0.0,1,1,1
20260725,202601010110,S1C,win,3,ライフセービング,38.2,44.6,0.89,1.039,0.893,3,100,0.0,1,1,1
20260725,202601010110,S1C,win,10,ドッビアーコ,32.4,55.0,0.93,1.58,0.893,6,100,0.0,1,1,1
20260725,202601010110,S2,win,6,アスクデッドヒート,4.5,4.8,0.733,0.782,0.893,4,100,0.0,1,0,1
20260725,202601010110,V1,place,6,アスクデッドヒート,,,,,0.893,4,100,0.0,1,0,1
20260725,202601010110,V3,wide,6-11,アスクデッドヒート×ウェイクフィールド,,,,,0.893,4/10,100,0.0,1,0,1
20260725,202601010111,S1,win,1,エヴァンスウィート,16.5,35.9,1.185,2.579,0.885,5,100,0.0,1,0,1
20260725,202601010111,S1,win,4,ルーフ,14.1,14.2,1.021,1.028,0.885,4,100,0.0,1,0,1
20260725,202601010111,S1,win,10,アスクケンタッキー,7.3,7.7,1.086,1.145,0.885,12,100,0.0,1,0,1
20260725,202601010111,S1,win,12,パクスロマーナ,20.1,18.9,1.031,0.969,0.885,6,100,0.0,1,0,1
20260725,202601010111,S1C,win,1,エヴァンスウィート,16.5,35.9,1.185,2.579,0.885,5,100,0.0,1,1,1
20260725,202601010111,S1C,win,9,クリエープキー,27.6,38.1,0.945,1.304,0.885,8,100,0.0,1,1,1
20260725,202601010111,S1C,win,10,アスクケンタッキー,7.3,7.7,1.086,1.145,0.885,12,100,0.0,1,1,1
20260725,202601010111,S1C,win,12,パクスロマーナ,20.1,18.9,1.031,0.969,0.885,6,100,0.0,1,1,1
20260725,202601010111,S2,win,7,ロジケープ,3.0,2.1,0.712,0.498,0.885,1,100,210.0,1,0,1
20260725,202601010111,V1,place,7,ロジケープ,,,,,0.885,1,100,120.0,1,0,1
20260725,202601010111,V3,wide,3-7,サウスバンク×ロジケープ,,,,,0.885,3/1,100,290.0,1,0,1
20260725,202601010111,V4,trifecta,7-3-10,,,,,,,,100,0.0,1,0,1
20260725,202601010111,V4,trifecta,3-7-10,,,,,,,,100,0.0,1,0,1
20260725,202601010111,V4,trifecta,7-10-3,,,,,,,,100,0.0,1,0,1
20260725,202601010111,V4,trifecta,3-10-7,,,,,,,,100,0.0,1,0,1
20260725,202601010111,V4,trifecta,10-7-3,,,,,,,,100,0.0,1,0,1
20260725,202601010111,V4,trifecta,10-3-7,,,,,,,,100,0.0,1,0,1
20260725,202601010111,V4,trifecta,7-3-4,,,,,,,,100,0.0,1,0,1
20260725,202601010111,V4,trifecta,7-3-1,,,,,,,,100,0.0,1,0,1
20260725,202601010111,V4,trifecta,3-7-4,,,,,,,,100,0.0,1,0,1
20260725,202601010111,V4,trifecta,3-7-1,,,,,,,,100,0.0,1,0,1
20260725,202601010112,S1,win,1,リメンバーヒム,25.7,50.8,1.228,2.428,0.887,4,100,0.0,1,0,1
20260725,202601010112,S1,win,7,ハイクオリティ,5.9,4.6,1.128,0.88,0.887,5,100,0.0,1,0,1
20260725,202601010112,S1,win,10,マッスルバック,61.9,204.6,1.402,4.634,0.887,8,100,0.0,1,0,1
20260725,202601010112,S1C,win,1,リメンバーヒム,25.7,50.8,1.228,2.428,0.887,4,100,0.0,1,1,1
20260725,202601010112,S1C,win,7,ハイクオリティ,5.9,4.6,1.128,0.88,0.887,5,100,0.0,1,1,1
20260725,202601010112,S1C,win,10,マッスルバック,61.9,204.6,1.402,4.634,0.887,8,100,0.0,1,1,1
20260725,202601010112,S1C,win,11,ヒルノピレネー,30.5,125.8,0.988,4.073,0.887,6,100,0.0,1,1,1
20260725,202601010112,S2,win,8,ベラジオワールド,2.3,2.0,0.738,0.641,0.887,3,100,0.0,1,0,1
20260725,202601010112,V1,place,8,ベラジオワールド,,,,,0.887,3,100,110.0,1,0,1
20260725,202601010112,V2,place,8,ベラジオワールド,,,,,0.887,3,100,110.0,1,0,1
20260725,202601010112,V3,wide,5-8,セボンサデッセ×ベラジオワールド,,,,,0.887,1/3,100,180.0,1,0,1
20260725,202604020101,S1,win,7,ノシェリー,5.9,6.2,1.057,1.111,0.872,3,100,0.0,1,0,1
20260725,202604020101,S1C,win,7,ノシェリー,5.9,6.2,1.057,1.111,0.872,3,100,0.0,1,1,1
20260725,202604020101,S2,win,10,レゾルーティオ,2.5,2.2,0.819,0.721,0.872,1,100,220.00000000000003,1,0,1
20260725,202604020101,V1,place,10,レゾルーティオ,,,,,0.872,1,100,110.0,1,0,1
20260725,202604020101,V2,place,10,レゾルーティオ,,,,,0.872,1,100,110.0,1,0,1
20260725,202604020101,V3,wide,2-10,フルーツバスケット×レゾルーティオ,,,,,0.872,2/1,100,170.0,1,0,1
20260725,202604020102,S1,win,5,ランズエンド,7.7,9.5,1.45,1.788,0.527,9,100,0.0,1,0,1
20260725,202604020102,S1C,win,5,ランズエンド,7.7,9.5,1.45,1.788,0.527,9,100,0.0,1,1,1
20260725,202604020102,S2,win,11,イニシャルポイント,3.4,4.1,0.743,0.896,0.527,2,100,0.0,1,0,1
20260725,202604020102,S3,win,5,ランズエンド,7.7,9.5,1.45,1.788,0.527,9,100,0.0,1,0,1
20260725,202604020102,V1,place,11,イニシャルポイント,,,,,0.527,2,100,180.0,1,0,1
20260725,202604020103,S1,win,2,リーベラーリア,7.1,11.2,1.019,1.607,0.539,7,100,0.0,1,0,1
20260725,202604020103,S1,win,3,スターマイン,17.8,27.5,1.059,1.636,0.539,6,100,0.0,1,0,1
20260725,202604020103,S1C,win,2,リーベラーリア,7.1,11.2,1.019,1.607,0.539,7,100,0.0,1,1,1
20260725,202604020103,S1C,win,3,スターマイン,17.8,27.5,1.059,1.636,0.539,6,100,0.0,1,1,1
20260725,202604020103,S2,win,1,トルタパスカリーナ,1.6,1.4,0.813,0.712,0.539,2,100,0.0,1,0,1
20260725,202604020103,V1,place,1,トルタパスカリーナ,,,,,0.539,2,100,110.0,1,0,1
20260725,202604020104,S1,win,7,セイウンヤオヨロズ,6.3,8.7,1.042,1.438,0.839,4,100,0.0,1,0,1
20260725,202604020104,S1,win,9,ロジザボード,17.5,26.2,1.059,1.586,0.839,5,100,0.0,1,0,1
20260725,202604020104,S1,win,15,オレンジキャンパス,6.7,4.5,1.013,0.68,0.839,2,100,0.0,1,0,1
20260725,202604020104,S1C,win,7,セイウンヤオヨロズ,6.3,8.7,1.042,1.438,0.839,4,100,0.0,1,1,1
20260725,202604020104,S1C,win,9,ロジザボード,17.5,26.2,1.059,1.586,0.839,5,100,0.0,1,1,1
20260725,202604020104,S1C,win,15,オレンジキャンパス,6.7,4.5,1.013,0.68,0.839,2,100,0.0,1,1,1
20260725,202604020104,S2,win,3,プリプリプリン,3.6,3.3,0.722,0.662,0.839,1,100,330.0,1,0,1
20260725,202604020104,V1,place,3,プリプリプリン,,,,,0.839,1,100,140.0,1,0,1
20260725,202604020104,V3,wide,3-14,プリプリプリン×マナイアカラニ,,,,,0.839,1/12,100,0.0,1,0,1
20260725,202604020105,S1,win,11,キシダンチョウ,6.3,3.8,1.05,0.633,0.875,3,100,0.0,1,0,1
20260725,202604020105,S1C,win,11,キシダンチョウ,6.3,3.8,1.05,0.633,0.875,3,100,0.0,1,1,1
20260725,202604020105,S2,win,5,フィールドノート,3.0,3.3,0.699,0.769,0.875,1,100,330.0,1,0,1
20260725,202604020105,V1,place,5,フィールドノート,,,,,0.875,1,100,130.0,1,0,1
20260725,202604020105,V3,wide,5-7,フィールドノート×オルグジェシダ,,,,,0.875,1/2,100,240.0,1,0,1
20260725,202604020106,S1,win,2,ナファロア,52.9,133.6,1.063,2.684,0.897,11,100,0.0,1,0,1
20260725,202604020106,S1,win,5,ナグルファル,23.4,38.6,1.012,1.67,0.897,13,100,0.0,1,0,1
20260725,202604020106,S1,win,13,ミッキースターダム,15.6,25.0,1.119,1.793,0.897,7,100,0.0,1,0,1
20260725,202604020106,S1C,win,5,ナグルファル,23.4,38.6,1.012,1.67,0.897,13,100,0.0,1,1,1
20260725,202604020106,S1C,win,13,ミッキースターダム,15.6,25.0,1.119,1.793,0.897,7,100,0.0,1,1,1
20260725,202604020106,S2,win,9,ジーネキング,4.9,4.6,0.88,0.826,0.897,2,100,0.0,1,0,1
20260725,202604020106,V1,place,9,ジーネキング,,,,,0.897,2,100,160.0,1,0,1
20260725,202604020106,V3,wide,9-14,ジーネキング×シャンソンドール,,,,,0.897,2/3,100,330.0,1,0,1
20260725,202604020107,S1,win,9,モンテシート,24.4,19.9,1.034,0.843,0.9,7,100,0.0,1,0,1
20260725,202604020107,S1,win,16,キタサンダムール,15.8,15.7,1.024,1.017,0.9,11,100,0.0,1,0,1
20260725,202604020107,S1,win,17,モジャーリオ,16.0,25.5,1.199,1.911,0.9,14,100,0.0,1,0,1
20260725,202604020107,S1,win,18,フライングブレード,45.7,79.2,1.288,2.233,0.9,15,100,0.0,1,0,1
20260725,202604020107,S1C,win,9,モンテシート,24.4,19.9,1.034,0.843,0.9,7,100,0.0,1,1,1
20260725,202604020107,S1C,win,15,ウナギノボリ,39.8,,0.921,,0.9,除外,0,0.0,1,1,1
20260725,202604020107,S1C,win,16,キタサンダムール,15.8,15.7,1.024,1.017,0.9,11,100,0.0,1,1,1
20260725,202604020107,S1C,win,17,モジャーリオ,16.0,25.5,1.199,1.911,0.9,14,100,0.0,1,1,1
20260725,202604020107,S1C,win,18,フライングブレード,45.7,79.2,1.288,2.233,0.9,15,100,0.0,1,1,1
20260725,202604020107,S2,win,2,コートアリシアン,2.6,1.8,0.716,0.495,0.9,4,100,0.0,1,0,1
20260725,202604020107,V1,place,2,コートアリシアン,,,,,0.9,4,100,0.0,1,0,1
20260725,202604020107,V2,place,2,コートアリシアン,,,,,0.9,4,100,0.0,1,0,1
20260725,202604020107,V3,wide,2-8,コートアリシアン×ボンヌソワレ,,,,,0.9,4/5,100,0.0,1,0,1
20260725,202604020108,S1,win,2,ライヴスプーン,20.4,37.1,1.037,1.885,0.891,3,100,0.0,1,0,1
20260725,202604020108,S1,win,5,イリュストル,19.5,21.1,1.018,1.101,0.891,10,100,0.0,1,0,1
20260725,202604020108,S1,win,10,パイオニアスクエア,4.8,4.0,1.009,0.841,0.891,2,100,0.0,1,0,1
20260725,202604020108,S1C,win,2,ライヴスプーン,20.4,37.1,1.037,1.885,0.891,3,100,0.0,1,1,1
20260725,202604020108,S1C,win,5,イリュストル,19.5,21.1,1.018,1.101,0.891,10,100,0.0,1,1,1
20260725,202604020108,S2,win,11,インナーパッション,2.9,3.0,0.748,0.774,0.891,4,100,0.0,1,0,1
20260725,202604020108,V1,place,11,インナーパッション,,,,,0.891,4,100,0.0,1,0,1
20260725,202604020108,V2,place,11,インナーパッション,,,,,0.891,4,100,0.0,1,0,1
20260725,202604020108,V3,wide,10-11,パイオニアスクエア×インナーパッション,,,,,0.891,2/4,100,0.0,1,0,1
20260725,202604020111,V4,trifecta,18-16-4,,,,,,,,100,0.0,1,0,1
20260725,202604020111,V4,trifecta,16-18-4,,,,,,,,100,0.0,1,0,1
20260725,202604020111,V4,trifecta,18-16-10,,,,,,,,100,0.0,1,0,1
20260725,202604020111,V4,trifecta,16-18-10,,,,,,,,100,0.0,1,0,1
20260725,202604020111,V4,trifecta,18-4-16,,,,,,,,100,0.0,1,0,1
20260725,202604020111,V4,trifecta,16-4-18,,,,,,,,100,0.0,1,0,1
20260725,202604020111,V4,trifecta,18-16-9,,,,,,,,100,0.0,1,0,1
20260725,202604020111,V4,trifecta,18-10-16,,,,,,,,100,0.0,1,0,1
20260725,202604020111,V4,trifecta,16-18-9,,,,,,,,100,0.0,1,0,1
20260725,202604020111,V4,trifecta,4-18-16,,,,,,,,100,0.0,1,0,1
20260725,202607020101,S1,win,3,アースグリッパー,7.1,8.5,1.058,1.267,0.87,3,100,0.0,1,0,1
20260725,202607020101,S1C,win,3,アースグリッパー,7.1,8.5,1.058,1.267,0.87,3,100,0.0,1,1,1
20260725,202607020101,S1C,win,9,トム,20.0,38.7,0.965,1.868,0.87,9,100,0.0,1,1,1
20260725,202607020101,S2,win,5,エルダークローネ,2.0,1.9,0.803,0.763,0.87,4,100,0.0,1,0,1
20260725,202607020101,V1,place,5,エルダークローネ,,,,,0.87,4,100,0.0,1,0,1
20260725,202607020101,V2,place,5,エルダークローネ,,,,,0.87,4,100,0.0,1,0,1
20260725,202607020101,V3,wide,1-5,レッドネビュラ×エルダークローネ,,,,,0.87,1/4,100,0.0,1,0,1
20260725,202607020102,S1,win,7,ノトコンゴウ,18.8,33.8,1.043,1.876,0.549,11,100,0.0,1,0,1
20260725,202607020102,S1,win,10,ロンリーマン,22.6,19.7,1.067,0.93,0.549,9,100,0.0,1,0,1
20260725,202607020102,S1,win,12,ラインエレガント,48.6,74.5,1.281,1.964,0.549,2,100,0.0,1,0,1
20260725,202607020102,S1C,win,7,ノトコンゴウ,18.8,33.8,1.043,1.876,0.549,11,100,0.0,1,1,1
20260725,202607020102,S1C,win,10,ロンリーマン,22.6,19.7,1.067,0.93,0.549,9,100,0.0,1,1,1
20260725,202607020102,S1C,win,12,ラインエレガント,48.6,74.5,1.281,1.964,0.549,2,100,0.0,1,1,1
20260725,202607020102,S2,win,11,ブレイクアウェイ,2.3,1.9,0.798,0.66,0.549,1,100,190.0,1,0,1
20260725,202607020102,V1,place,11,ブレイクアウェイ,,,,,0.549,1,100,110.0,1,0,1
20260725,202607020103,S1,win,11,ラピス,19.0,34.5,1.018,1.848,0.888,7,100,0.0,1,0,1
20260725,202607020103,S1C,win,11,ラピス,19.0,34.5,1.018,1.848,0.888,7,100,0.0,1,1,1
20260725,202607020103,S2,win,2,レッドブライトン,3.4,3.5,0.756,0.778,0.888,4,100,0.0,1,0,1
20260725,202607020103,V1,place,2,レッドブライトン,,,,,0.888,4,100,0.0,1,0,1
20260725,202607020103,V3,wide,2-10,レッドブライトン×プレスバーン,,,,,0.888,4/1,100,0.0,1,0,1
20260725,202607020104,S1C,win,4,テリコス,20.4,32.5,0.935,1.489,0.86,13,100,0.0,1,1,1
20260725,202607020104,S1C,win,5,テイクザスローン,38.3,165.8,0.963,4.168,0.86,9,100,0.0,1,1,1
20260725,202607020104,S2,win,2,ベルアズーロ,4.7,5.3,0.611,0.689,0.86,8,100,0.0,1,0,1
20260725,202607020104,V1,place,2,ベルアズーロ,,,,,0.86,8,100,0.0,1,0,1
20260725,202607020104,V3,wide,2-8,ベルアズーロ×ナウオアネヴァー,,,,,0.86,8/1,100,0.0,1,0,1
20260725,202607020105,S1,win,3,イルミナジーティー,27.5,53.1,1.46,2.819,0.772,2,100,0.0,1,0,1
20260725,202607020105,S1,win,16,ダーコ,28.8,71.4,1.009,2.501,0.772,6,100,0.0,1,0,1
20260725,202607020105,S1C,win,3,イルミナジーティー,27.5,53.1,1.46,2.819,0.772,2,100,0.0,1,1,1
20260725,202607020105,S1C,win,16,ダーコ,28.8,71.4,1.009,2.501,0.772,6,100,0.0,1,1,1
20260725,202607020105,S2,win,12,ファルカータ,1.8,2.0,0.831,0.923,0.772,1,100,200.0,1,0,1
20260725,202607020105,V1,place,12,ファルカータ,,,,,0.772,1,100,110.0,1,0,1
20260725,202607020106,S1,win,7,ホウオウゴールド,22.3,66.0,1.118,3.31,0.897,8,100,0.0,1,0,1
20260725,202607020106,S1,win,15,ゴルデールスカー,36.0,174.1,1.028,4.973,0.897,7,100,0.0,1,0,1
20260725,202607020106,S1,win,16,アレ,24.9,49.0,1.229,2.419,0.897,14,100,0.0,1,0,1
20260725,202607020106,S1C,win,7,ホウオウゴールド,22.3,66.0,1.118,3.31,0.897,8,100,0.0,1,1,1
20260725,202607020106,S1C,win,11,チュウワチーフ,16.4,23.9,0.993,1.448,0.897,6,100,0.0,1,1,1
20260725,202607020106,S1C,win,16,アレ,24.9,49.0,1.229,2.419,0.897,14,100,0.0,1,1,1
20260725,202607020106,S2,win,6,ゼロヴィジビリティ,3.4,2.4,0.775,0.547,0.897,11,100,0.0,1,0,1
20260725,202607020106,V1,place,6,ゼロヴィジビリティ,,,,,0.897,11,100,0.0,1,0,1
20260725,202607020106,V3,wide,6-9,ゼロヴィジビリティ×ポートデラメール,,,,,0.897,11/5,100,0.0,1,0,1
20260725,202607020107,S1,win,2,エイカイマッケンロ,36.6,67.8,1.029,1.906,0.878,9,100,0.0,1,0,1
20260725,202607020107,S1,win,3,リンフレスカンテ,51.3,129.4,1.962,4.949,0.878,5,100,0.0,1,0,1
20260725,202607020107,S1,win,8,メイショウソウタ,71.2,121.3,1.378,2.348,0.878,11,100,0.0,1,0,1
20260725,202607020107,S1C,win,3,リンフレスカンテ,51.3,129.4,1.962,4.949,0.878,5,100,0.0,1,1,1
20260725,202607020107,S1C,win,8,メイショウソウタ,71.2,121.3,1.378,2.348,0.878,11,100,0.0,1,1,1
20260725,202607020107,S2,win,7,ハーツコンチェルト,3.8,4.3,0.837,0.947,0.878,3,100,0.0,1,0,1
20260725,202607020107,V1,place,7,ハーツコンチェルト,,,,,0.878,3,100,170.0,1,0,1
20260725,202607020107,V3,wide,7-9,ハーツコンチェルト×ミュージシャン,,,,,0.878,3/4,100,0.0,1,0,1
20260725,202607020108,S2,win,8,ロードフィレール,2.4,2.1,0.909,0.796,0.897,1,100,210.0,1,0,1
20260725,202607020108,V1,place,8,ロードフィレール,,,,,0.897,1,100,110.0,1,0,1
20260725,202607020108,V2,place,8,ロードフィレール,,,,,0.897,1,100,110.0,1,0,1
20260725,202607020108,V3,wide,1-8,スノースケープ×ロードフィレール,,,,,0.897,2/1,100,200.0,1,0,1
20260725,202607020109,S1,win,9,リンゲルブルーメ,37.6,169.3,1.008,4.538,0.886,2,100,0.0,1,0,1
20260725,202607020109,S2,win,12,ダンシングドール,5.1,5.2,0.932,0.95,0.886,3,100,0.0,1,0,1
20260725,202607020109,V1,place,12,ダンシングドール,,,,,0.886,3,100,190.0,1,0,1
20260725,202607020109,V3,wide,2-12,ルビドゥソレイユ×ダンシングドール,,,,,0.886,1/3,100,460.0,1,0,1
20260725,202607020110,S1,win,4,インシオン,6.6,11.9,1.04,1.875,0.873,5,100,0.0,1,0,1
20260725,202607020110,S1,win,7,コルヴァス,999.9,,11.129,,0.873,取消,0,0.0,1,0,1
20260725,202607020110,S1C,win,4,インシオン,6.6,11.9,1.04,1.875,0.873,5,100,0.0,1,1,1
20260725,202607020110,S1C,win,7,コルヴァス,999.9,,11.129,,0.873,取消,0,0.0,1,1,1
20260725,202607020110,S2,win,13,サイモンゼスト,7.9,6.5,0.749,0.616,0.873,2,100,0.0,1,0,1
20260725,202607020110,V1,place,13,サイモンゼスト,,,,,0.873,2,100,180.0,1,0,1
20260725,202607020110,V3,wide,12-13,リヒトミューレ×サイモンゼスト,,,,,0.873,1/2,100,480.0,1,0,1
20260725,202607020111,V4,trifecta,3-7-5,,,,,,,,100,0.0,1,0,1
20260725,202607020111,V4,trifecta,3-7-2,,,,,,,,100,2750.0,1,0,1
20260725,202607020111,V4,trifecta,3-7-4,,,,,,,,100,0.0,1,0,1
20260725,202607020111,V4,trifecta,7-3-5,,,,,,,,100,0.0,1,0,1
20260725,202607020111,V4,trifecta,7-3-2,,,,,,,,100,0.0,1,0,1
20260725,202607020111,V4,trifecta,7-3-4,,,,,,,,100,0.0,1,0,1
20260725,202607020111,V4,trifecta,3-7-1,,,,,,,,100,0.0,1,0,1
20260725,202607020111,V4,trifecta,3-5-7,,,,,,,,100,0.0,1,0,1
20260725,202607020111,V4,trifecta,3-2-7,,,,,,,,100,0.0,1,0,1
20260725,202607020111,V4,trifecta,7-3-1,,,,,,,,100,0.0,1,0,1
20260726,202601010201,S1,win,1,シンゼンノト,18.9,18.9,1.232,1.232,0.882,3,100,0.0,1,1,1
20260726,202601010201,S1,win,8,グランモンターナ,15.1,15.1,1.038,1.038,0.882,5,100,0.0,1,1,1
20260726,202601010201,S1,win,11,パンジャケリー,6.9,6.9,1.083,1.083,0.882,6,100,0.0,1,1,1
20260726,202601010201,S1C,win,1,シンゼンノト,18.9,18.9,1.232,1.232,0.882,3,100,0.0,1,1,1
20260726,202601010201,S1C,win,8,グランモンターナ,15.1,15.1,1.038,1.038,0.882,5,100,0.0,1,1,1
20260726,202601010201,S1C,win,11,パンジャケリー,6.9,6.9,1.083,1.083,0.882,6,100,0.0,1,1,1
20260726,202601010201,S2,win,10,クラウスーラ,1.8,1.8,0.648,0.648,0.882,1,100,180.0,1,1,1
20260726,202601010201,V1,place,10,クラウスーラ,,,,,0.882,1,100,110.0,1,1,1
20260726,202601010201,V2,place,10,クラウスーラ,,,,,0.882,1,100,110.0,1,1,1
20260726,202601010201,V3,wide,6-10,ワイドウィンザー×クラウスーラ,,,,,0.882,10/1,100,0.0,1,1,1
20260726,202601010202,S2,win,6,プルーフリーディン,2.0,2.0,0.743,0.743,0.866,3,100,0.0,1,1,1
20260726,202601010202,V1,place,6,プルーフリーディン,,,,,0.866,3,100,130.0,1,1,1
20260726,202601010202,V2,place,6,プルーフリーディン,,,,,0.866,3,100,130.0,1,1,1
20260726,202601010202,V3,wide,2-6,ビレッジルイーザ×プルーフリーディン,,,,,0.866,5/3,100,0.0,1,1,1
20260726,202601010203,S1,win,10,アンジュラフィーユ,3.5,3.5,1.136,1.136,0.853,5,100,0.0,1,1,1
20260726,202601010203,S1C,win,10,アンジュラフィーユ,3.5,3.5,1.136,1.136,0.853,5,100,0.0,1,1,1
20260726,202601010203,S2,win,8,ハルヒメ,3.4,3.4,0.598,0.598,0.853,1,100,340.0,1,1,1
20260726,202601010203,V1,place,8,ハルヒメ,,,,,0.853,1,100,170.0,1,1,1
20260726,202601010203,V3,wide,8-10,ハルヒメ×アンジュラフィーユ,,,,,0.853,1/5,100,0.0,1,1,1
20260726,202601010204,S1,win,1,タイセイルビー,7.0,7.0,1.579,1.579,0.875,1,100,700.0,1,1,1
20260726,202601010204,S1C,win,1,タイセイルビー,7.0,7.0,1.579,1.579,0.875,1,100,700.0,1,1,1
20260726,202601010204,S2,win,10,セラサイト,3.8,3.8,0.747,0.747,0.875,4,100,0.0,1,1,1
20260726,202601010204,S3,win,1,タイセイルビー,7.0,7.0,1.579,1.579,0.875,1,100,700.0,1,1,1
20260726,202601010204,S5C,win,1,タイセイルビー,7.0,7.0,1.579,1.579,0.875,1,100,700.0,1,1,1
20260726,202601010204,V1,place,10,セラサイト,,,,,0.875,4,100,0.0,1,1,1
20260726,202601010204,V3,wide,9-10,シンエンドーツダ×セラサイト,,,,,0.875,3/4,100,0.0,1,1,1
20260726,202601010205,S1,win,8,ミラマルニ,158.5,158.5,6.011,6.011,0.545,5,100,0.0,1,1,1
20260726,202601010205,S1C,win,8,ミラマルニ,158.5,158.5,6.011,6.011,0.545,5,100,0.0,1,1,1
20260726,202601010205,S2,win,2,サトノフルーク,1.3,1.3,0.735,0.735,0.545,2,100,0.0,1,1,1
20260726,202601010205,V1,place,2,サトノフルーク,,,,,0.545,2,100,110.0,1,1,1
20260726,202601010206,S2,win,9,ヘイジュード,2.4,2.4,0.741,0.741,0.859,3,100,0.0,1,1,1
20260726,202601010206,V1,place,9,ヘイジュード,,,,,0.859,3,100,120.0,1,1,1
20260726,202601010206,V2,place,9,ヘイジュード,,,,,0.859,3,100,120.0,1,1,1
20260726,202601010206,V3,wide,2-9,ミッキーテネシー×ヘイジュード,,,,,0.859,1/3,100,180.0,1,1,1
20260726,202601010207,S2,win,5,ビタミンドロップ,3.0,3.0,0.647,0.647,0.882,4,100,0.0,1,1,1
20260726,202601010207,V1,place,5,ビタミンドロップ,,,,,0.882,4,100,0.0,1,1,1
20260726,202601010207,V3,wide,4-5,ロードヴァルカン×ビタミンドロップ,,,,,0.882,3/4,100,0.0,1,1,1
20260726,202601010208,S1,win,4,マジカルシャイン,58.6,58.6,1.197,1.197,0.874,11,100,0.0,1,1,1
20260726,202601010208,S2,win,1,デイトナチャンプ,1.6,1.6,0.787,0.787,0.874,1,100,160.0,1,1,1
20260726,202601010208,V1,place,1,デイトナチャンプ,,,,,0.874,1,100,110.0,1,1,1
20260726,202601010208,V2,place,1,デイトナチャンプ,,,,,0.874,1,100,110.0,1,1,1
20260726,202601010208,V3,wide,1-10,デイトナチャンプ×クイーンズワーフ,,,,,0.874,1/8,100,0.0,1,1,1
20260726,202601010209,S1,win,1,ルージュビバーチェ,6.8,6.8,1.273,1.273,0.866,2,100,0.0,1,1,1
20260726,202601010209,S1,win,8,ラウニウ,6.3,6.3,1.044,1.044,0.866,8,100,0.0,1,1,1
20260726,202601010209,S1C,win,1,ルージュビバーチェ,6.8,6.8,1.273,1.273,0.866,2,100,0.0,1,1,1
20260726,202601010209,S1C,win,8,ラウニウ,6.3,6.3,1.044,1.044,0.866,8,100,0.0,1,1,1
20260726,202601010209,S2,win,5,マーゴットサンズ,1.6,1.6,0.67,0.67,0.866,1,100,160.0,1,1,1
20260726,202601010209,S3,win,1,ルージュビバーチェ,6.8,6.8,1.273,1.273,0.866,2,100,0.0,1,1,1
20260726,202601010209,S5C,win,1,ルージュビバーチェ,6.8,6.8,1.273,1.273,0.866,2,100,0.0,1,1,1
20260726,202601010209,V1,place,5,マーゴットサンズ,,,,,0.866,1,100,110.0,1,1,1
20260726,202601010209,V2,place,5,マーゴットサンズ,,,,,0.866,1,100,110.0,1,1,1
20260726,202601010209,V3,wide,5-8,マーゴットサンズ×ラウニウ,,,,,0.866,1/8,100,0.0,1,1,1
20260726,202601010210,S1,win,2,レイユール,22.3,22.3,1.764,1.764,0.886,2,100,0.0,1,1,1
20260726,202601010210,S1C,win,2,レイユール,22.3,22.3,1.764,1.764,0.886,2,100,0.0,1,1,1
20260726,202601010210,S2,win,7,ブラックルビー,-3.0,,-1.112,,0.886,除外,0,0.0,1,1,1
20260726,202601010210,V1,place,7,ブラックルビー,,,,,0.886,除外,0,0.0,1,1,1
20260726,202601010210,V2,place,7,ブラックルビー,,,,,0.886,除外,0,0.0,1,1,1
20260726,202601010210,V3,wide,5-7,マーゴットブロー×ブラックルビー,,,,,0.886,4/除外,0,0.0,1,1,1
20260726,202601010211,S1,win,13,ホールネス,29.2,29.2,1.267,1.267,0.897,2,100,0.0,1,1,1
20260726,202601010211,S1C,win,13,ホールネス,29.2,29.2,1.267,1.267,0.897,2,100,0.0,1,1,1
20260726,202601010211,S2,win,2,ミラージュナイト,2.1,2.1,0.772,0.772,0.897,1,100,210.0,1,1,1
20260726,202601010211,V1,place,2,ミラージュナイト,,,,,0.897,1,100,120.0,1,1,1
20260726,202601010211,V2,place,2,ミラージュナイト,,,,,0.897,1,100,120.0,1,1,1
20260726,202601010211,V3,wide,2-3,ミラージュナイト×レクスノヴァス,,,,,0.897,1/7,100,0.0,1,1,1
20260726,202601010211,V4,trifecta,2-3-8,,,,,,,,100,0.0,1,1,1
20260726,202601010211,V4,trifecta,2-3-11,,,,,,,,100,0.0,1,1,1
20260726,202601010211,V4,trifecta,3-2-8,,,,,,,,100,0.0,1,1,1
20260726,202601010211,V4,trifecta,3-2-11,,,,,,,,100,0.0,1,1,1
20260726,202601010211,V4,trifecta,2-3-5,,,,,,,,100,0.0,1,1,1
20260726,202601010211,V4,trifecta,2-8-3,,,,,,,,100,0.0,1,1,1
20260726,202601010211,V4,trifecta,3-2-5,,,,,,,,100,0.0,1,1,1
20260726,202601010211,V4,trifecta,2-11-3,,,,,,,,100,0.0,1,1,1
20260726,202601010211,V4,trifecta,2-3-13,,,,,,,,100,0.0,1,1,1
20260726,202601010211,V4,trifecta,2-5-3,,,,,,,,100,0.0,1,1,1
20260726,202601010212,S2,win,1,クリスレジーナ,2.2,2.2,0.831,0.831,0.835,3,100,0.0,1,1,1
20260726,202601010212,V1,place,1,クリスレジーナ,,,,,0.835,3,100,140.0,1,1,1
20260726,202601010212,V2,place,1,クリスレジーナ,,,,,0.835,3,100,140.0,1,1,1
20260726,202601010212,V3,wide,1-8,クリスレジーナ×デルシエロ,,,,,0.835,3/4,100,0.0,1,1,1
20260726,202604020201,S1,win,8,タガノカハンカ,16.9,16.9,1.681,1.681,0.878,9,100,0.0,1,1,1
20260726,202604020201,S1C,win,8,タガノカハンカ,16.9,16.9,1.681,1.681,0.878,9,100,0.0,1,1,1
20260726,202604020201,S2,win,4,ブラックミューズ,2.5,2.5,0.796,0.796,0.878,3,100,0.0,1,1,1
20260726,202604020201,S5C,win,8,タガノカハンカ,16.9,16.9,1.681,1.681,0.878,9,100,0.0,1,1,1
20260726,202604020201,V1,place,4,ブラックミューズ,,,,,0.878,3,100,110.0,1,1,1
20260726,202604020201,V2,place,4,ブラックミューズ,,,,,0.878,3,100,110.0,1,1,1
20260726,202604020201,V3,wide,4-7,ブラックミューズ×リリカルフレア,,,,,0.878,3/1,100,130.0,1,1,1
20260726,202604020202,S1,win,2,アウアリイ,16.3,16.3,1.054,1.054,0.54,3,100,0.0,1,1,1
20260726,202604020202,S1,win,8,ソニックウェーブ,165.1,165.1,1.276,1.276,0.54,5,100,0.0,1,1,1
20260726,202604020202,S1C,win,2,アウアリイ,16.3,16.3,1.054,1.054,0.54,3,100,0.0,1,1,1
20260726,202604020202,S1C,win,8,ソニックウェーブ,165.1,165.1,1.276,1.276,0.54,5,100,0.0,1,1,1
20260726,202604020202,S2,win,3,ダノンダックス,1.2,1.2,0.726,0.726,0.54,2,100,0.0,1,1,1
20260726,202604020202,V1,place,3,ダノンダックス,,,,,0.54,2,100,100.0,1,1,1
20260726,202604020203,S1,win,4,ツキノマバタキ,147.7,147.7,1.18,1.18,0.878,15,100,0.0,1,1,1
20260726,202604020203,S1,win,7,スピニンググローブ,6.2,6.2,1.304,1.304,0.878,1,100,620.0,1,1,1
20260726,202604020203,S1C,win,4,ツキノマバタキ,147.7,147.7,1.18,1.18,0.878,15,100,0.0,1,1,1
20260726,202604020203,S1C,win,7,スピニンググローブ,6.2,6.2,1.304,1.304,0.878,1,100,620.0,1,1,1
20260726,202604020203,S2,win,11,ミエスタ,2.7,2.7,0.715,0.715,0.878,7,100,0.0,1,1,1
20260726,202604020203,S3,win,7,スピニンググローブ,6.2,6.2,1.304,1.304,0.878,1,100,620.0,1,1,1
20260726,202604020203,V1,place,11,ミエスタ,,,,,0.878,7,100,0.0,1,1,1
20260726,202604020203,V2,place,11,ミエスタ,,,,,0.878,7,100,0.0,1,1,1
20260726,202604020203,V3,wide,8-11,ミスタートントン×ミエスタ,,,,,0.878,5/7,100,0.0,1,1,1
20260726,202604020204,S1,win,18,クールチェンジ,14.8,14.8,1.406,1.406,0.866,14,100,0.0,1,1,1
20260726,202604020204,S1C,win,3,イーガービーバー,25.3,25.3,0.957,0.957,0.866,9,100,0.0,1,1,1
20260726,202604020204,S1C,win,18,クールチェンジ,14.8,14.8,1.406,1.406,0.866,14,100,0.0,1,1,1
20260726,202604020204,S2,win,14,ココナッツコースト,2.1,2.1,0.777,0.777,0.866,4,100,0.0,1,1,1
20260726,202604020204,V1,place,14,ココナッツコースト,,,,,0.866,4,100,0.0,1,1,1
20260726,202604020204,V2,place,14,ココナッツコースト,,,,,0.866,4,100,0.0,1,1,1
20260726,202604020204,V3,wide,8-14,ルモンテ×ココナッツコースト,,,,,0.866,6/4,100,0.0,1,1,1
20260726,202604020205,S1C,win,1,コパノトーマス,22.7,22.7,0.969,0.969,0.887,15,100,0.0,1,1,1
20260726,202604020205,S2,win,10,アンバサダネージュ,2.6,2.6,0.684,0.684,0.887,2,100,0.0,1,1,1
20260726,202604020205,V1,place,10,アンバサダネージュ,,,,,0.887,2,100,130.0,1,1,1
20260726,202604020205,V2,place,10,アンバサダネージュ,,,,,0.887,2,100,130.0,1,1,1
20260726,202604020205,V3,wide,10-11,アンバサダネージュ×ショコラキュイ,,,,,0.887,2/1,100,350.0,1,1,1
20260726,202604020206,S2,win,7,ソウルオンファイア,2.4,2.4,0.773,0.773,0.871,1,100,240.0,1,1,1
20260726,202604020206,V1,place,7,ソウルオンファイア,,,,,0.871,1,100,150.0,1,1,1
20260726,202604020206,V2,place,7,ソウルオンファイア,,,,,0.871,1,100,150.0,1,1,1
20260726,202604020206,V3,wide,7-8,ソウルオンファイア×ラヴオントップ,,,,,0.871,1/8,100,0.0,1,1,1
20260726,202604020207,S1,win,9,サンダーストラック,14.3,14.3,1.074,1.074,0.882,9,100,0.0,1,1,1
20260726,202604020207,S1,win,13,ブエナオンダ,43.2,43.2,1.08,1.08,0.882,4,100,0.0,1,1,1
20260726,202604020207,S1C,win,9,サンダーストラック,14.3,14.3,1.074,1.074,0.882,9,100,0.0,1,1,1
20260726,202604020207,S1C,win,11,ドロップオブライト,16.0,16.0,0.951,0.951,0.882,12,100,0.0,1,1,1
20260726,202604020207,S1C,win,13,ブエナオンダ,43.2,43.2,1.08,1.08,0.882,4,100,0.0,1,1,1
20260726,202604020207,S2,win,8,ダノンセンチュリー,5.0,5.0,0.721,0.721,0.882,11,100,0.0,1,1,1
20260726,202604020207,V1,place,8,ダノンセンチュリー,,,,,0.882,11,100,0.0,1,1,1
20260726,202604020207,V3,wide,7-8,エルトンバローズ×ダノンセンチュリー,,,,,0.882,5/11,100,0.0,1,1,1
20260726,202604020208,S1,win,1,コンアフェット,7.3,7.3,1.364,1.364,0.883,10,100,0.0,1,1,1
20260726,202604020208,S1,win,4,ベルイストワール,90.1,90.1,1.253,1.253,0.883,4,100,0.0,1,1,1
20260726,202604020208,S1,win,8,アンドリーナ,72.3,72.3,1.152,1.152,0.883,5,100,0.0,1,1,1
20260726,202604020208,S1C,win,1,コンアフェット,7.3,7.3,1.364,1.364,0.883,10,100,0.0,1,1,1
20260726,202604020208,S1C,win,4,ベルイストワール,90.1,90.1,1.253,1.253,0.883,4,100,0.0,1,1,1
20260726,202604020208,S2,win,11,パイシャオピン,4.8,4.8,0.682,0.682,0.883,13,100,0.0,1,1,1
20260726,202604020208,S3,win,1,コンアフェット,7.3,7.3,1.364,1.364,0.883,10,100,0.0,1,1,1
20260726,202604020208,S5C,win,1,コンアフェット,7.3,7.3,1.364,1.364,0.883,10,100,0.0,1,1,1
20260726,202604020208,V1,place,11,パイシャオピン,,,,,0.883,13,100,0.0,1,1,1
20260726,202604020208,V3,wide,7-11,ケイツーリーブル×パイシャオピン,,,,,0.883,9/13,100,0.0,1,1,1
20260726,202604020210,S1,win,3,ブルーリファール,13.0,13.0,1.252,1.252,0.847,5,100,0.0,1,1,1
20260726,202604020210,S1,win,7,ロジキセキ,7.0,7.0,1.098,1.098,0.847,2,100,0.0,1,1,1
20260726,202604020210,S1,win,10,カンフーヒーロー,193.2,193.2,1.051,1.051,0.847,14,100,0.0,1,1,1
20260726,202604020210,S1C,win,3,ブルーリファール,13.0,13.0,1.252,1.252,0.847,5,100,0.0,1,1,1
20260726,202604020210,S1C,win,7,ロジキセキ,7.0,7.0,1.098,1.098,0.847,2,100,0.0,1,1,1
20260726,202604020210,S1C,win,10,カンフーヒーロー,193.2,193.2,1.051,1.051,0.847,14,100,0.0,1,1,1
20260726,202604020210,S2,win,9,トップデュオ,3.3,3.3,0.697,0.697,0.847,1,100,330.0,1,1,1
20260726,202604020210,V1,place,9,トップデュオ,,,,,0.847,1,100,160.0,1,1,1
20260726,202604020210,V3,wide,5-9,ゴットタレント×トップデュオ,,,,,0.847,8/1,100,0.0,1,1,1
20260726,202604020211,S1,win,6,ラブソング,33.6,33.6,1.066,1.066,0.862,6,100,0.0,1,1,1
20260726,202604020211,S1,win,14,ブラックティンカー,7.5,7.5,1.217,1.217,0.862,8,100,0.0,1,1,1
20260726,202604020211,S1C,win,6,ラブソング,33.6,33.6,1.066,1.066,0.862,6,100,0.0,1,1,1
20260726,202604020211,S1C,win,14,ブラックティンカー,7.5,7.5,1.217,1.217,0.862,8,100,0.0,1,1,1
20260726,202604020211,S2,win,13,パレスドフィーヌ,6.0,6.0,0.969,0.969,0.862,1,100,600.0,1,1,1
20260726,202604020211,S3,win,14,ブラックティンカー,7.5,7.5,1.217,1.217,0.862,8,100,0.0,1,1,1
20260726,202604020211,V1,place,13,パレスドフィーヌ,,,,,0.862,1,100,190.0,1,1,1
20260726,202604020211,V3,wide,13-15,パレスドフィーヌ×ルブリアン,,,,,0.862,1/11,100,0.0,1,1,1
20260726,202604020211,V4,trifecta,14-13-15,,,,,,,,100,0.0,1,1,1
20260726,202604020211,V4,trifecta,13-14-15,,,,,,,,100,0.0,1,1,1
20260726,202604020211,V4,trifecta,14-15-13,,,,,,,,100,0.0,1,1,1
20260726,202604020211,V4,trifecta,13-15-14,,,,,,,,100,0.0,1,1,1
20260726,202604020211,V4,trifecta,15-14-13,,,,,,,,100,0.0,1,1,1
20260726,202604020211,V4,trifecta,15-13-14,,,,,,,,100,0.0,1,1,1
20260726,202604020211,V4,trifecta,14-13-12,,,,,,,,100,0.0,1,1,1
20260726,202604020211,V4,trifecta,13-14-12,,,,,,,,100,0.0,1,1,1
20260726,202604020211,V4,trifecta,14-12-13,,,,,,,,100,0.0,1,1,1
20260726,202604020211,V4,trifecta,13-12-14,,,,,,,,100,0.0,1,1,1
20260726,202604020212,S1,win,8,ダゴベルト,34.3,34.3,1.013,1.013,0.869,15,100,0.0,1,1,1
20260726,202604020212,S1C,win,8,ダゴベルト,34.3,34.3,1.013,1.013,0.869,15,100,0.0,1,1,1
20260726,202604020212,S2,win,2,ミナヅキ,3.6,3.6,0.644,0.644,0.869,2,100,0.0,1,1,1
20260726,202604020212,V1,place,2,ミナヅキ,,,,,0.869,2,100,190.0,1,1,1
20260726,202604020212,V3,wide,2-13,ミナヅキ×ファランギーナ,,,,,0.869,2/7,100,0.0,1,1,1
20260726,202607020201,S2,win,1,メアグローリア,1.5,1.5,0.907,0.907,0.866,3,100,0.0,1,1,1
20260726,202607020201,V1,place,1,メアグローリア,,,,,0.866,3,100,110.0,1,1,1
20260726,202607020201,V2,place,1,メアグローリア,,,,,0.866,3,100,110.0,1,1,1
20260726,202607020201,V3,wide,1-6,メアグローリア×ルースソラール,,,,,0.866,3/2,100,140.0,1,1,1
20260726,202607020202,S1,win,3,ルナパッショーネ,2.5,2.5,1.011,1.011,0.557,1,100,250.0,1,1,1
20260726,202607020202,S1C,win,3,ルナパッショーネ,2.5,2.5,1.011,1.011,0.557,1,100,250.0,1,1,1
20260726,202607020202,S2,win,3,ルナパッショーネ,2.5,2.5,1.011,1.011,0.557,1,100,250.0,1,1,1
20260726,202607020202,V1,place,3,ルナパッショーネ,,,,,0.557,1,100,160.0,1,1,1
20260726,202607020203,S1,win,4,リアライズパリオ,31.1,31.1,1.012,1.012,0.869,7,100,0.0,1,1,1
20260726,202607020203,S1C,win,4,リアライズパリオ,31.1,31.1,1.012,1.012,0.869,7,100,0.0,1,1,1
20260726,202607020203,S2,win,6,ダノンミッドナイト,1.9,1.9,0.888,0.888,0.869,1,100,190.0,1,1,1
20260726,202607020203,V1,place,6,ダノンミッドナイト,,,,,0.869,1,100,110.0,1,1,1
20260726,202607020203,V2,place,6,ダノンミッドナイト,,,,,0.869,1,100,110.0,1,1,1
20260726,202607020203,V3,wide,6-9,ダノンミッドナイト×オープンザパンドラ,,,,,0.869,1/8,100,0.0,1,1,1
20260726,202607020204,S1,win,4,クリコバロー,23.6,23.6,1.313,1.313,0.86,13,100,0.0,1,1,1
20260726,202607020204,S1,win,10,ウォーブレイク,387.7,387.7,2.413,2.413,0.86,14,100,0.0,1,1,1
20260726,202607020204,S1,win,11,エアアルチーナ,3.5,3.5,1.215,1.215,0.86,1,100,350.0,1,1,1
20260726,202607020204,S1,win,13,マテンロウアワー,7.4,7.4,1.007,1.007,0.86,4,100,0.0,1,1,1
20260726,202607020204,S1C,win,4,クリコバロー,23.6,23.6,1.313,1.313,0.86,13,100,0.0,1,1,1
20260726,202607020204,S1C,win,10,ウォーブレイク,387.7,387.7,2.413,2.413,0.86,14,100,0.0,1,1,1
20260726,202607020204,S1C,win,11,エアアルチーナ,3.5,3.5,1.215,1.215,0.86,1,100,350.0,1,1,1
20260726,202607020204,S2,win,1,アイランド,3.0,3.0,0.462,0.462,0.86,3,100,0.0,1,1,1
20260726,202607020204,S3,win,11,エアアルチーナ,3.5,3.5,1.215,1.215,0.86,1,100,350.0,1,1,1
20260726,202607020204,V1,place,1,アイランド,,,,,0.86,3,100,120.0,1,1,1
20260726,202607020204,V3,wide,1-14,アイランド×マーチンゲール,,,,,0.86,3/2,100,360.0,1,1,1
20260726,202607020205,S1,win,4,パピプペピンク,56.2,56.2,1.072,1.072,0.838,16,100,0.0,1,1,1
20260726,202607020205,S2,win,14,セッシュウ,2.6,2.6,0.7,0.7,0.838,3,100,0.0,1,1,1
20260726,202607020205,V1,place,14,セッシュウ,,,,,0.838,3,100,120.0,1,1,1
20260726,202607020205,V2,place,14,セッシュウ,,,,,0.838,3,100,120.0,1,1,1
20260726,202607020205,V3,wide,1-14,ジョーカー×セッシュウ,,,,,0.838,4/3,100,0.0,1,1,1
20260726,202607020206,S1,win,6,マディソンガール,4.0,4.0,1.029,1.029,0.893,7,100,0.0,1,1,1
20260726,202607020206,S1C,win,6,マディソンガール,4.0,4.0,1.029,1.029,0.893,7,100,0.0,1,1,1
20260726,202607020206,S2,win,1,サヴォアフェール,2.2,2.2,0.755,0.755,0.893,1,100,220.00000000000003,1,1,1
20260726,202607020206,V1,place,1,サヴォアフェール,,,,,0.893,1,100,120.0,1,1,1
20260726,202607020206,V2,place,1,サヴォアフェール,,,,,0.893,1,100,120.0,1,1,1
20260726,202607020206,V3,wide,1-6,サヴォアフェール×マディソンガール,,,,,0.893,1/7,100,0.0,1,1,1
20260726,202607020207,S1,win,7,ダノンフィーゴ,5.1,5.1,1.022,1.022,0.894,10,100,0.0,1,1,1
20260726,202607020207,S1,win,12,バトルクライ,39.9,39.9,1.228,1.228,0.894,5,100,0.0,1,1,1
20260726,202607020207,S1C,win,12,バトルクライ,39.9,39.9,1.228,1.228,0.894,5,100,0.0,1,1,1
20260726,202607020207,S2,win,5,ドンインザムード,1.8,1.8,0.788,0.788,0.894,3,100,0.0,1,1,1
20260726,202607020207,V1,place,5,ドンインザムード,,,,,0.894,3,100,110.0,1,1,1
20260726,202607020207,V2,place,5,ドンインザムード,,,,,0.894,3,100,110.0,1,1,1
20260726,202607020207,V3,wide,5-7,ドンインザムード×ダノンフィーゴ,,,,,0.894,3/10,100,0.0,1,1,1
20260726,202607020208,S1,win,1,ジェシーテソーロ,32.6,32.6,1.063,1.063,0.885,9,100,0.0,1,1,1
20260726,202607020208,S1,win,5,ユウトザユウト,7.7,7.7,1.402,1.402,0.885,12,100,0.0,1,1,1
20260726,202607020208,S1,win,9,テイエムパイロット,14.3,14.3,1.044,1.044,0.885,4,100,0.0,1,1,1
20260726,202607020208,S1C,win,1,ジェシーテソーロ,32.6,32.6,1.063,1.063,0.885,9,100,0.0,1,1,1
20260726,202607020208,S1C,win,5,ユウトザユウト,7.7,7.7,1.402,1.402,0.885,12,100,0.0,1,1,1
20260726,202607020208,S1C,win,9,テイエムパイロット,14.3,14.3,1.044,1.044,0.885,4,100,0.0,1,1,1
20260726,202607020208,S2,win,2,ダンツシタン,3.2,3.2,0.667,0.667,0.885,1,100,320.0,1,1,1
20260726,202607020208,S3,win,5,ユウトザユウト,7.7,7.7,1.402,1.402,0.885,12,100,0.0,1,1,1
20260726,202607020208,S5C,win,5,ユウトザユウト,7.7,7.7,1.402,1.402,0.885,12,100,0.0,1,1,1
20260726,202607020208,V1,place,2,ダンツシタン,,,,,0.885,1,100,160.0,1,1,1
20260726,202607020208,V3,wide,2-4,ダンツシタン×ジョータルマエ,,,,,0.885,1/8,100,0.0,1,1,1
20260726,202607020209,S1,win,2,チリーゴールド,180.1,180.1,1.159,1.159,0.882,7,100,0.0,1,1,1
20260726,202607020209,S1C,win,2,チリーゴールド,180.1,180.1,1.159,1.159,0.882,7,100,0.0,1,1,1
20260726,202607020209,S2,win,1,ナルキッソス,5.2,5.2,0.822,0.822,0.882,1,100,520.0,1,1,1
20260726,202607020209,V1,place,1,ナルキッソス,,,,,0.882,1,100,210.0,1,1,1
20260726,202607020209,V3,wide,1-10,ナルキッソス×ペアレンツギフト,,,,,0.882,1/10,100,0.0,1,1,1
20260726,202607020210,S1,win,14,ラトラース,18.5,18.5,1.478,1.478,0.888,16,100,0.0,1,1,1
20260726,202607020210,S1C,win,14,ラトラース,18.5,18.5,1.478,1.478,0.888,16,100,0.0,1,1,1
20260726,202607020210,S2,win,10,ポッドリプル,2.7,2.7,0.783,0.783,0.888,1,100,270.0,1,1,1
20260726,202607020210,V1,place,10,ポッドリプル,,,,,0.888,1,100,120.0,1,1,1
20260726,202607020210,V2,place,10,ポッドリプル,,,,,0.888,1,100,120.0,1,1,1
20260726,202607020210,V3,wide,2-10,ラブインアクション×ポッドリプル,,,,,0.888,3/1,100,340.0,1,1,1
20260726,202607020211,S1,win,9,ロケベンドラ,6.8,6.8,1.006,1.006,0.881,1,100,680.0,1,1,1
20260726,202607020211,S1,win,12,ポペット,19.7,19.7,1.152,1.152,0.881,6,100,0.0,1,1,1
20260726,202607020211,S1C,win,2,カラペルソナ,5.6,5.6,0.992,0.992,0.881,5,100,0.0,1,1,1
20260726,202607020211,S1C,win,9,ロケベンドラ,6.8,6.8,1.006,1.006,0.881,1,100,680.0,1,1,1
20260726,202607020211,S1C,win,10,ウォーターエルピス,123.4,123.4,0.779,0.779,0.881,12,100,0.0,1,1,1
20260726,202607020211,S1C,win,12,ポペット,19.7,19.7,1.152,1.152,0.881,6,100,0.0,1,1,1
20260726,202607020211,S2,win,11,バースデイフライト,4.1,4.1,0.882,0.882,0.881,3,100,0.0,1,1,1
20260726,202607020211,V1,place,11,バースデイフライト,,,,,0.881,3,100,160.0,1,1,1
20260726,202607020211,V3,wide,2-11,カラペルソナ×バースデイフライト,,,,,0.881,5/3,100,0.0,1,1,1
20260726,202607020211,V4,trifecta,11-2-9,,,,,,,,100,0.0,1,1,1
20260726,202607020211,V4,trifecta,11-9-2,,,,,,,,100,0.0,1,1,1
20260726,202607020211,V4,trifecta,2-11-9,,,,,,,,100,0.0,1,1,1
20260726,202607020211,V4,trifecta,9-11-2,,,,,,,,100,0.0,1,1,1
20260726,202607020211,V4,trifecta,2-9-11,,,,,,,,100,0.0,1,1,1
20260726,202607020211,V4,trifecta,9-2-11,,,,,,,,100,0.0,1,1,1
20260726,202607020211,V4,trifecta,11-2-1,,,,,,,,100,0.0,1,1,1
20260726,202607020211,V4,trifecta,2-11-1,,,,,,,,100,0.0,1,1,1
20260726,202607020211,V4,trifecta,11-2-13,,,,,,,,100,0.0,1,1,1
20260726,202607020211,V4,trifecta,11-1-2,,,,,,,,100,0.0,1,1,1
20260726,202607020212,S1,win,2,ベルセクレト,18.8,18.8,1.298,1.298,0.876,1,100,1880.0,1,1,1
20260726,202607020212,S1,win,6,アンリミテッド,25.0,25.0,1.315,1.315,0.876,7,100,0.0,1,1,1
20260726,202607020212,S1,win,8,ステキサプライズ,126.7,126.7,1.272,1.272,0.876,10,100,0.0,1,1,1
20260726,202607020212,S1,win,15,ウイングサンライズ,19.3,19.3,1.249,1.249,0.876,4,100,0.0,1,1,1
20260726,202607020212,S1C,win,2,ベルセクレト,18.8,18.8,1.298,1.298,0.876,1,100,1880.0,1,1,1
20260726,202607020212,S1C,win,6,アンリミテッド,25.0,25.0,1.315,1.315,0.876,7,100,0.0,1,1,1
20260726,202607020212,S1C,win,8,ステキサプライズ,126.7,126.7,1.272,1.272,0.876,10,100,0.0,1,1,1
20260726,202607020212,S1C,win,15,ウイングサンライズ,19.3,19.3,1.249,1.249,0.876,4,100,0.0,1,1,1
20260726,202607020212,S2,win,7,チュウワメロディー,1.8,1.8,0.656,0.656,0.876,3,100,0.0,1,1,1
20260726,202607020212,V1,place,7,チュウワメロディー,,,,,0.876,3,100,110.0,1,1,1
20260726,202607020212,V2,place,7,チュウワメロディー,,,,,0.876,3,100,110.0,1,1,1
20260726,202607020212,V3,wide,3-7,コースタルロード×チュウワメロディー,,,,,0.876,6/3,100,0.0,1,1,1
20260801,202601010301,S2,win,7,ドリームガッサン,2.8,3.1,0.823,0.911,0.845,1,100,310.0,1,0,2
20260801,202601010301,V1,place,7,ドリームガッサン,,,,,0.845,1,100,150.0,1,0,2
20260801,202601010301,V2,place,7,ドリームガッサン,,,,,0.845,1,100,150.0,1,0,2
20260801,202601010301,V3,wide,1-7,サンライズロイ×ドリームガッサン,,,,,0.845,5/1,100,0.0,1,0,2
20260801,202601010302,S1,win,5,ロードレスポンス,14.3,9.4,1.04,0.683,0.793,9,100,0.0,1,0,2
20260801,202601010302,S2,win,2,マイネルリコルディ,3.5,3.6,0.778,0.8,0.793,3,100,0.0,1,0,2
20260801,202601010302,V1,place,2,マイネルリコルディ,,,,,0.793,3,100,140.0,1,0,2
20260801,202601010303,S1,win,7,マクローリン,13.0,49.5,1.191,4.534,0.875,9,100,0.0,1,0,2
20260801,202601010303,S1C,win,7,マクローリン,13.0,49.5,1.191,4.534,0.875,9,100,0.0,1,1,2
20260801,202601010303,S2,win,8,リテラシー,4.1,6.4,0.814,1.271,0.875,1,100,640.0,1,0,2
20260801,202601010303,V1,place,8,リテラシー,,,,,0.875,1,100,170.0,1,0,2
20260801,202601010303,V3,wide,5-8,アルジェンタム×リテラシー,,,,,0.875,3/1,100,430.0,1,0,2
20260801,202601010304,S1,win,8,リリーズブルーム,23.7,91.2,1.054,4.055,0.903,11,100,0.0,1,0,2
20260801,202601010304,S1,win,9,エイトスターズ,26.1,61.9,1.081,2.564,0.903,8,100,0.0,1,0,2
20260801,202601010304,S1C,win,8,リリーズブルーム,23.7,91.2,1.054,4.055,0.903,11,100,0.0,1,1,2
20260801,202601010304,S1C,win,9,エイトスターズ,26.1,61.9,1.081,2.564,0.903,8,100,0.0,1,1,2
20260801,202601010304,S2,win,1,アイドクレース,2.3,2.0,0.746,0.648,0.903,2,100,0.0,1,0,2
20260801,202601010304,V1,place,1,アイドクレース,,,,,0.903,2,100,110.0,1,0,2
20260801,202601010304,V2,place,1,アイドクレース,,,,,0.903,2,100,110.0,1,0,2
20260801,202601010304,V3,wide,1-4,アイドクレース×ブルースカイブルー,,,,,0.903,2/5,100,0.0,1,0,2
20260801,202601010305,S2,win,7,ブルージェイ,2.8,2.5,0.762,0.68,0.565,1,100,250.0,1,0,2
20260801,202601010305,V1,place,7,ブルージェイ,,,,,0.565,1,100,110.0,1,0,2
20260801,202601010306,S1C,win,1,エスカレイト,3.8,7.7,0.983,1.992,0.893,4,100,0.0,1,1,2
20260801,202601010306,S2,win,8,ウーマンズパワー,2.2,1.6,0.633,0.46,0.893,1,100,160.0,1,0,2
20260801,202601010306,V1,place,8,ウーマンズパワー,,,,,0.893,1,100,110.0,1,0,2
20260801,202601010306,V2,place,8,ウーマンズパワー,,,,,0.893,1,100,110.0,1,0,2
20260801,202601010306,V3,wide,1-8,エスカレイト×ウーマンズパワー,,,,,0.893,4/1,100,0.0,1,0,2
20260801,202601010307,S1,win,8,マリノリュミエール,27.9,45.1,1.104,1.785,0.894,6,100,0.0,1,0,2
20260801,202601010307,S1,win,11,コスモクラシック,18.9,11.0,1.181,0.687,0.894,2,100,0.0,1,0,2
20260801,202601010307,S1C,win,8,マリノリュミエール,27.9,45.1,1.104,1.785,0.894,6,100,0.0,1,1,2
20260801,202601010307,S1C,win,11,コスモクラシック,18.9,11.0,1.181,0.687,0.894,2,100,0.0,1,1,2
20260801,202601010307,S2,win,12,マンサニージャ,5.8,7.2,0.794,0.986,0.894,5,100,0.0,1,0,2
20260801,202601010307,V1,place,12,マンサニージャ,,,,,0.894,5,100,0.0,1,0,2
20260801,202601010307,V3,wide,10-12,ヒメヒオウギ×マンサニージャ,,,,,0.894,4/5,100,0.0,1,0,2
20260801,202601010308,S1,win,3,デルマホダカ,65.6,160.9,2.107,5.169,0.906,9,100,0.0,1,0,2
20260801,202601010308,S1C,win,3,デルマホダカ,65.6,160.9,2.107,5.169,0.906,9,100,0.0,1,1,2
20260801,202601010308,S1C,win,8,サマーナイト,21.5,17.9,0.984,0.819,0.906,3,100,0.0,1,1,2
20260801,202601010308,S2,win,4,エスシービクトリア,2.1,1.4,0.73,0.487,0.906,1,100,140.0,1,0,2
20260801,202601010308,V1,place,4,エスシービクトリア,,,,,0.906,1,100,110.0,1,0,2
20260801,202601010308,V2,place,4,エスシービクトリア,,,,,0.906,1,100,110.0,1,0,2
20260801,202601010308,V3,wide,4-11,エスシービクトリア×メイショウコシュウ,,,,,0.906,1/4,100,0.0,1,0,2
20260801,202601010309,S1,win,5,ウインベラーノ,20.2,24.0,1.021,1.213,0.926,2,100,0.0,1,0,2
20260801,202601010309,S1C,win,5,ウインベラーノ,20.2,24.0,1.021,1.213,0.926,2,100,0.0,1,1,2
20260801,202601010309,S2,win,2,テルヒコウ,2.0,2.5,0.753,0.941,0.926,6,100,0.0,1,0,2
20260801,202601010309,V1,place,2,テルヒコウ,,,,,0.926,6,100,0.0,1,0,2
20260801,202601010309,V2,place,2,テルヒコウ,,,,,0.926,6,100,0.0,1,0,2
20260801,202601010309,V3,wide,2-6,テルヒコウ×ジョイエッロ,,,,,0.926,6/4,100,0.0,1,0,2
20260801,202601010310,S1,win,14,イズントイット,131.8,336.4,1.589,4.055,0.911,12,100,0.0,1,0,2
20260801,202601010310,S1C,win,14,イズントイット,131.8,336.4,1.589,4.055,0.911,12,100,0.0,1,1,2
20260801,202601010310,S2,win,8,ルールザウェイヴ,4.8,3.6,0.861,0.646,0.911,2,100,0.0,1,0,2
20260801,202601010310,V1,place,8,ルールザウェイヴ,,,,,0.911,2,100,130.0,1,0,2
20260801,202601010310,V3,wide,1-8,イヌボウノウタゴエ×ルールザウェイヴ,,,,,0.911,1/2,100,310.0,1,0,2
20260801,202601010311,S1,win,12,アルマデオロ,3.7,4.1,1.057,1.172,0.909,2,100,0.0,1,0,2
20260801,202601010311,S1,win,15,エゾダイモン,36.0,101.3,1.184,3.333,0.909,16,100,0.0,1,0,2
20260801,202601010311,S1C,win,12,アルマデオロ,3.7,4.1,1.057,1.172,0.909,2,100,0.0,1,1,2
20260801,202601010311,S1C,win,15,エゾダイモン,36.0,101.3,1.184,3.333,0.909,16,100,0.0,1,1,2
20260801,202601010311,S2,win,12,アルマデオロ,3.7,4.1,1.057,1.172,0.909,2,100,0.0,1,0,2
20260801,202601010311,V1,place,12,アルマデオロ,,,,,0.909,2,100,180.0,1,0,2
20260801,202601010311,V2,place,12,アルマデオロ,,,,,0.909,2,100,180.0,1,0,2
20260801,202601010311,V3,wide,11-12,ショウナンサムデイ×アルマデオロ,,,,,0.909,3/2,100,790.0,1,0,2
20260801,202601010311,V4,trifecta,12-11-7,,,,,,,,100,0.0,1,0,1
20260801,202601010311,V4,trifecta,12-7-11,,,,,,,,100,0.0,1,0,1
20260801,202601010311,V4,trifecta,12-11-10,,,,,,,,100,0.0,1,0,1
20260801,202601010311,V4,trifecta,12-10-11,,,,,,,,100,0.0,1,0,1
20260801,202601010311,V4,trifecta,12-11-8,,,,,,,,100,0.0,1,0,1
20260801,202601010311,V4,trifecta,11-12-7,,,,,,,,100,0.0,1,0,1
20260801,202601010311,V4,trifecta,12-11-14,,,,,,,,100,0.0,1,0,1
20260801,202601010311,V4,trifecta,11-12-10,,,,,,,,100,0.0,1,0,1
20260801,202601010311,V4,trifecta,12-8-11,,,,,,,,100,0.0,1,0,1
20260801,202601010311,V4,trifecta,7-12-11,,,,,,,,100,0.0,1,0,1
20260801,202601010312,S2,win,7,ユージュアーナ,2.5,3.0,0.734,0.881,0.905,8,100,0.0,1,0,2
20260801,202601010312,V1,place,7,ユージュアーナ,,,,,0.905,8,100,0.0,1,0,2
20260801,202601010312,V2,place,7,ユージュアーナ,,,,,0.905,8,100,0.0,1,0,2
20260801,202601010312,V3,wide,3-7,エアニゲラ×ユージュアーナ,,,,,0.905,2/8,100,0.0,1,0,2
20260801,202604020301,S1,win,3,エレガントステップ,64.4,113.8,1.365,2.412,0.796,9,100,0.0,1,0,2
20260801,202604020301,S2,win,10,エストレアボニータ,2.7,2.1,0.756,0.588,0.796,1,100,210.0,1,0,2
20260801,202604020301,V1,place,10,エストレアボニータ,,,,,0.796,1,100,130.0,1,0,2
20260801,202604020302,S2,win,2,シェーンリヒト,2.5,3.4,0.876,1.191,0.586,3,100,0.0,1,0,2
20260801,202604020302,V1,place,2,シェーンリヒト,,,,,0.586,3,100,120.0,1,0,2
20260801,202604020303,S2,win,3,ボーデコール,3.9,3.2,0.818,0.671,0.571,1,100,320.0,1,0,2
20260801,202604020303,V1,place,3,ボーデコール,,,,,0.571,1,100,160.0,1,0,2
20260801,202604020304,S2,win,15,ブルージンジャー,6.1,4.5,0.902,0.665,0.874,3,100,0.0,1,0,2
20260801,202604020304,V1,place,15,ブルージンジャー,,,,,0.874,3,100,200.0,1,0,2
20260801,202604020304,V3,wide,3-15,ユニバーサルラヴ×ブルージンジャー,,,,,0.874,7/3,100,0.0,1,0,2
20260801,202604020305,S1,win,1,バル,43.5,216.5,1.837,9.143,0.86,13,100,0.0,1,0,2
20260801,202604020305,S1,win,4,ヴィスクレス,13.3,17.7,1.114,1.482,0.86,8,100,0.0,1,0,2
20260801,202604020305,S1,win,5,ジーティーニッツァ,36.3,81.1,1.075,2.402,0.86,2,100,0.0,1,0,2
20260801,202604020305,S1,win,15,エクスペクタント,32.0,41.3,1.065,1.375,0.86,10,100,0.0,1,0,2
20260801,202604020305,S1C,win,1,バル,43.5,216.5,1.837,9.143,0.86,13,100,0.0,1,1,2
20260801,202604020305,S1C,win,5,ジーティーニッツァ,36.3,81.1,1.075,2.402,0.86,2,100,0.0,1,1,2
20260801,202604020305,S1C,win,15,エクスペクタント,32.0,41.3,1.065,1.375,0.86,10,100,0.0,1,1,2
20260801,202604020305,S2,win,6,シェリアドレ,3.3,4.3,0.818,1.066,0.86,1,100,430.0,1,0,2
20260801,202604020305,V1,place,6,シェリアドレ,,,,,0.86,1,100,210.0,1,0,2
20260801,202604020305,V3,wide,6-12,シェリアドレ×サクラドール,,,,,0.86,1/7,100,0.0,1,0,2
20260801,202604020306,S1,win,5,コスモスプモーニ,132.9,260.7,1.167,2.289,0.917,12,100,0.0,1,0,2
20260801,202604020306,S1C,win,5,コスモスプモーニ,132.9,260.7,1.167,2.289,0.917,12,100,0.0,1,1,2
20260801,202604020306,S2,win,1,タイセイプランセス,4.7,5.2,0.749,0.829,0.917,1,100,520.0,1,0,2
20260801,202604020306,V1,place,1,タイセイプランセス,,,,,0.917,1,100,210.0,1,0,2
20260801,202604020306,V3,wide,1-10,タイセイプランセス×コンフォルツァ,,,,,0.917,1/2,100,390.0,1,0,2
20260801,202604020307,S1,win,3,エイブラムス,14.6,28.2,1.139,2.199,0.906,7,100,0.0,1,0,2
20260801,202604020307,S1,win,10,フームスムート,58.0,127.2,1.508,3.308,0.906,13,100,0.0,1,0,2
20260801,202604020307,S1,win,14,ショウサンジョージ,7.5,5.7,1.019,0.774,0.906,10,100,0.0,1,0,2
20260801,202604020307,S1,win,15,オレデイイノカ,87.3,205.5,1.464,3.447,0.906,11,100,0.0,1,0,2
20260801,202604020307,S1C,win,3,エイブラムス,14.6,28.2,1.139,2.199,0.906,7,100,0.0,1,1,2
20260801,202604020307,S1C,win,8,ラフエイジアン,19.8,31.8,0.916,1.471,0.906,4,100,0.0,1,1,2
20260801,202604020307,S1C,win,10,フームスムート,58.0,127.2,1.508,3.308,0.906,13,100,0.0,1,1,2
20260801,202604020307,S1C,win,14,ショウサンジョージ,7.5,5.7,1.019,0.774,0.906,10,100,0.0,1,1,2
20260801,202604020307,S1C,win,15,オレデイイノカ,87.3,205.5,1.464,3.447,0.906,11,100,0.0,1,1,2
20260801,202604020307,S2,win,6,ペンナヴェローチェ,4.9,4.0,0.55,0.449,0.906,5,100,0.0,1,0,2
20260801,202604020307,V1,place,6,ペンナヴェローチェ,,,,,0.906,5,100,0.0,1,0,2
20260801,202604020307,V3,wide,6-14,ペンナヴェローチェ×ショウサンジョージ,,,,,0.906,5/10,100,0.0,1,0,2
20260801,202604020308,S2,win,11,リアライズルミナス,1.5,1.4,0.89,0.831,0.92,3,100,0.0,1,0,2
20260801,202604020308,V1,place,11,リアライズルミナス,,,,,0.92,3,100,110.0,1,0,2
20260801,202604020308,V2,place,11,リアライズルミナス,,,,,0.92,3,100,110.0,1,0,2
20260801,202604020308,V3,wide,7-11,ウィロークリーク×リアライズルミナス,,,,,0.92,11/3,100,0.0,1,0,2
20260801,202604020309,S1,win,4,ホウオウルクソール,3.9,6.5,1.035,1.726,0.903,5,100,0.0,1,0,2
20260801,202604020309,S1C,win,4,ホウオウルクソール,3.9,6.5,1.035,1.726,0.903,5,100,0.0,1,1,2
20260801,202604020309,S2,win,10,エアサロメ,3.7,2.2,0.747,0.444,0.903,4,100,0.0,1,0,2
20260801,202604020309,V1,place,10,エアサロメ,,,,,0.903,4,100,0.0,1,0,2
20260801,202604020309,V3,wide,4-10,ホウオウルクソール×エアサロメ,,,,,0.903,5/4,100,0.0,1,0,2
20260801,202604020310,S1,win,14,ニュークリアス,27.9,24.5,1.189,1.044,0.89,7,100,0.0,1,0,2
20260801,202604020310,S1,win,15,ノクターナルハント,43.2,91.4,1.027,2.172,0.89,13,100,0.0,1,0,2
20260801,202604020310,S1C,win,14,ニュークリアス,27.9,24.5,1.189,1.044,0.89,7,100,0.0,1,1,2
20260801,202604020310,S1C,win,15,ノクターナルハント,43.2,91.4,1.027,2.172,0.89,13,100,0.0,1,1,2
20260801,202604020310,S2,win,13,ゴールドプレイヤー,2.0,1.6,0.744,0.595,0.89,3,100,0.0,1,0,2
20260801,202604020310,V1,place,13,ゴールドプレイヤー,,,,,0.89,3,100,110.0,1,0,2
20260801,202604020310,V2,place,13,ゴールドプレイヤー,,,,,0.89,3,100,110.0,1,0,2
20260801,202604020310,V3,wide,5-13,ロードプレリュード×ゴールドプレイヤー,,,,,0.89,8/3,100,0.0,1,0,2
20260801,202604020311,S1,win,7,フュチュール,39.8,173.4,1.698,7.398,0.877,11,100,0.0,1,0,2
20260801,202604020311,S1,win,8,クイーンアン,7.6,11.6,1.046,1.596,0.877,14,100,0.0,1,0,2
20260801,202604020311,S1,win,16,カタカムナ,44.8,100.9,1.447,3.258,0.877,13,100,0.0,1,0,2
20260801,202604020311,S1,win,17,パルミエ,43.5,223.6,1.336,6.867,0.877,16,100,0.0,1,0,2
20260801,202604020311,S1C,win,7,フュチュール,39.8,173.4,1.698,7.398,0.877,11,100,0.0,1,1,2
20260801,202604020311,S1C,win,8,クイーンアン,7.6,11.6,1.046,1.596,0.877,14,100,0.0,1,1,2
20260801,202604020311,S1C,win,16,カタカムナ,44.8,100.9,1.447,3.258,0.877,13,100,0.0,1,1,2
20260801,202604020311,S1C,win,17,パルミエ,43.5,223.6,1.336,6.867,0.877,16,100,0.0,1,1,2
20260801,202604020311,S2,win,1,ヴェニゼロス,6.2,6.8,0.887,0.972,0.877,4,100,0.0,1,0,2
20260801,202604020311,V1,place,1,ヴェニゼロス,,,,,0.877,4,100,0.0,1,0,2
20260801,202604020311,V3,wide,1-14,ヴェニゼロス×ジャストビコーズ,,,,,0.877,4/17,100,0.0,1,0,2
20260801,202604020311,V4,trifecta,1-8-14,,,,,,,,100,0.0,1,0,1
20260801,202604020311,V4,trifecta,1-14-8,,,,,,,,100,0.0,1,0,1
20260801,202604020311,V4,trifecta,8-1-14,,,,,,,,100,0.0,1,0,1
20260801,202604020311,V4,trifecta,14-1-8,,,,,,,,100,0.0,1,0,1
20260801,202604020311,V4,trifecta,8-14-1,,,,,,,,100,0.0,1,0,1
20260801,202604020311,V4,trifecta,14-8-1,,,,,,,,100,0.0,1,0,1
20260801,202604020311,V4,trifecta,1-8-11,,,,,,,,100,0.0,1,0,1
20260801,202604020311,V4,trifecta,8-1-11,,,,,,,,100,0.0,1,0,1
20260801,202604020311,V4,trifecta,1-11-8,,,,,,,,100,0.0,1,0,1
20260801,202604020311,V4,trifecta,1-14-11,,,,,,,,100,0.0,1,0,1
20260801,202604020312,S1,win,8,カシオペア,7.2,10.1,1.103,1.547,0.895,3,100,0.0,1,0,2
20260801,202604020312,S1,win,12,シルフィー,21.2,39.5,1.083,2.018,0.895,11,100,0.0,1,0,2
20260801,202604020312,S1,win,17,ステキサプライズ,23.9,143.3,1.031,6.183,0.895,5,100,0.0,1,0,2
20260801,202604020312,S1C,win,8,カシオペア,7.2,10.1,1.103,1.547,0.895,3,100,0.0,1,1,2
20260801,202604020312,S1C,win,12,シルフィー,21.2,39.5,1.083,2.018,0.895,11,100,0.0,1,1,2
20260801,202604020312,S1C,win,17,ステキサプライズ,23.9,143.3,1.031,6.183,0.895,5,100,0.0,1,1,2
20260801,202604020312,S2,win,2,タイキオーベロン,5.3,6.5,0.807,0.99,0.895,4,100,0.0,1,0,2
20260801,202604020312,V1,place,2,タイキオーベロン,,,,,0.895,4,100,0.0,1,0,2
20260801,202604020312,V3,wide,2-11,タイキオーベロン×レモンバーム,,,,,0.895,4/16,100,0.0,1,0,2
20260801,202607020301,S1C,win,2,シャインラブ,5.8,12.3,0.983,2.084,0.886,4,100,0.0,1,1,2
20260801,202607020301,S2,win,3,オスカーレイア,2.9,2.3,0.709,0.563,0.886,8,100,0.0,1,0,2
20260801,202607020301,V1,place,3,オスカーレイア,,,,,0.886,8,100,0.0,1,0,2
20260801,202607020301,V3,wide,3-8,オスカーレイア×サイモンレガシー,,,,,0.886,8/2,100,0.0,1,0,2
20260801,202607020302,S1C,win,3,ジョリープリュム,21.3,19.2,0.914,0.824,0.546,8,100,0.0,1,1,2
20260801,202607020302,S1C,win,11,ウインクローバー,22.0,60.3,0.96,2.63,0.546,5,100,0.0,1,1,2
20260801,202607020302,S2,win,13,バティック,3.2,3.3,0.858,0.885,0.546,2,100,0.0,1,0,2
20260801,202607020302,V1,place,13,バティック,,,,,0.546,2,100,130.0,1,0,2
20260801,202607020303,S1,win,1,アージュドール,20.6,13.6,1.274,0.841,0.873,11,100,0.0,1,0,2
20260801,202607020303,S1,win,7,アイルドゥレーヴェ,16.8,15.3,1.227,1.117,0.873,12,100,0.0,1,0,2
20260801,202607020303,S1,win,14,グリミスティ,123.1,204.4,1.054,1.75,0.873,5,100,0.0,1,0,2
20260801,202607020303,S1C,win,1,アージュドール,20.6,13.6,1.274,0.841,0.873,11,100,0.0,1,1,2
20260801,202607020303,S1C,win,7,アイルドゥレーヴェ,16.8,15.3,1.227,1.117,0.873,12,100,0.0,1,1,2
20260801,202607020303,S1C,win,14,グリミスティ,123.1,204.4,1.054,1.75,0.873,5,100,0.0,1,1,2
20260801,202607020303,S2,win,11,チェファルー,1.4,1.4,0.697,0.697,0.873,1,100,140.0,1,0,2
20260801,202607020303,V1,place,11,チェファルー,,,,,0.873,1,100,110.0,1,0,2
20260801,202607020303,V2,place,11,チェファルー,,,,,0.873,1,100,110.0,1,0,2
20260801,202607020303,V3,wide,6-11,ゴリョウセイ×チェファルー,,,,,0.873,4/1,100,0.0,1,0,2
20260801,202607020304,S1,win,2,タントレーベル,25.1,40.7,1.785,2.894,0.897,15,100,0.0,1,0,2
20260801,202607020304,S1,win,13,タガノアルテミス,27.5,15.8,1.334,0.767,0.897,3,100,0.0,1,0,2
20260801,202607020304,S1,win,16,メイショウマグナ,51.8,68.3,3.012,3.972,0.897,12,100,0.0,1,0,2
20260801,202607020304,S1C,win,2,タントレーベル,25.1,40.7,1.785,2.894,0.897,15,100,0.0,1,1,2
20260801,202607020304,S1C,win,13,タガノアルテミス,27.5,15.8,1.334,0.767,0.897,3,100,0.0,1,1,2
20260801,202607020304,S1C,win,16,メイショウマグナ,51.8,68.3,3.012,3.972,0.897,12,100,0.0,1,1,2
20260801,202607020304,S2,win,15,フィデリス,3.1,4.6,0.726,1.077,0.897,9,100,0.0,1,0,2
20260801,202607020304,V1,place,15,フィデリス,,,,,0.897,9,100,0.0,1,0,2
20260801,202607020304,V3,wide,9-15,ウンナターシャ×フィデリス,,,,,0.897,1/9,100,0.0,1,0,2
20260801,202607020305,S1,win,5,サラサダンディー,38.1,118.0,1.069,3.312,0.853,6,100,0.0,1,0,2
20260801,202607020305,S1,win,7,ニシノエビガタメ,23.0,83.0,1.061,3.83,0.853,4,100,0.0,1,0,2
20260801,202607020305,S1,win,10,サンライズジャッジ,56.7,187.1,1.045,3.448,0.853,14,100,0.0,1,0,2
20260801,202607020305,S1,win,11,レディトゥアタック,21.7,34.9,1.213,1.95,0.853,8,100,0.0,1,0,2
20260801,202607020305,S1,win,16,フォーシーファイン,57.8,113.5,1.895,3.722,0.853,12,100,0.0,1,0,2
20260801,202607020305,S1C,win,3,クロンヌジャン,21.0,19.5,0.973,0.904,0.853,15,100,0.0,1,1,2
20260801,202607020305,S1C,win,5,サラサダンディー,38.1,118.0,1.069,3.312,0.853,6,100,0.0,1,1,2
20260801,202607020305,S1C,win,7,ニシノエビガタメ,23.0,83.0,1.061,3.83,0.853,4,100,0.0,1,1,2
20260801,202607020305,S1C,win,11,レディトゥアタック,21.7,34.9,1.213,1.95,0.853,8,100,0.0,1,1,2
20260801,202607020305,S1C,win,16,フォーシーファイン,57.8,113.5,1.895,3.722,0.853,12,100,0.0,1,1,2
20260801,202607020305,S2,win,9,メイショウナナシロ,2.2,2.0,0.625,0.568,0.853,2,100,0.0,1,0,2
20260801,202607020305,V1,place,9,メイショウナナシロ,,,,,0.853,2,100,130.0,1,0,2
20260801,202607020305,V2,place,9,メイショウナナシロ,,,,,0.853,2,100,130.0,1,0,2
20260801,202607020305,V3,wide,9-14,メイショウナナシロ×サトノグロリア,,,,,0.853,2/1,100,290.0,1,0,2
20260801,202607020306,S1,win,12,ナッカーフェイス,64.8,180.9,1.139,3.18,0.901,6,100,0.0,1,0,2
20260801,202607020306,S1C,win,9,ヴィリアリート,21.5,37.5,0.95,1.657,0.901,10,100,0.0,1,1,2
20260801,202607020306,S2,win,3,スナッピードレッサ,2.2,1.9,0.782,0.675,0.901,1,100,190.0,1,0,2
20260801,202607020306,V1,place,3,スナッピードレッサ,,,,,0.901,1,100,110.0,1,0,2
20260801,202607020306,V2,place,3,スナッピードレッサ,,,,,0.901,1,100,110.0,1,0,2
20260801,202607020306,V3,wide,3-8,スナッピードレッサ×ニューオーリンズ,,,,,0.901,1/3,100,220.0,1,0,2
20260801,202607020307,S1,win,6,ハワイアンティアレ,14.7,16.1,1.423,1.559,0.9,1,100,1610.0000000000002,1,0,2
20260801,202607020307,S1,win,11,アイルシャイン,19.5,38.8,1.005,2.0,0.9,9,100,0.0,1,0,2
20260801,202607020307,S1C,win,6,ハワイアンティアレ,14.7,16.1,1.423,1.559,0.9,1,100,1610.0000000000002,1,1,2
20260801,202607020307,S1C,win,11,アイルシャイン,19.5,38.8,1.005,2.0,0.9,9,100,0.0,1,1,2
20260801,202607020307,S2,win,2,アンドゥーリル,2.2,1.8,0.861,0.704,0.9,6,100,0.0,1,0,2
20260801,202607020307,V1,place,2,アンドゥーリル,,,,,0.9,6,100,0.0,1,0,2
20260801,202607020307,V2,place,2,アンドゥーリル,,,,,0.9,6,100,0.0,1,0,2
20260801,202607020307,V3,wide,1-2,ケーブパール×アンドゥーリル,,,,,0.9,3/6,100,0.0,1,0,2
20260801,202607020308,S1,win,6,テンエースワン,31.7,61.4,1.017,1.97,0.889,6,100,0.0,1,0,2
20260801,202607020308,S1,win,11,レッドボブ,25.8,23.0,1.045,0.932,0.889,11,100,0.0,1,0,2
20260801,202607020308,S1C,win,1,メイショウクーガー,39.8,41.3,0.992,1.029,0.889,7,100,0.0,1,1,2
20260801,202607020308,S1C,win,11,レッドボブ,25.8,23.0,1.045,0.932,0.889,11,100,0.0,1,1,2
20260801,202607020308,S2,win,10,ビービークローサー,1.3,1.2,0.783,0.722,0.889,1,100,120.0,1,0,2
20260801,202607020308,V1,place,10,ビービークローサー,,,,,0.889,1,100,100.0,1,0,2
20260801,202607020308,V2,place,10,ビービークローサー,,,,,0.889,1,100,100.0,1,0,2
20260801,202607020308,V3,wide,10-12,ビービークローサー×バルダンツァ,,,,,0.889,1/5,100,0.0,1,0,2
20260801,202607020310,S1,win,5,メイショウアボット,23.0,43.9,1.407,2.686,0.899,7,100,0.0,1,0,2
20260801,202607020310,S1,win,10,カフェノワール,7.6,6.5,1.025,0.877,0.899,3,100,0.0,1,0,2
20260801,202607020310,S1C,win,5,メイショウアボット,23.0,43.9,1.407,2.686,0.899,7,100,0.0,1,1,2
20260801,202607020310,S2,win,2,ハウリングウィンド,5.2,9.2,0.99,1.751,0.899,10,100,0.0,1,0,2
20260801,202607020310,V1,place,2,ハウリングウィンド,,,,,0.899,10,100,0.0,1,0,2
20260801,202607020310,V3,wide,2-14,ハウリングウィンド×プルメリアリノ,,,,,0.899,10/1,100,0.0,1,0,2
20260801,202607020311,S1,win,1,シルバーリム,7.7,10.4,1.153,1.557,0.904,4,100,0.0,1,0,2
20260801,202607020311,S1,win,5,ヴィスコンテッサ,5.5,12.9,1.03,2.416,0.904,2,100,0.0,1,0,2
20260801,202607020311,S1C,win,1,シルバーリム,7.7,10.4,1.153,1.557,0.904,4,100,0.0,1,1,2
20260801,202607020311,S1C,win,5,ヴィスコンテッサ,5.5,12.9,1.03,2.416,0.904,2,100,0.0,1,1,2
20260801,202607020311,S2,win,7,ピカキウイ,3.6,2.1,0.751,0.438,0.904,3,100,0.0,1,0,2
20260801,202607020311,V1,place,7,ピカキウイ,,,,,0.904,3,100,110.0,1,0,2
20260801,202607020311,V3,wide,5-7,ヴィスコンテッサ×ピカキウイ,,,,,0.904,2/3,100,520.0,1,0,2
20260801,202607020311,V4,trifecta,7-5-1,,,,,,,,100,0.0,1,0,1
20260801,202607020311,V4,trifecta,5-7-1,,,,,,,,100,0.0,1,0,1
20260801,202607020311,V4,trifecta,7-1-5,,,,,,,,100,0.0,1,0,1
20260801,202607020311,V4,trifecta,5-1-7,,,,,,,,100,0.0,1,0,1
20260801,202607020311,V4,trifecta,1-7-5,,,,,,,,100,0.0,1,0,1
20260801,202607020311,V4,trifecta,1-5-7,,,,,,,,100,0.0,1,0,1
20260801,202607020311,V4,trifecta,7-5-3,,,,,,,,100,0.0,1,0,1
20260801,202607020311,V4,trifecta,5-7-3,,,,,,,,100,0.0,1,0,1
20260801,202607020311,V4,trifecta,7-5-2,,,,,,,,100,0.0,1,0,1
20260801,202607020311,V4,trifecta,5-7-2,,,,,,,,100,0.0,1,0,1
20260801,202607020312,S1C,win,10,サマーブリザード,102.0,240.2,0.979,2.305,0.903,11,100,0.0,1,1,2
20260801,202607020312,S2,win,6,ヴォーカライズ,2.7,5.6,0.813,1.686,0.903,2,100,0.0,1,0,2
20260801,202607020312,V1,place,6,ヴォーカライズ,,,,,0.903,2,100,230.0,1,0,2
20260801,202607020312,V2,place,6,ヴォーカライズ,,,,,0.903,2,100,230.0,1,0,2
20260801,202607020312,V3,wide,1-6,サーディンラン×ヴォーカライズ,,,,,0.903,1/2,100,550.0,1,0,2
20260802,202601010401,S1,win,4,ダノンルミエール,18.5,18.5,1.143,1.143,0.901,13,100,0.0,1,1,2
20260802,202601010401,S1C,win,4,ダノンルミエール,18.5,18.5,1.143,1.143,0.901,13,100,0.0,1,1,2
20260802,202601010401,S2,win,1,タガノシルフィー,2.5,2.5,0.759,0.759,0.901,2,100,0.0,1,1,2
20260802,202601010401,V1,place,1,タガノシルフィー,,,,,0.901,2,100,130.0,1,1,2
20260802,202601010401,V2,place,1,タガノシルフィー,,,,,0.901,2,100,130.0,1,1,2
20260802,202601010401,V3,wide,1-8,タガノシルフィー×ストリートクイーン,,,,,0.901,2/3,100,220.0,1,1,2
20260802,202601010402,S1,win,4,シーシェル,149.0,149.0,1.121,1.121,0.869,6,100,0.0,1,1,2
20260802,202601010402,S1,win,13,アトリ,22.7,22.7,1.15,1.15,0.869,11,100,0.0,1,1,2
20260802,202601010402,S1C,win,4,シーシェル,149.0,149.0,1.121,1.121,0.869,6,100,0.0,1,1,2
20260802,202601010402,S1C,win,13,アトリ,22.7,22.7,1.15,1.15,0.869,11,100,0.0,1,1,2
20260802,202601010402,S2,win,3,ペカリーナ,2.8,2.8,0.757,0.757,0.869,4,100,0.0,1,1,2
20260802,202601010402,V1,place,3,ペカリーナ,,,,,0.869,4,100,0.0,1,1,2
20260802,202601010402,V2,place,3,ペカリーナ,,,,,0.869,4,100,0.0,1,1,2
20260802,202601010402,V3,wide,3-8,ペカリーナ×エグジスタンス,,,,,0.869,4/1,100,0.0,1,1,2
20260802,202601010403,S1,win,2,ワンダーゾルダート,40.3,40.3,1.119,1.119,0.9,6,100,0.0,1,1,2
20260802,202601010403,S1,win,9,ハイランダー,17.0,17.0,1.279,1.279,0.9,7,100,0.0,1,1,2
20260802,202601010403,S1C,win,1,モズヴイ,14.9,14.9,0.966,0.966,0.9,9,100,0.0,1,1,2
20260802,202601010403,S1C,win,2,ワンダーゾルダート,40.3,40.3,1.119,1.119,0.9,6,100,0.0,1,1,2
20260802,202601010403,S1C,win,5,イーサンミラー,24.3,24.3,0.845,0.845,0.9,3,100,0.0,1,1,2
20260802,202601010403,S1C,win,9,ハイランダー,17.0,17.0,1.279,1.279,0.9,7,100,0.0,1,1,2
20260802,202601010403,S2,win,3,ワンダーブリッツ,1.5,1.5,0.794,0.794,0.9,1,100,150.0,1,1,2
20260802,202601010403,V1,place,3,ワンダーブリッツ,,,,,0.9,1,100,110.0,1,1,2
20260802,202601010403,V2,place,3,ワンダーブリッツ,,,,,0.9,1,100,110.0,1,1,2
20260802,202601010403,V3,wide,3-8,ワンダーブリッツ×ゴンフィンガー,,,,,0.9,1/2,100,120.0,1,1,2
20260802,202601010404,S1C,win,9,ニヒトツーゼーア,28.4,28.4,0.931,0.931,0.897,10,100,0.0,1,1,2
20260802,202601010404,S1C,win,12,テイクザクラウン,22.3,22.3,0.895,0.895,0.897,6,100,0.0,1,1,2
20260802,202601010404,S2,win,5,クオンタムスター,1.7,1.7,0.845,0.845,0.897,2,100,0.0,1,1,2
20260802,202601010404,V1,place,5,クオンタムスター,,,,,0.897,2,100,110.0,1,1,2
20260802,202601010404,V2,place,5,クオンタムスター,,,,,0.897,2,100,110.0,1,1,2
20260802,202601010404,V3,wide,2-5,ワンダフルデイズ×クオンタムスター,,,,,0.897,4/2,100,0.0,1,1,2
20260802,202601010405,S1,win,3,オンザボー,4.9,4.9,1.012,1.012,0.576,3,100,0.0,1,1,2
20260802,202601010405,S1C,win,10,グラブザクラウン,26.4,26.4,0.891,0.891,0.576,9,100,0.0,1,1,2
20260802,202601010405,S2,win,2,ホウオウプレマ,2.8,2.8,0.692,0.692,0.576,1,100,280.0,1,1,2
20260802,202601010405,V1,place,2,ホウオウプレマ,,,,,0.576,1,100,130.0,1,1,2
20260802,202601010406,S2,win,9,ゼルダ,-3.0,,-1.196,,0.893,除外,0,0.0,1,1,2
20260802,202601010406,V1,place,9,ゼルダ,,,,,0.893,除外,0,0.0,1,1,2
20260802,202601010406,V2,place,9,ゼルダ,,,,,0.893,除外,0,0.0,1,1,2
20260802,202601010406,V3,wide,4-9,マテンロウカナロア×ゼルダ,,,,,0.893,9/除外,0,0.0,1,1,2
20260802,202601010407,S1,win,2,フクチャンブラック,15.7,15.7,1.292,1.292,0.879,8,100,0.0,1,1,2
20260802,202601010407,S1,win,11,デイズインザサン,26.7,26.7,1.171,1.171,0.879,4,100,0.0,1,1,2
20260802,202601010407,S1C,win,2,フクチャンブラック,15.7,15.7,1.292,1.292,0.879,8,100,0.0,1,1,2
20260802,202601010407,S1C,win,11,デイズインザサン,26.7,26.7,1.171,1.171,0.879,4,100,0.0,1,1,2
20260802,202601010407,S1C,win,12,ヤクジョ,25.7,25.7,0.921,0.921,0.879,3,100,0.0,1,1,2
20260802,202601010407,S2,win,1,アールグレイ,1.8,1.8,0.693,0.693,0.879,6,100,0.0,1,1,2
20260802,202601010407,V1,place,1,アールグレイ,,,,,0.879,6,100,0.0,1,1,2
20260802,202601010407,V2,place,1,アールグレイ,,,,,0.879,6,100,0.0,1,1,2
20260802,202601010407,V3,wide,1-9,アールグレイ×メイショウローゼ,,,,,0.879,6/2,100,0.0,1,1,2
20260802,202601010408,S1C,win,3,ブライトアゲイン,20.3,20.3,0.95,0.95,0.874,9,100,0.0,1,1,2
20260802,202601010408,S1C,win,13,ディーズメンフィス,6.7,6.7,0.963,0.963,0.874,6,100,0.0,1,1,2
20260802,202601010408,S2,win,5,ザカリナン,5.0,5.0,0.783,0.783,0.874,7,100,0.0,1,1,2
20260802,202601010408,V1,place,5,ザカリナン,,,,,0.874,7,100,0.0,1,1,2
20260802,202601010408,V3,wide,2-5,サトノワーグナー×ザカリナン,,,,,0.874,1/7,100,0.0,1,1,2
20260802,202601010409,S1C,win,10,クインズシフォン,37.7,37.7,0.955,0.955,0.902,3,100,0.0,1,1,2
20260802,202601010409,S2,win,5,パールフロント,3.3,3.3,0.686,0.686,0.902,2,100,0.0,1,1,2
20260802,202601010409,V1,place,5,パールフロント,,,,,0.902,2,100,170.0,1,1,2
20260802,202601010409,V3,wide,3-5,エコロレバン×パールフロント,,,,,0.902,12/2,100,0.0,1,1,2
20260802,202601010410,S2,win,8,ヘニーガイスト,1.7,1.7,0.837,0.837,0.921,1,100,170.0,1,1,2
20260802,202601010410,V1,place,8,ヘニーガイスト,,,,,0.921,1,100,110.0,1,1,2
20260802,202601010410,V2,place,8,ヘニーガイスト,,,,,0.921,1,100,110.0,1,1,2
20260802,202601010410,V3,wide,1-8,サムシャイン×ヘニーガイスト,,,,,0.921,2/1,100,200.0,1,1,2
20260802,202601010411,S1,win,13,ルージュソリテール,19.1,19.1,1.205,1.205,0.914,6,100,0.0,1,1,2
20260802,202601010411,S1C,win,13,ルージュソリテール,19.1,19.1,1.205,1.205,0.914,6,100,0.0,1,1,2
20260802,202601010411,S2,win,7,ココナッツブラウン,2.9,2.9,0.758,0.758,0.914,1,100,290.0,1,1,2
20260802,202601010411,V1,place,7,ココナッツブラウン,,,,,0.914,1,100,130.0,1,1,2
20260802,202601010411,V2,place,7,ココナッツブラウン,,,,,0.914,1,100,130.0,1,1,2
20260802,202601010411,V3,wide,7-9,ココナッツブラウン×エリカエクスプレス,,,,,0.914,1/4,100,0.0,1,1,2
20260802,202601010411,V4,trifecta,7-9-11,,,,,,,,100,0.0,1,1,1
20260802,202601010411,V4,trifecta,9-7-11,,,,,,,,100,0.0,1,1,1
20260802,202601010411,V4,trifecta,7-11-9,,,,,,,,100,0.0,1,1,1
20260802,202601010411,V4,trifecta,7-9-13,,,,,,,,100,0.0,1,1,1
20260802,202601010411,V4,trifecta,9-7-13,,,,,,,,100,0.0,1,1,1
20260802,202601010411,V4,trifecta,7-9-14,,,,,,,,100,0.0,1,1,1
20260802,202601010411,V4,trifecta,9-11-7,,,,,,,,100,0.0,1,1,1
20260802,202601010411,V4,trifecta,7-9-2,,,,,,,,100,0.0,1,1,1
20260802,202601010411,V4,trifecta,9-7-14,,,,,,,,100,0.0,1,1,1
20260802,202601010411,V4,trifecta,9-7-2,,,,,,,,100,0.0,1,1,1
20260802,202601010412,S1,win,11,バシレウスシチー,91.7,91.7,2.243,2.243,0.904,3,100,0.0,1,1,2
20260802,202601010412,S1,win,13,スイミーユニバンス,24.0,24.0,1.317,1.317,0.904,7,100,0.0,1,1,2
20260802,202601010412,S1,win,14,ミキノバカラ,10.3,10.3,1.108,1.108,0.904,5,100,0.0,1,1,2
20260802,202601010412,S1C,win,11,バシレウスシチー,91.7,91.7,2.243,2.243,0.904,3,100,0.0,1,1,2
20260802,202601010412,S1C,win,13,スイミーユニバンス,24.0,24.0,1.317,1.317,0.904,7,100,0.0,1,1,2
20260802,202601010412,S1C,win,14,ミキノバカラ,10.3,10.3,1.108,1.108,0.904,5,100,0.0,1,1,2
20260802,202601010412,S2,win,2,デンプシー,2.9,2.9,0.668,0.668,0.904,2,100,0.0,1,1,2
20260802,202601010412,V1,place,2,デンプシー,,,,,0.904,2,100,160.0,1,1,2
20260802,202601010412,V3,wide,2-6,デンプシー×ニホンピロトッティ,,,,,0.904,2/13,100,0.0,1,1,2
20260802,202604020401,S1C,win,3,エコロテラ,15.7,15.7,0.908,0.908,0.876,6,100,0.0,1,1,2
20260802,202604020401,S2,win,4,サノノキセキ,3.0,3.0,0.829,0.829,0.876,3,100,0.0,1,1,2
20260802,202604020401,V1,place,4,サノノキセキ,,,,,0.876,3,100,120.0,1,1,2
20260802,202604020401,V2,place,4,サノノキセキ,,,,,0.876,3,100,120.0,1,1,2
20260802,202604020401,V3,wide,4-5,サノノキセキ×ヴェントリナ,,,,,0.876,3/2,100,280.0,1,1,2
20260802,202604020402,S1,win,7,コウユーキミガイテ,7.1,7.1,1.045,1.045,0.578,7,100,0.0,1,1,2
20260802,202604020402,S1,win,8,ヌンエリン,158.3,158.3,1.041,1.041,0.578,12,100,0.0,1,1,2
20260802,202604020402,S1C,win,7,コウユーキミガイテ,7.1,7.1,1.045,1.045,0.578,7,100,0.0,1,1,2
20260802,202604020402,S1C,win,8,ヌンエリン,158.3,158.3,1.041,1.041,0.578,12,100,0.0,1,1,2
20260802,202604020402,S2,win,12,グランシュレーム,3.4,3.4,0.772,0.772,0.578,6,100,0.0,1,1,2
20260802,202604020402,V1,place,12,グランシュレーム,,,,,0.578,6,100,0.0,1,1,2
20260802,202604020403,S1,win,8,コイゾラ,147.7,147.7,1.252,1.252,0.565,10,100,0.0,1,1,2
20260802,202604020403,S1C,win,8,コイゾラ,147.7,147.7,1.252,1.252,0.565,10,100,0.0,1,1,2
20260802,202604020403,S2,win,5,ファーストアライヴ,2.3,2.3,0.805,0.805,0.565,2,100,0.0,1,1,2
20260802,202604020403,V1,place,5,ファーストアライヴ,,,,,0.565,2,100,140.0,1,1,2
20260802,202604020404,S1,win,14,アルティシエル,126.3,126.3,1.064,1.064,0.878,15,100,0.0,1,1,2
20260802,202604020404,S1,win,15,テルケンレンタッチ,159.8,159.8,1.037,1.037,0.878,14,100,0.0,1,1,2
20260802,202604020404,S1C,win,14,アルティシエル,126.3,126.3,1.064,1.064,0.878,15,100,0.0,1,1,2
20260802,202604020404,S1C,win,15,テルケンレンタッチ,159.8,159.8,1.037,1.037,0.878,14,100,0.0,1,1,2
20260802,202604020404,S2,win,9,サトノクラシカル,2.6,2.6,0.855,0.855,0.878,1,100,260.0,1,1,2
20260802,202604020404,V1,place,9,サトノクラシカル,,,,,0.878,1,100,160.0,1,1,2
20260802,202604020404,V2,place,9,サトノクラシカル,,,,,0.878,1,100,160.0,1,1,2
20260802,202604020404,V3,wide,9-13,サトノクラシカル×ウォーレーションズ,,,,,0.878,1/7,100,0.0,1,1,2
20260802,202604020405,S1,win,1,ナイトバード,18.9,18.9,1.025,1.025,0.897,4,100,0.0,1,1,2
20260802,202604020405,S2,win,7,レッドレガリア,2.4,2.4,0.798,0.798,0.897,3,100,0.0,1,1,2
20260802,202604020405,V1,place,7,レッドレガリア,,,,,0.897,3,100,140.0,1,1,2
20260802,202604020405,V2,place,7,レッドレガリア,,,,,0.897,3,100,140.0,1,1,2
20260802,202604020405,V3,wide,5-7,チルチャンプ×レッドレガリア,,,,,0.897,14/3,100,0.0,1,1,2
20260802,202604020406,S1,win,7,ルーラーリッチ,138.3,138.3,1.169,1.169,0.913,9,100,0.0,1,1,2
20260802,202604020406,S1,win,9,フクチャントウメイ,188.7,188.7,1.193,1.193,0.913,8,100,0.0,1,1,2
20260802,202604020406,S1,win,12,ユイノマチブセ,8.0,8.0,1.094,1.094,0.913,12,100,0.0,1,1,2
20260802,202604020406,S1C,win,7,ルーラーリッチ,138.3,138.3,1.169,1.169,0.913,9,100,0.0,1,1,2
20260802,202604020406,S1C,win,9,フクチャントウメイ,188.7,188.7,1.193,1.193,0.913,8,100,0.0,1,1,2
20260802,202604020406,S1C,win,11,ニシノケンタマン,20.3,20.3,0.984,0.984,0.913,4,100,0.0,1,1,2
20260802,202604020406,S1C,win,12,ユイノマチブセ,8.0,8.0,1.094,1.094,0.913,12,100,0.0,1,1,2
20260802,202604020406,S2,win,6,ヘリオトロープ,4.6,4.6,0.684,0.684,0.913,5,100,0.0,1,1,2
20260802,202604020406,V1,place,6,ヘリオトロープ,,,,,0.913,5,100,0.0,1,1,2
20260802,202604020406,V3,wide,6-10,ヘリオトロープ×フィールオーサム,,,,,0.913,5/2,100,0.0,1,1,2
20260802,202604020407,S1,win,2,デュガ,131.4,131.4,1.023,1.023,0.915,11,100,0.0,1,1,2
20260802,202604020407,S1,win,17,ビッグシーザー,6.8,6.8,1.489,1.489,0.915,4,100,0.0,1,1,2
20260802,202604020407,S1C,win,2,デュガ,131.4,131.4,1.023,1.023,0.915,11,100,0.0,1,1,2
20260802,202604020407,S1C,win,17,ビッグシーザー,6.8,6.8,1.489,1.489,0.915,4,100,0.0,1,1,2
20260802,202604020407,S2,win,6,ピューロマジック,2.7,2.7,0.64,0.64,0.915,1,100,270.0,1,1,2
20260802,202604020407,S3,win,17,ビッグシーザー,6.8,6.8,1.489,1.489,0.915,4,100,0.0,1,1,2
20260802,202604020407,S5C,win,17,ビッグシーザー,6.8,6.8,1.489,1.489,0.915,4,100,0.0,1,1,2
20260802,202604020407,V1,place,6,ピューロマジック,,,,,0.915,1,100,160.0,1,1,2
20260802,202604020407,V3,wide,6-16,ピューロマジック×アメリカンステージ,,,,,0.915,1/5,100,0.0,1,1,2
20260802,202604020408,S1,win,4,ファストフォワード,28.5,28.5,1.049,1.049,0.919,1,100,2850.0,1,1,2
20260802,202604020408,S1C,win,4,ファストフォワード,28.5,28.5,1.049,1.049,0.919,1,100,2850.0,1,1,2
20260802,202604020408,S2,win,2,ガーヴィ,2.8,2.8,0.78,0.78,0.919,4,100,0.0,1,1,2
20260802,202604020408,V1,place,2,ガーヴィ,,,,,0.919,4,100,0.0,1,1,2
20260802,202604020408,V2,place,2,ガーヴィ,,,,,0.919,4,100,0.0,1,1,2
20260802,202604020408,V3,wide,2-8,ガーヴィ×リポサンテ,,,,,0.919,4/3,100,0.0,1,1,2
20260802,202604020409,S1,win,8,イーグルロック,7.4,7.4,1.009,1.009,0.908,14,100,0.0,1,1,2
20260802,202604020409,S1,win,11,サトノシャムロック,24.0,24.0,1.297,1.297,0.908,12,100,0.0,1,1,2
20260802,202604020409,S1,win,15,カシノスパーク,33.2,33.2,1.11,1.11,0.908,8,100,0.0,1,1,2
20260802,202604020409,S1C,win,11,サトノシャムロック,24.0,24.0,1.297,1.297,0.908,12,100,0.0,1,1,2
20260802,202604020409,S1C,win,15,カシノスパーク,33.2,33.2,1.11,1.11,0.908,8,100,0.0,1,1,2
20260802,202604020409,S2,win,7,メディチパワー,4.2,4.2,0.722,0.722,0.908,6,100,0.0,1,1,2
20260802,202604020409,V1,place,7,メディチパワー,,,,,0.908,6,100,0.0,1,1,2
20260802,202604020409,V3,wide,7-13,メディチパワー×エコロガノン,,,,,0.908,6/2,100,0.0,1,1,2
20260802,202604020410,S1,win,8,ビアフォーナウ,147.5,147.5,1.203,1.203,0.914,7,100,0.0,1,1,2
20260802,202604020410,S1,win,9,レゲンデ,6.8,6.8,1.236,1.236,0.914,12,100,0.0,1,1,2
20260802,202604020410,S1,win,13,ハヌル,44.5,44.5,1.093,1.093,0.914,4,100,0.0,1,1,2
20260802,202604020410,S1,win,14,ゴールドシャーク,127.6,127.6,1.242,1.242,0.914,14,100,0.0,1,1,2
20260802,202604020410,S1C,win,8,ビアフォーナウ,147.5,147.5,1.203,1.203,0.914,7,100,0.0,1,1,2
20260802,202604020410,S1C,win,9,レゲンデ,6.8,6.8,1.236,1.236,0.914,12,100,0.0,1,1,2
20260802,202604020410,S1C,win,13,ハヌル,44.5,44.5,1.093,1.093,0.914,4,100,0.0,1,1,2
20260802,202604020410,S1C,win,14,ゴールドシャーク,127.6,127.6,1.242,1.242,0.914,14,100,0.0,1,1,2
20260802,202604020410,S2,win,1,チームユートピア,2.6,2.6,0.69,0.69,0.914,11,100,0.0,1,1,2
20260802,202604020410,S3,win,9,レゲンデ,6.8,6.8,1.236,1.236,0.914,12,100,0.0,1,1,2
20260802,202604020410,S5C,win,9,レゲンデ,6.8,6.8,1.236,1.236,0.914,12,100,0.0,1,1,2
20260802,202604020410,V1,place,1,チームユートピア,,,,,0.914,11,100,0.0,1,1,2
20260802,202604020410,V2,place,1,チームユートピア,,,,,0.914,11,100,0.0,1,1,2
20260802,202604020410,V3,wide,1-10,チームユートピア×トモジャオーリー,,,,,0.914,11/5,100,0.0,1,1,2
20260802,202604020411,S1,win,1,キコリータ,7.8,7.8,1.501,1.501,0.904,6,100,0.0,1,1,2
20260802,202604020411,S1,win,5,コスモアミュレット,19.0,19.0,1.176,1.176,0.904,10,100,0.0,1,1,2
20260802,202604020411,S1,win,6,タイキヴィグルーズ,188.6,188.6,1.186,1.186,0.904,9,100,0.0,1,1,2
20260802,202604020411,S1C,win,1,キコリータ,7.8,7.8,1.501,1.501,0.904,6,100,0.0,1,1,2
20260802,202604020411,S1C,win,5,コスモアミュレット,19.0,19.0,1.176,1.176,0.904,10,100,0.0,1,1,2
20260802,202604020411,S1C,win,6,タイキヴィグルーズ,188.6,188.6,1.186,1.186,0.904,9,100,0.0,1,1,2
20260802,202604020411,S2,win,13,クイーンズレイン,2.8,2.8,0.685,0.685,0.904,1,100,280.0,1,1,2
20260802,202604020411,S3,win,1,キコリータ,7.8,7.8,1.501,1.501,0.904,6,100,0.0,1,1,2
20260802,202604020411,S5C,win,1,キコリータ,7.8,7.8,1.501,1.501,0.904,6,100,0.0,1,1,2
20260802,202604020411,V1,place,13,クイーンズレイン,,,,,0.904,1,100,140.0,1,1,2
20260802,202604020411,V3,wide,12-13,ヤマメホープ×クイーンズレイン,,,,,0.904,2/1,100,250.0,1,1,2
20260802,202604020411,V4,trifecta,13-12-1,,,,,,,,100,0.0,1,1,1
20260802,202604020411,V4,trifecta,12-13-1,,,,,,,,100,0.0,1,1,1
20260802,202604020411,V4,trifecta,13-1-12,,,,,,,,100,0.0,1,1,1
20260802,202604020411,V4,trifecta,12-1-13,,,,,,,,100,0.0,1,1,1
20260802,202604020411,V4,trifecta,1-13-12,,,,,,,,100,0.0,1,1,1
20260802,202604020411,V4,trifecta,1-12-13,,,,,,,,100,0.0,1,1,1
20260802,202604020411,V4,trifecta,13-12-11,,,,,,,,100,0.0,1,1,1
20260802,202604020411,V4,trifecta,12-13-11,,,,,,,,100,0.0,1,1,1
20260802,202604020411,V4,trifecta,13-12-5,,,,,,,,100,0.0,1,1,1
20260802,202604020411,V4,trifecta,13-1-11,,,,,,,,100,0.0,1,1,1
20260802,202604020412,S1,win,9,モントーヤ,25.0,25.0,1.1,1.1,0.879,9,100,0.0,1,1,2
20260802,202604020412,S1C,win,9,モントーヤ,25.0,25.0,1.1,1.1,0.879,9,100,0.0,1,1,2
20260802,202604020412,S2,win,12,スイートハイデン,-3.0,,-0.973,,0.879,除外,0,0.0,1,1,2
20260802,202604020412,V1,place,12,スイートハイデン,,,,,0.879,除外,0,0.0,1,1,2
20260802,202604020412,V2,place,12,スイートハイデン,,,,,0.879,除外,0,0.0,1,1,2
20260802,202604020412,V3,wide,12-14,スイートハイデン×シャインアルプス,,,,,0.879,除外/2,0,0.0,1,1,2
20260802,202607020401,S1,win,2,オーロアルジェント,9.4,9.4,1.197,1.197,0.866,11,100,0.0,1,1,2
20260802,202607020401,S1,win,6,ハギノデュア,565.2,565.2,2.219,2.219,0.866,17,100,0.0,1,1,2
20260802,202607020401,S1,win,7,レーヴドリュヌ,48.6,48.6,1.378,1.378,0.866,10,100,0.0,1,1,2
20260802,202607020401,S1,win,16,テンダーワーズ,24.0,24.0,1.063,1.063,0.866,9,100,0.0,1,1,2
20260802,202607020401,S1C,win,2,オーロアルジェント,9.4,9.4,1.197,1.197,0.866,11,100,0.0,1,1,2
20260802,202607020401,S1C,win,6,ハギノデュア,565.2,565.2,2.219,2.219,0.866,17,100,0.0,1,1,2
20260802,202607020401,S1C,win,7,レーヴドリュヌ,48.6,48.6,1.378,1.378,0.866,10,100,0.0,1,1,2
20260802,202607020401,S1C,win,16,テンダーワーズ,24.0,24.0,1.063,1.063,0.866,9,100,0.0,1,1,2
20260802,202607020401,S2,win,17,ルーチェブリラーレ,2.4,2.4,0.604,0.604,0.866,3,100,0.0,1,1,2
20260802,202607020401,V1,place,17,ルーチェブリラーレ,,,,,0.866,3,100,130.0,1,1,2
20260802,202607020401,V2,place,17,ルーチェブリラーレ,,,,,0.866,3,100,130.0,1,1,2
20260802,202607020401,V3,wide,4-17,ビクスバイト×ルーチェブリラーレ,,,,,0.866,2/3,100,320.0,1,1,2
20260802,202607020402,S1,win,1,サンライズエイト,5.9,5.9,1.003,1.003,0.556,3,100,0.0,1,1,2
20260802,202607020402,S1C,win,1,サンライズエイト,5.9,5.9,1.003,1.003,0.556,3,100,0.0,1,1,2
20260802,202607020402,S2,win,4,ファンビッチャン,2.1,2.1,0.683,0.683,0.556,1,100,210.0,1,1,2
20260802,202607020402,V1,place,4,ファンビッチャン,,,,,0.556,1,100,120.0,1,1,2
20260802,202607020403,S2,win,3,アレオクール,2.7,2.7,0.74,0.74,0.552,4,100,0.0,1,1,2
20260802,202607020403,V1,place,3,アレオクール,,,,,0.552,4,100,0.0,1,1,2
20260802,202607020404,S1C,win,5,モズタイシソウシ,20.7,20.7,0.992,0.992,0.89,11,100,0.0,1,1,2
20260802,202607020404,S2,win,15,ナムラロダン,3.8,3.8,0.961,0.961,0.89,2,100,0.0,1,1,2
20260802,202607020404,V1,place,15,ナムラロダン,,,,,0.89,2,100,180.0,1,1,2
20260802,202607020404,V2,place,15,ナムラロダン,,,,,0.89,2,100,180.0,1,1,2
20260802,202607020404,V3,wide,9-15,クロカミジョウ×ナムラロダン,,,,,0.89,10/2,100,0.0,1,1,2
20260802,202607020405,S2,win,3,アンティスマ,2.1,2.1,0.77,0.77,0.889,1,100,210.0,1,1,2
20260802,202607020405,V1,place,3,アンティスマ,,,,,0.889,1,100,130.0,1,1,2
20260802,202607020405,V2,place,3,アンティスマ,,,,,0.889,1,100,130.0,1,1,2
20260802,202607020405,V3,wide,2-3,デールエルバハリ×アンティスマ,,,,,0.889,3/1,100,360.0,1,1,2
20260802,202607020406,S2,win,6,トミーバローズ,1.4,1.4,0.795,0.795,0.916,1,100,140.0,1,1,2
20260802,202607020406,V1,place,6,トミーバローズ,,,,,0.916,1,100,110.0,1,1,2
20260802,202607020406,V2,place,6,トミーバローズ,,,,,0.916,1,100,110.0,1,1,2
20260802,202607020406,V3,wide,4-6,アイニードユー×トミーバローズ,,,,,0.916,2/1,100,140.0,1,1,2
20260802,202607020407,S1,win,4,ハビレ,11.8,11.8,1.102,1.102,0.92,4,100,0.0,1,1,2
20260802,202607020407,S1C,win,3,タイトニット,4.1,4.1,0.985,0.985,0.92,6,100,0.0,1,1,2
20260802,202607020407,S2,win,3,タイトニット,4.1,4.1,0.985,0.985,0.92,6,100,0.0,1,1,2
20260802,202607020407,V1,place,3,タイトニット,,,,,0.92,6,100,0.0,1,1,2
20260802,202607020407,V3,wide,3-5,タイトニット×ソーニーイシュー,,,,,0.92,6/9,100,0.0,1,1,2
20260802,202607020408,S1C,win,7,シルフズミスチーフ,8.0,8.0,0.961,0.961,0.897,2,100,0.0,1,1,2
20260802,202607020408,S2,win,5,サンマルノヴェル,2.7,2.7,0.83,0.83,0.897,1,100,270.0,1,1,2
20260802,202607020408,V1,place,5,サンマルノヴェル,,,,,0.897,1,100,120.0,1,1,2
20260802,202607020408,V2,place,5,サンマルノヴェル,,,,,0.897,1,100,120.0,1,1,2
20260802,202607020408,V3,wide,3-5,ルクスレイモンド×サンマルノヴェル,,,,,0.897,3/1,100,210.0,1,1,2
20260802,202607020410,S1,win,8,ジーティーパワー,167.8,167.8,1.093,1.093,0.897,10,100,0.0,1,1,2
20260802,202607020410,S1C,win,2,ドメイン,26.4,26.4,0.925,0.925,0.897,5,100,0.0,1,1,2
20260802,202607020410,S1C,win,8,ジーティーパワー,167.8,167.8,1.093,1.093,0.897,10,100,0.0,1,1,2
20260802,202607020410,S2,win,4,スターシップ,3.4,3.4,0.741,0.741,0.897,1,100,340.0,1,1,2
20260802,202607020410,V1,place,4,スターシップ,,,,,0.897,1,100,160.0,1,1,2
20260802,202607020410,V3,wide,4-9,スターシップ×アメリカンイズム,,,,,0.897,1/9,100,0.0,1,1,2
20260802,202607020411,S1,win,3,ジュンプリメーロ,14.4,14.4,1.226,1.226,0.897,5,100,0.0,1,1,2
20260802,202607020411,S1C,win,2,メイショウアゴナス,20.4,20.4,0.989,0.989,0.897,2,100,0.0,1,1,2
20260802,202607020411,S1C,win,3,ジュンプリメーロ,14.4,14.4,1.226,1.226,0.897,5,100,0.0,1,1,2
20260802,202607020411,S2,win,5,ビップヴォルフ,2.2,2.2,0.749,0.749,0.897,3,100,0.0,1,1,2
20260802,202607020411,V1,place,5,ビップヴォルフ,,,,,0.897,3,100,0.0,1,1,2
20260802,202607020411,V2,place,5,ビップヴォルフ,,,,,0.897,3,100,0.0,1,1,2
20260802,202607020411,V3,wide,4-5,レッドヴァリアート×ビップヴォルフ,,,,,0.897,4/3,100,0.0,1,1,2
20260802,202607020411,V4,trifecta,5-4-6,,,,,,,,100,0.0,1,1,1
20260802,202607020411,V4,trifecta,4-5-6,,,,,,,,100,0.0,1,1,1
20260802,202607020411,V4,trifecta,5-6-4,,,,,,,,100,0.0,1,1,1
20260802,202607020411,V4,trifecta,4-6-5,,,,,,,,100,0.0,1,1,1
20260802,202607020411,V4,trifecta,5-4-3,,,,,,,,100,0.0,1,1,1
20260802,202607020411,V4,trifecta,4-5-3,,,,,,,,100,0.0,1,1,1
20260802,202607020411,V4,trifecta,5-4-1,,,,,,,,100,0.0,1,1,1
20260802,202607020412,S1,win,3,アルジェンテーラ,7.0,7.0,1.113,1.113,0.893,10,100,0.0,1,1,2
20260802,202607020412,S1,win,5,ホウオウスカイハイ,350.3,350.3,1.186,1.186,0.893,14,100,0.0,1,1,2
20260802,202607020412,S1,win,15,コカボムショット,460.4,460.4,1.65,1.65,0.893,16,100,0.0,1,1,2
20260802,202607020412,S1C,win,3,アルジェンテーラ,7.0,7.0,1.113,1.113,0.893,10,100,0.0,1,1,2
20260802,202607020412,S1C,win,5,ホウオウスカイハイ,350.3,350.3,1.186,1.186,0.893,14,100,0.0,1,1,2
20260802,202607020412,S1C,win,6,モカプウイング,37.6,37.6,0.997,0.997,0.893,5,100,0.0,1,1,2
20260802,202607020412,S1C,win,9,フィアレスウィル,97.2,97.2,0.908,0.908,0.893,11,100,0.0,1,1,2
20260802,202607020412,S1C,win,15,コカボムショット,460.4,460.4,1.65,1.65,0.893,16,100,0.0,1,1,2
20260802,202607020412,S2,win,18,モンシーク,3.2,3.2,0.945,0.945,0.893,2,100,0.0,1,1,2
20260802,202607020412,V1,place,18,モンシーク,,,,,0.893,2,100,130.0,1,1,2
20260802,202607020412,V2,place,18,モンシーク,,,,,0.893,2,100,130.0,1,1,2
20260802,202607020412,V3,wide,12-18,ミッキーラヴィータ×モンシーク,,,,,0.893,3/2,100,250.0,1,1,2
20260808,202601010501,S1,win,14,ジーティービキニ,4.7,4.7,1.011,1.011,0.901,4,100,0.0,1,1,2
20260808,202601010501,S1C,win,9,フィーユレアル,21.0,21.0,0.955,0.955,0.901,9,100,0.0,1,1,2
20260808,202601010501,S2,win,6,ルージュボニート,2.8,2.8,0.662,0.662,0.901,1,100,280.0,1,1,2
20260808,202601010501,V1,place,6,ルージュボニート,,,,,0.901,1,100,130.0,1,1,2
20260808,202601010501,V3,wide,6-14,ルージュボニート×ジーティービキニ,,,,,0.901,1/4,100,0.0,1,1,2
20260808,202601010502,S1,win,1,ランダムナンバー,16.9,16.9,1.208,1.208,0.851,5,100,0.0,1,1,2
20260808,202601010502,S1C,win,1,ランダムナンバー,16.9,16.9,1.208,1.208,0.851,5,100,0.0,1,1,2
20260808,202601010502,S2,win,7,チカバリエンテ,3.0,3.0,0.805,0.805,0.851,1,100,300.0,1,1,2
20260808,202601010502,V1,place,7,チカバリエンテ,,,,,0.851,1,100,150.0,1,1,2
20260808,202601010502,V2,place,7,チカバリエンテ,,,,,0.851,1,100,150.0,1,1,2
20260808,202601010502,V3,wide,3-7,アルデシンザン×チカバリエンテ,,,,,0.851,4/1,100,0.0,1,1,2
20260808,202601010503,S1,win,11,ビレッジルイーザ,15.3,15.3,1.014,1.014,0.894,3,100,0.0,1,1,2
20260808,202601010503,S2,win,4,シンエンドーツダ,3.6,3.6,0.873,0.873,0.894,5,100,0.0,1,1,2
20260808,202601010503,V1,place,4,シンエンドーツダ,,,,,0.894,5,100,0.0,1,1,2
20260808,202601010503,V3,wide,4-13,シンエンドーツダ×イトシサ,,,,,0.894,5/4,100,0.0,1,1,2
20260808,202601010504,S1,win,9,ペイシャアーサー,287.7,287.7,3.611,3.611,0.899,12,100,0.0,1,1,2
20260808,202601010504,S1C,win,9,ペイシャアーサー,287.7,287.7,3.611,3.611,0.899,12,100,0.0,1,1,2
20260808,202601010504,S2,win,10,フレッチャアズーラ,3.3,3.3,0.75,0.75,0.899,5,100,0.0,1,1,2
20260808,202601010504,V1,place,10,フレッチャアズーラ,,,,,0.899,5,100,0.0,1,1,2
20260808,202601010504,V3,wide,10-14,フレッチャアズーラ×グロリアスマーチ,,,,,0.899,5/11,100,0.0,1,1,2
20260808,202601010505,S1C,win,3,イドム,32.0,32.0,0.963,0.963,0.569,5,100,0.0,1,1,2
20260808,202601010505,S2,win,7,ムッチリスタイル,2.5,2.5,0.761,0.761,0.569,7,100,0.0,1,1,2
20260808,202601010505,V1,place,7,ムッチリスタイル,,,,,0.569,7,100,0.0,1,1,2
20260808,202601010506,S1,win,8,プリュイドール,18.7,18.7,1.04,1.04,0.897,12,100,0.0,1,1,2
20260808,202601010506,S1,win,9,マリノリュミエール,43.5,43.5,1.497,1.497,0.897,9,100,0.0,1,1,2
20260808,202601010506,S1,win,13,ラングロワブリッジ,159.5,159.5,1.036,1.036,0.897,13,100,0.0,1,1,2
20260808,202601010506,S1,win,15,カリドーラ,40.5,40.5,1.412,1.412,0.897,5,100,0.0,1,1,2
20260808,202601010506,S1C,win,9,マリノリュミエール,43.5,43.5,1.497,1.497,0.897,9,100,0.0,1,1,2
20260808,202601010506,S1C,win,13,ラングロワブリッジ,159.5,159.5,1.036,1.036,0.897,13,100,0.0,1,1,2
20260808,202601010506,S1C,win,15,カリドーラ,40.5,40.5,1.412,1.412,0.897,5,100,0.0,1,1,2
20260808,202601010506,S1C,win,16,スウィーティーベル,25.3,25.3,0.975,0.975,0.897,8,100,0.0,1,1,2
20260808,202601010506,S2,win,11,ゴコウコイコイ,3.1,3.1,0.705,0.705,0.897,2,100,0.0,1,1,2
20260808,202601010506,V1,place,11,ゴコウコイコイ,,,,,0.897,2,100,130.0,1,1,2
20260808,202601010506,V3,wide,4-11,ウィスカーパッド×ゴコウコイコイ,,,,,0.897,3/2,100,280.0,1,1,2
20260808,202601010507,S1,win,6,ランドスター,6.8,6.8,1.084,1.084,0.882,1,100,680.0,1,1,2
20260808,202601010507,S1,win,8,カップッチョ,141.2,141.2,2.352,2.352,0.882,7,100,0.0,1,1,2
20260808,202601010507,S1C,win,5,ヨドノゴールド,32.6,32.6,0.994,0.994,0.882,2,100,0.0,1,1,2
20260808,202601010507,S1C,win,6,ランドスター,6.8,6.8,1.084,1.084,0.882,1,100,680.0,1,1,2
20260808,202601010507,S1C,win,8,カップッチョ,141.2,141.2,2.352,2.352,0.882,7,100,0.0,1,1,2
20260808,202601010507,S2,win,2,ワイドデコラシオン,3.8,3.8,0.738,0.738,0.882,6,100,0.0,1,1,2
20260808,202601010507,V1,place,2,ワイドデコラシオン,,,,,0.882,6,100,0.0,1,1,2
20260808,202601010507,V3,wide,2-7,ワイドデコラシオン×テーオーナタリー,,,,,0.882,6/8,100,0.0,1,1,2
20260808,202601010508,S1,win,1,レッドアイスピア,34.9,34.9,1.113,1.113,0.892,2,100,0.0,1,1,2
20260808,202601010508,S1,win,8,マメーアップル,7.3,7.3,1.087,1.087,0.892,10,100,0.0,1,1,2
20260808,202601010508,S1,win,11,ウインドオルフェ,332.4,332.4,1.221,1.221,0.892,15,100,0.0,1,1,2
20260808,202601010508,S1,win,12,アンジュラフィーユ,13.2,13.2,1.216,1.216,0.892,3,100,0.0,1,1,2
20260808,202601010508,S1C,win,1,レッドアイスピア,34.9,34.9,1.113,1.113,0.892,2,100,0.0,1,1,2
20260808,202601010508,S1C,win,6,リネアベルタ,25.7,25.7,0.872,0.872,0.892,5,100,0.0,1,1,2
20260808,202601010508,S1C,win,8,マメーアップル,7.3,7.3,1.087,1.087,0.892,10,100,0.0,1,1,2
20260808,202601010508,S1C,win,11,ウインドオルフェ,332.4,332.4,1.221,1.221,0.892,15,100,0.0,1,1,2
20260808,202601010508,S1C,win,12,アンジュラフィーユ,13.2,13.2,1.216,1.216,0.892,3,100,0.0,1,1,2
20260808,202601010508,S2,win,13,サトノフレイ,2.2,2.2,0.672,0.672,0.892,7,100,0.0,1,1,2
20260808,202601010508,V1,place,13,サトノフレイ,,,,,0.892,7,100,0.0,1,1,2
20260808,202601010508,V2,place,13,サトノフレイ,,,,,0.892,7,100,0.0,1,1,2
20260808,202601010508,V3,wide,8-13,マメーアップル×サトノフレイ,,,,,0.892,10/7,100,0.0,1,1,2
20260808,202601010509,S2,win,9,ライフイズ,-3.0,,-1.157,,0.889,除外,0,0.0,1,1,2
20260808,202601010509,V1,place,9,ライフイズ,,,,,0.889,除外,0,0.0,1,1,2
20260808,202601010509,V2,place,9,ライフイズ,,,,,0.889,除外,0,0.0,1,1,2
20260808,202601010509,V3,wide,4-9,ビーチイン×ライフイズ,,,,,0.889,10/除外,0,0.0,1,1,2
20260808,202601010510,S1,win,3,エボルヴィング,18.9,18.9,1.358,1.358,0.914,3,100,0.0,1,1,2
20260808,202601010510,S1C,win,3,エボルヴィング,18.9,18.9,1.358,1.358,0.914,3,100,0.0,1,1,2
20260808,202601010510,S2,win,8,ビーオンザカバー,2.5,2.5,0.768,0.768,0.914,1,100,250.0,1,1,2
20260808,202601010510,V1,place,8,ビーオンザカバー,,,,,0.914,1,100,140.0,1,1,2
20260808,202601010510,V2,place,8,ビーオンザカバー,,,,,0.914,1,100,140.0,1,1,2
20260808,202601010510,V3,wide,4-8,メイショウアイル×ビーオンザカバー,,,,,0.914,4/1,100,0.0,1,1,2
20260808,202601010511,S1,win,1,アクションプラン,47.8,47.8,1.09,1.09,0.918,11,100,0.0,1,1,2
20260808,202601010511,S1,win,11,ペリエール,6.5,6.5,1.128,1.128,0.918,2,100,0.0,1,1,2
20260808,202601010511,S1C,win,1,アクションプラン,47.8,47.8,1.09,1.09,0.918,11,100,0.0,1,1,2
20260808,202601010511,S1C,win,11,ペリエール,6.5,6.5,1.128,1.128,0.918,2,100,0.0,1,1,2
20260808,202601010511,S2,win,8,ウェイワードアクト,3.0,3.0,0.851,0.851,0.918,8,100,0.0,1,1,2
20260808,202601010511,S5C,win,11,ペリエール,6.5,6.5,1.128,1.128,0.918,2,100,0.0,1,1,2
20260808,202601010511,V1,place,8,ウェイワードアクト,,,,,0.918,8,100,0.0,1,1,2
20260808,202601010511,V2,place,8,ウェイワードアクト,,,,,0.918,8,100,0.0,1,1,2
20260808,202601010511,V3,wide,5-8,テーオーパスワード×ウェイワードアクト,,,,,0.918,3/8,100,0.0,1,1,2
20260808,202601010511,V4,trifecta,8-3-11,,,,,,,,100,0.0,1,1,1
20260808,202601010511,V4,trifecta,8-11-3,,,,,,,,100,0.0,1,1,1
20260808,202601010511,V4,trifecta,3-8-11,,,,,,,,100,0.0,1,1,1
20260808,202601010511,V4,trifecta,11-8-3,,,,,,,,100,0.0,1,1,1
20260808,202601010511,V4,trifecta,8-3-5,,,,,,,,100,0.0,1,1,1
20260808,202601010511,V4,trifecta,3-11-8,,,,,,,,100,0.0,1,1,1
20260808,202601010511,V4,trifecta,11-3-8,,,,,,,,100,0.0,1,1,1
20260808,202601010511,V4,trifecta,8-5-3,,,,,,,,100,0.0,1,1,1
20260808,202601010511,V4,trifecta,3-8-5,,,,,,,,100,0.0,1,1,1
20260808,202601010511,V4,trifecta,8-11-5,,,,,,,,100,0.0,1,1,1
20260808,202601010512,S1,win,10,ブラックジェダイト,6.2,6.2,1.004,1.004,0.912,1,100,620.0,1,1,2
20260808,202601010512,S1,win,13,オーシャントライブ,139.1,139.1,1.246,1.246,0.912,12,100,0.0,1,1,2
20260808,202601010512,S1C,win,10,ブラックジェダイト,6.2,6.2,1.004,1.004,0.912,1,100,620.0,1,1,2
20260808,202601010512,S1C,win,13,オーシャントライブ,139.1,139.1,1.246,1.246,0.912,12,100,0.0,1,1,2
20260808,202601010512,S2,win,11,ジーネキング,3.3,3.3,0.88,0.88,0.912,2,100,0.0,1,1,2
20260808,202601010512,V1,place,11,ジーネキング,,,,,0.912,2,100,140.0,1,1,2
20260808,202601010512,V2,place,11,ジーネキング,,,,,0.912,2,100,140.0,1,1,2
20260808,202601010512,V3,wide,10-11,ブラックジェダイト×ジーネキング,,,,,0.912,1/2,100,340.0,1,1,2
20260808,202604020501,S1,win,9,コウソクレムリア,18.5,18.5,1.079,1.079,0.703,6,100,0.0,1,1,2
20260808,202604020501,S1C,win,9,コウソクレムリア,18.5,18.5,1.079,1.079,0.703,6,100,0.0,1,1,2
20260808,202604020501,S2,win,13,グルーヴェンス,1.9,1.9,0.797,0.797,0.703,1,100,190.0,1,1,2
20260808,202604020501,V1,place,13,グルーヴェンス,,,,,0.703,1,100,110.0,1,1,2
20260808,202604020502,S1C,win,2,アイビーカイロス,5.5,5.5,0.955,0.955,0.562,5,100,0.0,1,1,2
20260808,202604020502,S2,win,3,ジャスパートレノ,2.0,2.0,0.7,0.7,0.562,1,100,200.0,1,1,2
20260808,202604020502,V1,place,3,ジャスパートレノ,,,,,0.562,1,100,110.0,1,1,2
20260808,202604020503,S1,win,1,ソヴリンゲート,120.8,120.8,1.176,1.176,0.58,5,100,0.0,1,1,2
20260808,202604020503,S1C,win,1,ソヴリンゲート,120.8,120.8,1.176,1.176,0.58,5,100,0.0,1,1,2
20260808,202604020503,S2,win,7,アトミックリーチ,2.6,2.6,0.746,0.746,0.58,4,100,0.0,1,1,2
20260808,202604020503,V1,place,7,アトミックリーチ,,,,,0.58,4,100,0.0,1,1,2
20260808,202604020504,S2,win,8,セイウンヤオヨロズ,-3.0,,-1.162,,0.883,除外,0,0.0,1,1,2
20260808,202604020504,V1,place,8,セイウンヤオヨロズ,,,,,0.883,除外,0,0.0,1,1,2
20260808,202604020504,V2,place,8,セイウンヤオヨロズ,,,,,0.883,除外,0,0.0,1,1,2
20260808,202604020504,V3,wide,3-8,スティールヴォーグ×セイウンヤオヨロズ,,,,,0.883,11/除外,0,0.0,1,1,2
20260808,202604020505,S1,win,2,キタノドンカルロ,6.5,6.5,1.004,1.004,0.897,14,100,0.0,1,1,2
20260808,202604020505,S1,win,3,テキサスバローズ,205.3,205.3,3.218,3.218,0.897,11,100,0.0,1,1,2
20260808,202604020505,S1,win,4,ユイノサダハル,6.9,6.9,1.031,1.031,0.897,4,100,0.0,1,1,2
20260808,202604020505,S1C,win,3,テキサスバローズ,205.3,205.3,3.218,3.218,0.897,11,100,0.0,1,1,2
20260808,202604020505,S1C,win,4,ユイノサダハル,6.9,6.9,1.031,1.031,0.897,4,100,0.0,1,1,2
20260808,202604020505,S1C,win,13,コパノミラノ,26.7,26.7,0.946,0.946,0.897,8,100,0.0,1,1,2
20260808,202604020505,S2,win,11,アラビアンドリーム,1.9,1.9,0.646,0.646,0.897,1,100,190.0,1,1,2
20260808,202604020505,V1,place,11,アラビアンドリーム,,,,,0.897,1,100,110.0,1,1,2
20260808,202604020505,V2,place,11,アラビアンドリーム,,,,,0.897,1,100,110.0,1,1,2
20260808,202604020505,V3,wide,2-11,キタノドンカルロ×アラビアンドリーム,,,,,0.897,14/1,100,0.0,1,1,2
20260808,202604020506,S2,win,8,ラベルセーヌ,1.5,1.5,0.853,0.853,0.924,1,100,150.0,1,1,2
20260808,202604020506,V1,place,8,ラベルセーヌ,,,,,0.924,1,100,110.0,1,1,2
20260808,202604020506,V2,place,8,ラベルセーヌ,,,,,0.924,1,100,110.0,1,1,2
20260808,202604020506,V3,wide,2-8,クライスレリアーナ×ラベルセーヌ,,,,,0.924,2/1,100,120.0,1,1,2
20260808,202604020507,S1,win,3,ヴォンフレ,23.5,23.5,1.015,1.015,0.912,5,100,0.0,1,1,2
20260808,202604020507,S1,win,5,ラインベック,42.3,42.3,1.273,1.273,0.912,8,100,0.0,1,1,2
20260808,202604020507,S1,win,11,ゴンバデカーブース,36.6,36.6,1.033,1.033,0.912,2,100,0.0,1,1,2
20260808,202604020507,S1,win,13,ゴートゥファースト,39.4,39.4,1.269,1.269,0.912,10,100,0.0,1,1,2
20260808,202604020507,S1,win,16,コスモブッドレア,144.2,144.2,1.104,1.104,0.912,16,100,0.0,1,1,2
20260808,202604020507,S1C,win,3,ヴォンフレ,23.5,23.5,1.015,1.015,0.912,5,100,0.0,1,1,2
20260808,202604020507,S1C,win,5,ラインベック,42.3,42.3,1.273,1.273,0.912,8,100,0.0,1,1,2
20260808,202604020507,S1C,win,13,ゴートゥファースト,39.4,39.4,1.269,1.269,0.912,10,100,0.0,1,1,2
20260808,202604020507,S1C,win,16,コスモブッドレア,144.2,144.2,1.104,1.104,0.912,16,100,0.0,1,1,2
20260808,202604020507,S2,win,4,エストゥペンダ,3.1,3.1,0.756,0.756,0.912,1,100,310.0,1,1,2
20260808,202604020507,V1,place,4,エストゥペンダ,,,,,0.912,1,100,160.0,1,1,2
20260808,202604020507,V3,wide,1-4,レイニング×エストゥペンダ,,,,,0.912,4/1,100,0.0,1,1,2
20260808,202604020508,S1,win,9,トシミチ,161.2,161.2,6.866,6.866,0.843,7,100,0.0,1,1,2
20260808,202604020508,S1C,win,9,トシミチ,161.2,161.2,6.866,6.866,0.843,7,100,0.0,1,1,2
20260808,202604020508,S2,win,5,ルークウォーム,2.4,2.4,0.855,0.855,0.843,1,100,240.0,1,1,2
20260808,202604020508,V1,place,5,ルークウォーム,,,,,0.843,1,100,110.0,1,1,2
20260808,202604020508,V2,place,5,ルークウォーム,,,,,0.843,1,100,110.0,1,1,2
20260808,202604020508,V3,wide,2-5,カレンハウ×ルークウォーム,,,,,0.843,3/1,100,170.0,1,1,2
20260808,202604020509,S1,win,11,カサビセンス,163.7,163.7,1.082,1.082,0.913,9,100,0.0,1,1,2
20260808,202604020509,S1,win,12,シャオシンユン,147.5,147.5,1.223,1.223,0.913,11,100,0.0,1,1,2
20260808,202604020509,S1,win,13,ライヴスプーン,16.7,16.7,1.206,1.206,0.913,13,100,0.0,1,1,2
20260808,202604020509,S1C,win,6,ガーネットテソーロ,27.4,27.4,0.983,0.983,0.913,8,100,0.0,1,1,2
20260808,202604020509,S1C,win,11,カサビセンス,163.7,163.7,1.082,1.082,0.913,9,100,0.0,1,1,2
20260808,202604020509,S1C,win,12,シャオシンユン,147.5,147.5,1.223,1.223,0.913,11,100,0.0,1,1,2
20260808,202604020509,S1C,win,13,ライヴスプーン,16.7,16.7,1.206,1.206,0.913,13,100,0.0,1,1,2
20260808,202604020509,S2,win,14,サイモンセレーノ,3.5,3.5,0.845,0.845,0.913,4,100,0.0,1,1,2
20260808,202604020509,V1,place,14,サイモンセレーノ,,,,,0.913,4,100,0.0,1,1,2
20260808,202604020509,V3,wide,3-14,ディペンダブル×サイモンセレーノ,,,,,0.913,7/4,100,0.0,1,1,2
20260808,202604020510,S2,win,1,サレジオ,2.4,2.4,0.813,0.813,0.91,3,100,0.0,1,1,2
20260808,202604020510,V1,place,1,サレジオ,,,,,0.91,3,100,110.0,1,1,2
20260808,202604020510,V2,place,1,サレジオ,,,,,0.91,3,100,110.0,1,1,2
20260808,202604020510,V3,wide,1-2,サレジオ×エラルディーク,,,,,0.91,3/1,100,190.0,1,1,2
20260808,202604020511,S1,win,3,サツキレジーナ,152.3,152.3,1.124,1.124,0.895,5,100,0.0,1,1,2
20260808,202604020511,S1,win,7,ベルタソ,12.2,12.2,1.021,1.021,0.895,12,100,0.0,1,1,2
20260808,202604020511,S1,win,12,ジュエルドレーサー,146.9,146.9,1.213,1.213,0.895,4,100,0.0,1,1,2
20260808,202604020511,S1,win,13,ブライティアブーケ,12.3,12.3,1.387,1.387,0.895,3,100,0.0,1,1,2
20260808,202604020511,S1C,win,3,サツキレジーナ,152.3,152.3,1.124,1.124,0.895,5,100,0.0,1,1,2
20260808,202604020511,S1C,win,12,ジュエルドレーサー,146.9,146.9,1.213,1.213,0.895,4,100,0.0,1,1,2
20260808,202604020511,S1C,win,13,ブライティアブーケ,12.3,12.3,1.387,1.387,0.895,3,100,0.0,1,1,2
20260808,202604020511,S1C,win,16,フェリスチカ,266.3,266.3,0.948,0.948,0.895,17,100,0.0,1,1,2
20260808,202604020511,S2,win,18,リオクリスハーレー,3.1,3.1,0.701,0.701,0.895,2,100,0.0,1,1,2
20260808,202604020511,S3,win,13,ブライティアブーケ,12.3,12.3,1.387,1.387,0.895,3,100,0.0,1,1,2
20260808,202604020511,S5C,win,13,ブライティアブーケ,12.3,12.3,1.387,1.387,0.895,3,100,0.0,1,1,2
20260808,202604020511,V1,place,18,リオクリスハーレー,,,,,0.895,2,100,160.0,1,1,2
20260808,202604020511,V3,wide,5-18,カイショー×リオクリスハーレー,,,,,0.895,15/2,100,0.0,1,1,2
20260808,202604020511,V4,trifecta,18-5-14,,,,,,,,100,0.0,1,1,1
20260808,202604020511,V4,trifecta,18-14-5,,,,,,,,100,0.0,1,1,1
20260808,202604020511,V4,trifecta,18-5-9,,,,,,,,100,0.0,1,1,1
20260808,202604020511,V4,trifecta,18-9-5,,,,,,,,100,0.0,1,1,1
20260808,202604020511,V4,trifecta,18-14-9,,,,,,,,100,0.0,1,1,1
20260808,202604020511,V4,trifecta,18-9-14,,,,,,,,100,0.0,1,1,1
20260808,202604020511,V4,trifecta,5-18-14,,,,,,,,100,0.0,1,1,1
20260808,202604020511,V4,trifecta,14-18-5,,,,,,,,100,0.0,1,1,1
20260808,202604020511,V4,trifecta,5-18-9,,,,,,,,100,0.0,1,1,1
20260808,202604020511,V4,trifecta,9-18-5,,,,,,,,100,0.0,1,1,1
20260808,202604020512,S1,win,10,デリシューズマン,125.0,125.0,1.014,1.014,0.875,5,100,0.0,1,1,2
20260808,202604020512,S1,win,13,ディエスルージュ,131.7,131.7,1.14,1.14,0.875,3,100,0.0,1,1,2
20260808,202604020512,S1C,win,10,デリシューズマン,125.0,125.0,1.014,1.014,0.875,5,100,0.0,1,1,2
20260808,202604020512,S1C,win,13,ディエスルージュ,131.7,131.7,1.14,1.14,0.875,3,100,0.0,1,1,2
20260808,202604020512,S2,win,8,ブラッキッシュ,1.9,1.9,0.83,0.83,0.875,2,100,0.0,1,1,2
20260808,202604020512,V1,place,8,ブラッキッシュ,,,,,0.875,2,100,110.0,1,1,2
20260808,202604020512,V2,place,8,ブラッキッシュ,,,,,0.875,2,100,110.0,1,1,2
20260808,202604020512,V3,wide,3-8,マイネルリーヒム×ブラッキッシュ,,,,,0.875,1/2,100,270.0,1,1,2
20260808,202607020501,S2,win,9,ジーティーキャリー,1.4,1.4,0.781,0.781,0.732,1,100,140.0,1,1,2
20260808,202607020501,V1,place,9,ジーティーキャリー,,,,,0.732,1,100,100.0,1,1,2
20260808,202607020502,S2,win,4,モノホンプレイヤー,2.7,2.7,0.714,0.714,0.562,6,100,0.0,1,1,2
20260808,202607020502,V1,place,4,モノホンプレイヤー,,,,,0.562,6,100,0.0,1,1,2
20260808,202607020503,S1,win,1,ジュエルサンライズ,59.5,59.5,1.037,1.037,0.873,4,100,0.0,1,1,2
20260808,202607020503,S1,win,3,エルヴィッタ,39.3,39.3,1.144,1.144,0.873,7,100,0.0,1,1,2
20260808,202607020503,S1,win,11,スナークオーロラ,247.2,247.2,1.119,1.119,0.873,12,100,0.0,1,1,2
20260808,202607020503,S1,win,12,ジャミールアイン,19.4,19.4,1.055,1.055,0.873,8,100,0.0,1,1,2
20260808,202607020503,S1,win,16,タワワ,150.5,150.5,1.175,1.175,0.873,15,100,0.0,1,1,2
20260808,202607020503,S1C,win,3,エルヴィッタ,39.3,39.3,1.144,1.144,0.873,7,100,0.0,1,1,2
20260808,202607020503,S1C,win,11,スナークオーロラ,247.2,247.2,1.119,1.119,0.873,12,100,0.0,1,1,2
20260808,202607020503,S1C,win,12,ジャミールアイン,19.4,19.4,1.055,1.055,0.873,8,100,0.0,1,1,2
20260808,202607020503,S1C,win,16,タワワ,150.5,150.5,1.175,1.175,0.873,15,100,0.0,1,1,2
20260808,202607020503,S2,win,8,タガノプディング,1.8,1.8,0.767,0.767,0.873,2,100,0.0,1,1,2
20260808,202607020503,V1,place,8,タガノプディング,,,,,0.873,2,100,110.0,1,1,2
20260808,202607020503,V2,place,8,タガノプディング,,,,,0.873,2,100,110.0,1,1,2
20260808,202607020503,V3,wide,2-8,ピョイットハレルヤ×タガノプディング,,,,,0.873,1/2,100,240.0,1,1,2
20260808,202607020504,S1,win,4,インドミタビリティ,4.0,4.0,1.099,1.099,0.901,4,100,0.0,1,1,2
20260808,202607020504,S1,win,6,クリノリキオー,7.2,7.2,1.113,1.113,0.901,5,100,0.0,1,1,2
20260808,202607020504,S1C,win,4,インドミタビリティ,4.0,4.0,1.099,1.099,0.901,4,100,0.0,1,1,2
20260808,202607020504,S1C,win,6,クリノリキオー,7.2,7.2,1.113,1.113,0.901,5,100,0.0,1,1,2
20260808,202607020504,S2,win,4,インドミタビリティ,4.0,4.0,1.099,1.099,0.901,4,100,0.0,1,1,2
20260808,202607020504,V1,place,4,インドミタビリティ,,,,,0.901,4,100,0.0,1,1,2
20260808,202607020504,V2,place,4,インドミタビリティ,,,,,0.901,4,100,0.0,1,1,2
20260808,202607020504,V3,wide,4-5,インドミタビリティ×タニセンゴールド,,,,,0.901,4/1,100,0.0,1,1,2
20260808,202607020505,S1,win,2,エイシンビーコン,4.7,4.7,1.005,1.005,0.884,5,100,0.0,1,1,2
20260808,202607020505,S2,win,3,レイクラシック,1.1,1.1,0.724,0.724,0.884,1,100,110.0,1,1,2
20260808,202607020505,V1,place,3,レイクラシック,,,,,0.884,1,100,100.0,1,1,2
20260808,202607020505,V2,place,3,レイクラシック,,,,,0.884,1,100,100.0,1,1,2
20260808,202607020505,V3,wide,2-3,エイシンビーコン×レイクラシック,,,,,0.884,5/1,100,0.0,1,1,2
20260808,202607020506,S1,win,3,ショウナンバルドル,4.0,4.0,1.127,1.127,0.884,5,100,0.0,1,1,2
20260808,202607020506,S1,win,6,マイネルフォルツァ,25.6,25.6,1.015,1.015,0.884,11,100,0.0,1,1,2
20260808,202607020506,S1C,win,3,ショウナンバルドル,4.0,4.0,1.127,1.127,0.884,5,100,0.0,1,1,2
20260808,202607020506,S1C,win,6,マイネルフォルツァ,25.6,25.6,1.015,1.015,0.884,11,100,0.0,1,1,2
20260808,202607020506,S1C,win,10,クイックバイオ,19.3,19.3,0.954,0.954,0.884,3,100,0.0,1,1,2
20260808,202607020506,S2,win,3,ショウナンバルドル,4.0,4.0,1.127,1.127,0.884,5,100,0.0,1,1,2
20260808,202607020506,V1,place,3,ショウナンバルドル,,,,,0.884,5,100,0.0,1,1,2
20260808,202607020506,V2,place,3,ショウナンバルドル,,,,,0.884,5,100,0.0,1,1,2
20260808,202607020506,V3,wide,3-4,ショウナンバルドル×テイエムアイラン,,,,,0.884,5/1,100,0.0,1,1,2
20260808,202607020507,S1C,win,8,メイショウシナノ,20.0,20.0,0.86,0.86,0.892,3,100,0.0,1,1,2
20260808,202607020507,S2,win,7,ロードヴォイジャー,2.5,2.5,0.789,0.789,0.892,8,100,0.0,1,1,2
20260808,202607020507,V1,place,7,ロードヴォイジャー,,,,,0.892,8,100,0.0,1,1,2
20260808,202607020507,V2,place,7,ロードヴォイジャー,,,,,0.892,8,100,0.0,1,1,2
20260808,202607020507,V3,wide,3-7,シンビリーブ×ロードヴォイジャー,,,,,0.892,1/8,100,0.0,1,1,2
20260808,202607020508,S1C,win,5,エイユーファイヤー,20.4,20.4,0.912,0.912,0.914,5,100,0.0,1,1,2
20260808,202607020508,S1C,win,6,メイショウオグマ,39.9,39.9,0.923,0.923,0.914,7,100,0.0,1,1,2
20260808,202607020508,S2,win,9,リアンドゥクール,1.7,1.7,0.829,0.829,0.914,1,100,170.0,1,1,2
20260808,202607020508,V1,place,9,リアンドゥクール,,,,,0.914,1,100,110.0,1,1,2
20260808,202607020508,V2,place,9,リアンドゥクール,,,,,0.914,1,100,110.0,1,1,2
20260808,202607020508,V3,wide,9-10,リアンドゥクール×テーオーカイザー,,,,,0.914,1/3,100,290.0,1,1,2
20260808,202607020510,S1,win,2,ヤマニンコルザ,5.2,5.2,1.095,1.095,0.888,4,100,0.0,1,1,2
20260808,202607020510,S1,win,7,カワキタベレッタ,237.3,237.3,1.092,1.092,0.888,6,100,0.0,1,1,2
20260808,202607020510,S1C,win,2,ヤマニンコルザ,5.2,5.2,1.095,1.095,0.888,4,100,0.0,1,1,2
20260808,202607020510,S1C,win,7,カワキタベレッタ,237.3,237.3,1.092,1.092,0.888,6,100,0.0,1,1,2
20260808,202607020510,S2,win,4,エバイダンス,3.0,3.0,0.695,0.695,0.888,2,100,0.0,1,1,2
20260808,202607020510,V1,place,4,エバイダンス,,,,,0.888,2,100,150.0,1,1,2
20260808,202607020510,V3,wide,4-16,エバイダンス×ガルディエンヌ,,,,,0.888,2/3,100,410.0,1,1,2
20260808,202607020511,S1C,win,6,グローブアマランス,16.4,16.4,0.963,0.963,0.885,4,100,0.0,1,1,2
20260808,202607020511,S2,win,4,バルセシート,1.5,1.5,0.831,0.831,0.885,1,100,150.0,1,1,2
20260808,202607020511,V1,place,4,バルセシート,,,,,0.885,1,100,110.0,1,1,2
20260808,202607020511,V2,place,4,バルセシート,,,,,0.885,1,100,110.0,1,1,2
20260808,202607020511,V3,wide,4-12,バルセシート×テイエムスティール,,,,,0.885,1/8,100,0.0,1,1,2
20260808,202607020511,V4,trifecta,4-12-6,,,,,,,,100,0.0,1,1,1
20260808,202607020511,V4,trifecta,4-12-3,,,,,,,,100,0.0,1,1,1
20260808,202607020511,V4,trifecta,4-12-1,,,,,,,,100,0.0,1,1,1
20260808,202607020511,V4,trifecta,4-12-9,,,,,,,,100,0.0,1,1,1
20260808,202607020511,V4,trifecta,4-6-12,,,,,,,,100,0.0,1,1,1
20260808,202607020511,V4,trifecta,4-3-12,,,,,,,,100,0.0,1,1,1
20260808,202607020511,V4,trifecta,4-1-12,,,,,,,,100,0.0,1,1,1
20260808,202607020512,S1,win,7,エコロディアン,5.0,5.0,1.004,1.004,0.895,2,100,0.0,1,1,2
20260808,202607020512,S1,win,11,フェブリノ,26.8,26.8,1.171,1.171,0.895,5,100,0.0,1,1,2
20260808,202607020512,S1,win,13,タガノプトゥリ,245.3,245.3,1.072,1.072,0.895,14,100,0.0,1,1,2
20260808,202607020512,S1C,win,1,ウイングサンライズ,26.1,26.1,0.878,0.878,0.895,6,100,0.0,1,1,2
20260808,202607020512,S1C,win,11,フェブリノ,26.8,26.8,1.171,1.171,0.895,5,100,0.0,1,1,2
20260808,202607020512,S1C,win,13,タガノプトゥリ,245.3,245.3,1.072,1.072,0.895,14,100,0.0,1,1,2
20260808,202607020512,S2,win,15,ゴッドアイ,3.5,3.5,0.705,0.705,0.895,1,100,350.0,1,1,2
20260808,202607020512,V1,place,15,ゴッドアイ,,,,,0.895,1,100,180.0,1,1,2
20260808,202607020512,V3,wide,12-15,グレンセロース×ゴッドアイ,,,,,0.895,4/1,100,0.0,1,1,2
20260809,202601010601,S1,win,3,シンゼンノト,14.3,14.3,1.202,1.202,0.77,5,100,0.0,1,1,2
20260809,202601010601,S1C,win,3,シンゼンノト,14.3,14.3,1.202,1.202,0.77,5,100,0.0,1,1,2
20260809,202601010601,S2,win,12,サルトヴェローチェ,1.6,1.6,0.765,0.765,0.77,2,100,0.0,1,1,2
20260809,202601010601,V1,place,12,サルトヴェローチェ,,,,,0.77,2,100,110.0,1,1,2
20260809,202601010602,S2,win,9,マーゴットオネイロ,2.7,2.7,0.511,0.511,0.897,2,100,0.0,1,1,2
20260809,202601010602,V1,place,9,マーゴットオネイロ,,,,,0.897,2,100,120.0,1,1,2
20260809,202601010602,V3,wide,8-9,ルクスドリーム×マーゴットオネイロ,,,,,0.897,除外/2,0,0.0,1,1,2
20260809,202601010603,S1,win,9,エイカイコバチ,13.3,13.3,1.258,1.258,0.897,3,100,0.0,1,1,2
20260809,202601010603,S1C,win,9,エイカイコバチ,13.3,13.3,1.258,1.258,0.897,3,100,0.0,1,1,2
20260809,202601010603,S2,win,10,メイショウテンク,3.0,3.0,0.719,0.719,0.897,2,100,0.0,1,1,2
20260809,202601010603,V1,place,10,メイショウテンク,,,,,0.897,2,100,150.0,1,1,2
20260809,202601010603,V3,wide,5-10,デルシエロ×メイショウテンク,,,,,0.897,4/2,100,0.0,1,1,2
20260809,202601010604,S1,win,2,コサージュ,50.4,50.4,1.567,1.567,0.887,13,100,0.0,1,1,2
20260809,202601010604,S1,win,4,マイネルトレマーズ,7.6,7.6,1.33,1.33,0.887,7,100,0.0,1,1,2
20260809,202601010604,S1C,win,2,コサージュ,50.4,50.4,1.567,1.567,0.887,13,100,0.0,1,1,2
20260809,202601010604,S1C,win,4,マイネルトレマーズ,7.6,7.6,1.33,1.33,0.887,7,100,0.0,1,1,2
20260809,202601010604,S2,win,10,バンダムソレール,3.4,3.4,0.624,0.624,0.887,1,100,340.0,1,1,2
20260809,202601010604,S3,win,4,マイネルトレマーズ,7.6,7.6,1.33,1.33,0.887,7,100,0.0,1,1,2
20260809,202601010604,S5C,win,4,マイネルトレマーズ,7.6,7.6,1.33,1.33,0.887,7,100,0.0,1,1,2
20260809,202601010604,V1,place,10,バンダムソレール,,,,,0.887,1,100,150.0,1,1,2
20260809,202601010604,V3,wide,9-10,ホウオウファラオ×バンダムソレール,,,,,0.887,4/1,100,0.0,1,1,2
20260809,202601010605,S1,win,1,ガザニア,19.5,19.5,1.036,1.036,0.562,12,100,0.0,1,1,2
20260809,202601010605,S1,win,2,アブリコース,19.8,19.8,1.135,1.135,0.562,13,100,0.0,1,1,2
20260809,202601010605,S1,win,4,ヌーベルフィズ,23.4,23.4,1.019,1.019,0.562,7,100,0.0,1,1,2
20260809,202601010605,S1C,win,1,ガザニア,19.5,19.5,1.036,1.036,0.562,12,100,0.0,1,1,2
20260809,202601010605,S1C,win,2,アブリコース,19.8,19.8,1.135,1.135,0.562,13,100,0.0,1,1,2
20260809,202601010605,S1C,win,4,ヌーベルフィズ,23.4,23.4,1.019,1.019,0.562,7,100,0.0,1,1,2
20260809,202601010605,S2,win,11,ウィエダンド,2.4,2.4,0.771,0.771,0.562,1,100,240.0,1,1,2
20260809,202601010605,V1,place,11,ウィエダンド,,,,,0.562,1,100,120.0,1,1,2
20260809,202601010606,S1,win,13,テイエムプレミラン,27.1,27.1,1.877,1.877,0.897,12,100,0.0,1,1,2
20260809,202601010606,S1C,win,13,テイエムプレミラン,27.1,27.1,1.877,1.877,0.897,12,100,0.0,1,1,2
20260809,202601010606,S2,win,7,ヘイジュード,2.5,2.5,0.848,0.848,0.897,5,100,0.0,1,1,2
20260809,202601010606,V1,place,7,ヘイジュード,,,,,0.897,5,100,0.0,1,1,2
20260809,202601010606,V2,place,7,ヘイジュード,,,,,0.897,5,100,0.0,1,1,2
20260809,202601010606,V3,wide,7-11,ヘイジュード×ドンテスタマスター,,,,,0.897,5/1,100,0.0,1,1,2
20260809,202601010607,S1,win,1,グランフルス,45.2,45.2,1.18,1.18,0.903,10,100,0.0,1,1,2
20260809,202601010607,S1,win,2,オートカリテ,18.4,18.4,1.243,1.243,0.903,14,100,0.0,1,1,2
20260809,202601010607,S1,win,3,デルマフジ,5.5,5.5,1.011,1.011,0.903,2,100,0.0,1,1,2
20260809,202601010607,S1,win,15,レフィノス,459.0,459.0,1.599,1.599,0.903,16,100,0.0,1,1,2
20260809,202601010607,S1C,win,1,グランフルス,45.2,45.2,1.18,1.18,0.903,10,100,0.0,1,1,2
20260809,202601010607,S1C,win,2,オートカリテ,18.4,18.4,1.243,1.243,0.903,14,100,0.0,1,1,2
20260809,202601010607,S1C,win,3,デルマフジ,5.5,5.5,1.011,1.011,0.903,2,100,0.0,1,1,2
20260809,202601010607,S1C,win,15,レフィノス,459.0,459.0,1.599,1.599,0.903,16,100,0.0,1,1,2
20260809,202601010607,S2,win,4,トリニタリオ,1.8,1.8,0.702,0.702,0.903,1,100,180.0,1,1,2
20260809,202601010607,V1,place,4,トリニタリオ,,,,,0.903,1,100,110.0,1,1,2
20260809,202601010607,V2,place,4,トリニタリオ,,,,,0.903,1,100,110.0,1,1,2
20260809,202601010607,V3,wide,3-4,デルマフジ×トリニタリオ,,,,,0.903,2/1,100,250.0,1,1,2
20260809,202601010608,S1,win,2,ファミーユウルーズ,219.5,219.5,3.252,3.252,0.899,11,100,0.0,1,1,2
20260809,202601010608,S1,win,8,テイクオンミー,7.8,7.8,1.009,1.009,0.899,3,100,0.0,1,1,2
20260809,202601010608,S1C,win,2,ファミーユウルーズ,219.5,219.5,3.252,3.252,0.899,11,100,0.0,1,1,2
20260809,202601010608,S1C,win,8,テイクオンミー,7.8,7.8,1.009,1.009,0.899,3,100,0.0,1,1,2
20260809,202601010608,S1C,win,11,ディアスポラ,40.7,40.7,0.95,0.95,0.899,7,100,0.0,1,1,2
20260809,202601010608,S2,win,7,ピエナオルカ,3.5,3.5,0.826,0.826,0.899,8,100,0.0,1,1,2
20260809,202601010608,V1,place,7,ピエナオルカ,,,,,0.899,8,100,0.0,1,1,2
20260809,202601010608,V3,wide,7-12,ピエナオルカ×ローズマイスター,,,,,0.899,8/1,100,0.0,1,1,2
20260809,202601010609,S1,win,6,アトリウムチャペル,14.8,14.8,1.059,1.059,0.901,6,100,0.0,1,1,2
20260809,202601010609,S1C,win,6,アトリウムチャペル,14.8,14.8,1.059,1.059,0.901,6,100,0.0,1,1,2
20260809,202601010609,S1C,win,9,ラプランセス,24.3,24.3,0.922,0.922,0.901,4,100,0.0,1,1,2
20260809,202601010609,S2,win,2,ニシノサリーナ,3.4,3.4,0.778,0.778,0.901,16,100,0.0,1,1,2
20260809,202601010609,V1,place,2,ニシノサリーナ,,,,,0.901,16,100,0.0,1,1,2
20260809,202601010609,V3,wide,2-11,ニシノサリーナ×ウィングブルー,,,,,0.901,16/2,100,0.0,1,1,2
20260809,202601010610,S2,win,13,タガノエルー,1.6,1.6,0.744,0.744,0.906,2,100,0.0,1,1,2
20260809,202601010610,V1,place,13,タガノエルー,,,,,0.906,2,100,110.0,1,1,2
20260809,202601010610,V2,place,13,タガノエルー,,,,,0.906,2,100,110.0,1,1,2
20260809,202601010610,V3,wide,8-13,ベラジオワールド×タガノエルー,,,,,0.906,3/2,100,150.0,1,1,2
20260809,202601010611,S1,win,15,ウインアイオライト,139.7,139.7,1.089,1.089,0.903,13,100,0.0,1,1,2
20260809,202601010611,S1C,win,2,アスティスプマンテ,20.2,20.2,0.932,0.932,0.903,3,100,0.0,1,1,2
20260809,202601010611,S1C,win,15,ウインアイオライト,139.7,139.7,1.089,1.089,0.903,13,100,0.0,1,1,2
20260809,202601010611,S2,win,10,ナムラクララ,3.6,3.6,0.769,0.769,0.903,1,100,360.0,1,1,2
20260809,202601010611,V1,place,10,ナムラクララ,,,,,0.903,1,100,170.0,1,1,2
20260809,202601010611,V3,wide,3-10,ブラックチャリス×ナムラクララ,,,,,0.903,6/1,100,0.0,1,1,2
20260809,202601010611,V4,trifecta,10-3-13,,,,,,,,100,0.0,1,1,1
20260809,202601010611,V4,trifecta,3-10-13,,,,,,,,100,0.0,1,1,1
20260809,202601010611,V4,trifecta,10-13-3,,,,,,,,100,0.0,1,1,1
20260809,202601010611,V4,trifecta,10-3-14,,,,,,,,100,0.0,1,1,1
20260809,202601010611,V4,trifecta,13-10-3,,,,,,,,100,0.0,1,1,1
20260809,202601010611,V4,trifecta,3-13-10,,,,,,,,100,0.0,1,1,1
20260809,202601010611,V4,trifecta,3-10-14,,,,,,,,100,0.0,1,1,1
20260809,202601010611,V4,trifecta,13-3-10,,,,,,,,100,0.0,1,1,1
20260809,202601010611,V4,trifecta,10-14-3,,,,,,,,100,0.0,1,1,1
20260809,202601010611,V4,trifecta,3-14-10,,,,,,,,100,0.0,1,1,1
20260809,202601010612,S2,win,8,ヴァロアーク,2.1,2.1,0.805,0.805,0.914,7,100,0.0,1,1,2
20260809,202601010612,V1,place,8,ヴァロアーク,,,,,0.914,7,100,0.0,1,1,2
20260809,202601010612,V2,place,8,ヴァロアーク,,,,,0.914,7,100,0.0,1,1,2
20260809,202601010612,V3,wide,1-8,マイネルシンベリン×ヴァロアーク,,,,,0.914,3/7,100,0.0,1,1,2
20260809,202604020601,S1,win,5,マイホームパパ,123.1,123.1,1.177,1.177,0.761,12,100,0.0,1,1,2
20260809,202604020601,S1,win,11,シアルナーレ,7.7,7.7,1.044,1.044,0.761,2,100,0.0,1,1,2
20260809,202604020601,S1,win,12,マスターボリューム,187.3,187.3,1.306,1.306,0.761,16,100,0.0,1,1,2
20260809,202604020601,S1,win,13,スーパーユタカ,7.2,7.2,1.113,1.113,0.761,5,100,0.0,1,1,2
20260809,202604020601,S1C,win,5,マイホームパパ,123.1,123.1,1.177,1.177,0.761,12,100,0.0,1,1,2
20260809,202604020601,S1C,win,11,シアルナーレ,7.7,7.7,1.044,1.044,0.761,2,100,0.0,1,1,2
20260809,202604020601,S1C,win,12,マスターボリューム,187.3,187.3,1.306,1.306,0.761,16,100,0.0,1,1,2
20260809,202604020601,S1C,win,13,スーパーユタカ,7.2,7.2,1.113,1.113,0.761,5,100,0.0,1,1,2
20260809,202604020601,S2,win,8,ラガリーガ,2.0,2.0,0.783,0.783,0.761,1,100,200.0,1,1,2
20260809,202604020601,V1,place,8,ラガリーガ,,,,,0.761,1,100,130.0,1,1,2
20260809,202604020602,S2,win,5,エスシークザン,3.0,3.0,0.705,0.705,0.564,3,100,0.0,1,1,2
20260809,202604020602,V1,place,5,エスシークザン,,,,,0.564,3,100,130.0,1,1,2
20260809,202604020603,S1,win,14,グランキンバリー,141.9,141.9,1.174,1.174,0.839,13,100,0.0,1,1,2
20260809,202604020603,S1C,win,14,グランキンバリー,141.9,141.9,1.174,1.174,0.839,13,100,0.0,1,1,2
20260809,202604020603,S2,win,12,ハングローズ,2.1,2.1,0.898,0.898,0.839,4,100,0.0,1,1,2
20260809,202604020603,V1,place,12,ハングローズ,,,,,0.839,4,100,0.0,1,1,2
20260809,202604020603,V2,place,12,ハングローズ,,,,,0.839,4,100,0.0,1,1,2
20260809,202604020603,V3,wide,4-12,エコロセレナ×ハングローズ,,,,,0.839,10/4,100,0.0,1,1,2
20260809,202604020604,S2,win,12,クリムゾンリーフ,2.0,2.0,0.731,0.731,0.834,2,100,0.0,1,1,2
20260809,202604020604,V1,place,12,クリムゾンリーフ,,,,,0.834,2,100,110.0,1,1,2
20260809,202604020604,V2,place,12,クリムゾンリーフ,,,,,0.834,2,100,110.0,1,1,2
20260809,202604020604,V3,wide,10-12,モンスターラッシュ×クリムゾンリーフ,,,,,0.834,1/2,100,170.0,1,1,2
20260809,202604020605,S1,win,2,ベルゼビュート,7.1,7.1,1.107,1.107,0.903,4,100,0.0,1,1,2
20260809,202604020605,S1,win,13,タイセイブルーム,54.7,54.7,1.034,1.034,0.903,10,100,0.0,1,1,2
20260809,202604020605,S1C,win,2,ベルゼビュート,7.1,7.1,1.107,1.107,0.903,4,100,0.0,1,1,2
20260809,202604020605,S1C,win,15,ペッパーミル,35.3,35.3,0.939,0.939,0.903,14,100,0.0,1,1,2
20260809,202604020605,S2,win,9,アンバサダネージュ,2.8,2.8,0.858,0.858,0.903,7,100,0.0,1,1,2
20260809,202604020605,V1,place,9,アンバサダネージュ,,,,,0.903,7,100,0.0,1,1,2
20260809,202604020605,V2,place,9,アンバサダネージュ,,,,,0.903,7,100,0.0,1,1,2
20260809,202604020605,V3,wide,9-12,アンバサダネージュ×シュヴァルツシルト,,,,,0.903,7/6,100,0.0,1,1,2
20260809,202604020606,S1,win,2,コルレオニス,28.6,28.6,1.013,1.013,0.907,10,100,0.0,1,1,2
20260809,202604020606,S2,win,1,ライヒスアドラー,1.2,1.2,0.79,0.79,0.907,1,100,120.0,1,1,2
20260809,202604020606,V1,place,1,ライヒスアドラー,,,,,0.907,1,100,110.0,1,1,2
20260809,202604020606,V2,place,1,ライヒスアドラー,,,,,0.907,1,100,110.0,1,1,2
20260809,202604020606,V3,wide,1-3,ライヒスアドラー×カニキュル,,,,,0.907,1/2,100,240.0,1,1,2
20260809,202604020607,S1,win,3,ヒシアムルーズ,50.0,50.0,1.206,1.206,0.914,10,100,0.0,1,1,2
20260809,202604020607,S1,win,7,パラダイスフェイス,156.9,156.9,9.911,9.911,0.914,12,100,0.0,1,1,2
20260809,202604020607,S1,win,8,テンカムテキ,68.6,68.6,1.018,1.018,0.914,8,100,0.0,1,1,2
20260809,202604020607,S1C,win,3,ヒシアムルーズ,50.0,50.0,1.206,1.206,0.914,10,100,0.0,1,1,2
20260809,202604020607,S1C,win,7,パラダイスフェイス,156.9,156.9,9.911,9.911,0.914,12,100,0.0,1,1,2
20260809,202604020607,S2,win,12,メルカントゥール,2.7,2.7,0.702,0.702,0.914,3,100,0.0,1,1,2
20260809,202604020607,V1,place,12,メルカントゥール,,,,,0.914,3,100,130.0,1,1,2
20260809,202604020607,V2,place,12,メルカントゥール,,,,,0.914,3,100,130.0,1,1,2
20260809,202604020607,V3,wide,9-12,ショウナンバンライ×メルカントゥール,,,,,0.914,6/3,100,0.0,1,1,2
20260809,202604020608,S1,win,3,リュウノタブーク,351.6,351.6,1.16,1.16,0.901,12,100,0.0,1,1,2
20260809,202604020608,S1,win,4,ミスエル,251.0,251.0,1.237,1.237,0.901,7,100,0.0,1,1,2
20260809,202604020608,S1C,win,3,リュウノタブーク,351.6,351.6,1.16,1.16,0.901,12,100,0.0,1,1,2
20260809,202604020608,S1C,win,4,ミスエル,251.0,251.0,1.237,1.237,0.901,7,100,0.0,1,1,2
20260809,202604020608,S2,win,11,ハニーローリエ,2.5,2.5,0.697,0.697,0.901,2,100,0.0,1,1,2
20260809,202604020608,V1,place,11,ハニーローリエ,,,,,0.901,2,100,130.0,1,1,2
20260809,202604020608,V2,place,11,ハニーローリエ,,,,,0.901,2,100,130.0,1,1,2
20260809,202604020608,V3,wide,11-13,ハニーローリエ×ロードトレゾール,,,,,0.901,2/8,100,0.0,1,1,2
20260809,202604020609,S1,win,9,シュバルツガイスト,212.8,212.8,1.096,1.096,0.88,8,100,0.0,1,1,2
20260809,202604020609,S1,win,15,マーゴットゲイン,40.3,40.3,1.634,1.634,0.88,1,100,4030.0,1,1,2
20260809,202604020609,S1C,win,9,シュバルツガイスト,212.8,212.8,1.096,1.096,0.88,8,100,0.0,1,1,2
20260809,202604020609,S1C,win,15,マーゴットゲイン,40.3,40.3,1.634,1.634,0.88,1,100,4030.0,1,1,2
20260809,202604020609,S2,win,14,ピコテンダー,2.4,2.4,0.75,0.75,0.88,6,100,0.0,1,1,2
20260809,202604020609,V1,place,14,ピコテンダー,,,,,0.88,6,100,0.0,1,1,2
20260809,202604020609,V2,place,14,ピコテンダー,,,,,0.88,6,100,0.0,1,1,2
20260809,202604020609,V3,wide,5-14,アスタールフナ×ピコテンダー,,,,,0.88,2/6,100,0.0,1,1,2
20260809,202604020610,S1,win,1,トラストモアリズム,130.1,130.1,1.155,1.155,0.926,4,100,0.0,1,1,2
20260809,202604020610,S1C,win,1,トラストモアリズム,130.1,130.1,1.155,1.155,0.926,4,100,0.0,1,1,2
20260809,202604020610,S2,win,7,ウップヘリーア,1.7,1.7,0.772,0.772,0.926,2,100,0.0,1,1,2
20260809,202604020610,V1,place,7,ウップヘリーア,,,,,0.926,2,100,110.0,1,1,2
20260809,202604020610,V2,place,7,ウップヘリーア,,,,,0.926,2,100,110.0,1,1,2
20260809,202604020610,V3,wide,5-7,モートンアイランド×ウップヘリーア,,,,,0.926,1/2,100,130.0,1,1,2
20260809,202604020611,S1,win,6,スカイドリーマー,44.8,44.8,1.066,1.066,0.858,11,100,0.0,1,1,2
20260809,202604020611,S1C,win,6,スカイドリーマー,44.8,44.8,1.066,1.066,0.858,11,100,0.0,1,1,2
20260809,202604020611,S1C,win,7,ピコプリンセス,157.2,157.2,0.927,0.927,0.858,10,100,0.0,1,1,2
20260809,202604020611,S2,win,3,バンオンタイム,2.3,2.3,0.752,0.752,0.858,3,100,0.0,1,1,2
20260809,202604020611,V1,place,3,バンオンタイム,,,,,0.858,3,100,130.0,1,1,2
20260809,202604020611,V2,place,3,バンオンタイム,,,,,0.858,3,100,130.0,1,1,2
20260809,202604020611,V3,wide,3-9,バンオンタイム×スチールギターラグ,,,,,0.858,3/6,100,0.0,1,1,2
20260809,202604020611,V4,trifecta,3-10-9,,,,,,,,100,0.0,1,1,1
20260809,202604020611,V4,trifecta,3-9-10,,,,,,,,100,0.0,1,1,1
20260809,202604020611,V4,trifecta,3-10-1,,,,,,,,100,0.0,1,1,1
20260809,202604020611,V4,trifecta,10-3-9,,,,,,,,100,0.0,1,1,1
20260809,202604020611,V4,trifecta,3-1-10,,,,,,,,100,0.0,1,1,1
20260809,202604020611,V4,trifecta,9-3-10,,,,,,,,100,0.0,1,1,1
20260809,202604020611,V4,trifecta,10-3-1,,,,,,,,100,0.0,1,1,1
20260809,202604020611,V4,trifecta,3-9-1,,,,,,,,100,0.0,1,1,1
20260809,202604020611,V4,trifecta,3-10-4,,,,,,,,100,0.0,1,1,1
20260809,202604020611,V4,trifecta,3-1-9,,,,,,,,100,0.0,1,1,1
20260809,202604020612,S1,win,4,シエラモレーナ,43.4,43.4,1.027,1.027,0.891,12,100,0.0,1,1,2
20260809,202604020612,S1,win,7,ルナーファントム,6.7,6.7,1.12,1.12,0.891,15,100,0.0,1,1,2
20260809,202604020612,S1,win,9,サンロード,169.3,169.3,1.355,1.355,0.891,16,100,0.0,1,1,2
20260809,202604020612,S1C,win,4,シエラモレーナ,43.4,43.4,1.027,1.027,0.891,12,100,0.0,1,1,2
20260809,202604020612,S1C,win,7,ルナーファントム,6.7,6.7,1.12,1.12,0.891,15,100,0.0,1,1,2
20260809,202604020612,S1C,win,9,サンロード,169.3,169.3,1.355,1.355,0.891,16,100,0.0,1,1,2
20260809,202604020612,S2,win,15,ルージュフィーリア,3.5,3.5,0.824,0.824,0.891,3,100,0.0,1,1,2
20260809,202604020612,V1,place,15,ルージュフィーリア,,,,,0.891,3,100,190.0,1,1,2
20260809,202604020612,V3,wide,10-15,オンナキュヌヴィ×ルージュフィーリア,,,,,0.891,5/3,100,0.0,1,1,2
20260809,202607020601,S1,win,1,ラピス,28.2,28.2,1.223,1.223,0.879,4,100,0.0,1,1,2
20260809,202607020601,S1,win,9,ワンダーリュクス,16.3,16.3,1.061,1.061,0.879,11,100,0.0,1,1,2
20260809,202607020601,S1C,win,1,ラピス,28.2,28.2,1.223,1.223,0.879,4,100,0.0,1,1,2
20260809,202607020601,S1C,win,9,ワンダーリュクス,16.3,16.3,1.061,1.061,0.879,11,100,0.0,1,1,2
20260809,202607020601,S2,win,3,クロスボーダー,2.9,2.9,0.783,0.783,0.879,5,100,0.0,1,1,2
20260809,202607020601,V1,place,3,クロスボーダー,,,,,0.879,5,100,0.0,1,1,2
20260809,202607020601,V2,place,3,クロスボーダー,,,,,0.879,5,100,0.0,1,1,2
20260809,202607020601,V3,wide,3-14,クロスボーダー×フィンガーレイクス,,,,,0.879,5/1,100,0.0,1,1,2
20260809,202607020602,S1,win,4,ビップルーチェ,165.6,165.6,1.148,1.148,0.575,9,100,0.0,1,1,2
20260809,202607020602,S1C,win,4,ビップルーチェ,165.6,165.6,1.148,1.148,0.575,9,100,0.0,1,1,2
20260809,202607020602,S2,win,3,リアンフィニ,1.8,1.8,0.82,0.82,0.575,2,100,0.0,1,1,2
20260809,202607020602,V1,place,3,リアンフィニ,,,,,0.575,2,100,110.0,1,1,2
20260809,202607020603,S2,win,6,ドラゴンバルド,1.5,1.5,0.936,0.936,0.556,1,100,150.0,1,1,2
20260809,202607020603,V1,place,6,ドラゴンバルド,,,,,0.556,1,100,100.0,1,1,2
20260809,202607020604,S1,win,6,アラムシャピラス,3.6,3.6,1.068,1.068,0.875,2,100,0.0,1,1,2
20260809,202607020604,S1,win,9,グランセンチュリ,134.3,134.3,1.204,1.204,0.875,15,100,0.0,1,1,2
20260809,202607020604,S1C,win,1,レッドフレーザー,23.7,23.7,0.95,0.95,0.875,3,100,0.0,1,1,2
20260809,202607020604,S1C,win,6,アラムシャピラス,3.6,3.6,1.068,1.068,0.875,2,100,0.0,1,1,2
20260809,202607020604,S1C,win,9,グランセンチュリ,134.3,134.3,1.204,1.204,0.875,15,100,0.0,1,1,2
20260809,202607020604,S2,win,13,エイシンリブウェル,2.1,2.1,0.669,0.669,0.875,1,100,210.0,1,1,2
20260809,202607020604,V1,place,13,エイシンリブウェル,,,,,0.875,1,100,120.0,1,1,2
20260809,202607020604,V2,place,13,エイシンリブウェル,,,,,0.875,1,100,120.0,1,1,2
20260809,202607020604,V3,wide,6-13,アラムシャピラス×エイシンリブウェル,,,,,0.875,2/1,100,290.0,1,1,2
20260809,202607020605,S1,win,6,カレンパンピナップ,40.9,40.9,1.23,1.23,0.899,15,100,0.0,1,1,2
20260809,202607020605,S1,win,8,リアライズブライト,15.8,15.8,1.017,1.017,0.899,2,100,0.0,1,1,2
20260809,202607020605,S1,win,9,サリカリーフォリア,52.6,52.6,1.011,1.011,0.899,14,100,0.0,1,1,2
20260809,202607020605,S1,win,10,ルシャリオ,120.8,120.8,1.269,1.269,0.899,12,100,0.0,1,1,2
20260809,202607020605,S1C,win,6,カレンパンピナップ,40.9,40.9,1.23,1.23,0.899,15,100,0.0,1,1,2
20260809,202607020605,S1C,win,7,ジャスティンルマン,38.6,38.6,0.937,0.937,0.899,1,100,3860.0,1,1,2
20260809,202607020605,S1C,win,8,リアライズブライト,15.8,15.8,1.017,1.017,0.899,2,100,0.0,1,1,2
20260809,202607020605,S1C,win,10,ルシャリオ,120.8,120.8,1.269,1.269,0.899,12,100,0.0,1,1,2
20260809,202607020605,S2,win,14,ペプチドレオン,2.6,2.6,0.728,0.728,0.899,3,100,0.0,1,1,2
20260809,202607020605,V1,place,14,ペプチドレオン,,,,,0.899,3,100,130.0,1,1,2
20260809,202607020605,V2,place,14,ペプチドレオン,,,,,0.899,3,100,130.0,1,1,2
20260809,202607020605,V3,wide,12-14,バトルアックス×ペプチドレオン,,,,,0.899,5/3,100,0.0,1,1,2
20260809,202607020606,S2,win,1,マイバレンタイン,2.4,2.4,0.869,0.869,0.906,3,100,0.0,1,1,2
20260809,202607020606,V1,place,1,マイバレンタイン,,,,,0.906,3,100,0.0,1,1,2
20260809,202607020606,V2,place,1,マイバレンタイン,,,,,0.906,3,100,0.0,1,1,2
20260809,202607020606,V3,wide,1-5,マイバレンタイン×カリーニョ,,,,,0.906,3/1,100,180.0,1,1,2
20260809,202607020607,S2,win,3,レイピア,4.9,4.9,0.728,0.728,0.914,2,100,0.0,1,1,2
20260809,202607020607,V1,place,3,レイピア,,,,,0.914,2,100,190.0,1,1,2
20260809,202607020607,V3,wide,3-7,レイピア×ディアナザール,,,,,0.914,2/9,100,0.0,1,1,2
20260809,202607020608,S2,win,11,リベッチオ,1.6,1.6,0.807,0.807,0.9,1,100,160.0,1,1,2
20260809,202607020608,V1,place,11,リベッチオ,,,,,0.9,1,100,110.0,1,1,2
20260809,202607020608,V2,place,11,リベッチオ,,,,,0.9,1,100,110.0,1,1,2
20260809,202607020608,V3,wide,2-11,ブルックリンダンス×リベッチオ,,,,,0.9,3/1,100,220.0,1,1,2
20260809,202607020610,S1,win,8,ナウオアネヴァー,22.9,22.9,1.129,1.129,0.897,14,100,0.0,1,1,2
20260809,202607020610,S1C,win,8,ナウオアネヴァー,22.9,22.9,1.129,1.129,0.897,14,100,0.0,1,1,2
20260809,202607020610,S2,win,2,ラヴネヴァーダイズ,2.5,2.5,0.759,0.759,0.897,3,100,0.0,1,1,2
20260809,202607020610,V1,place,2,ラヴネヴァーダイズ,,,,,0.897,3,100,150.0,1,1,2
20260809,202607020610,V2,place,2,ラヴネヴァーダイズ,,,,,0.897,3,100,150.0,1,1,2
20260809,202607020610,V3,wide,2-11,ラヴネヴァーダイズ×アメリカンビヨンド,,,,,0.897,3/2,100,580.0,1,1,2
20260809,202607020611,S2,win,12,ドレドレ,-3.0,,-1.162,,0.893,除外,0,0.0,1,1,2
20260809,202607020611,V1,place,12,ドレドレ,,,,,0.893,除外,0,0.0,1,1,2
20260809,202607020611,V2,place,12,ドレドレ,,,,,0.893,除外,0,0.0,1,1,2
20260809,202607020611,V3,wide,1-12,フロムレイブン×ドレドレ,,,,,0.893,2/除外,0,0.0,1,1,2
20260809,202607020611,V4,trifecta,12-1-15,,,,,,,,0,0.0,1,1,1
20260809,202607020611,V4,trifecta,12-15-1,,,,,,,,0,0.0,1,1,1
20260809,202607020611,V4,trifecta,12-1-14,,,,,,,,0,0.0,1,1,1
20260809,202607020611,V4,trifecta,12-14-1,,,,,,,,0,0.0,1,1,1
20260809,202607020611,V4,trifecta,1-12-15,,,,,,,,0,0.0,1,1,1
20260809,202607020611,V4,trifecta,15-12-1,,,,,,,,0,0.0,1,1,1
20260809,202607020611,V4,trifecta,1-12-14,,,,,,,,0,0.0,1,1,1
20260809,202607020611,V4,trifecta,12-15-14,,,,,,,,0,0.0,1,1,1
20260809,202607020611,V4,trifecta,12-1-6,,,,,,,,0,0.0,1,1,1
20260809,202607020611,V4,trifecta,12-14-15,,,,,,,,0,0.0,1,1,1
20260809,202607020612,S2,win,7,ララディアーブル,-3.0,,-1.04,,0.894,除外,0,0.0,1,1,2
20260809,202607020612,V1,place,7,ララディアーブル,,,,,0.894,除外,0,0.0,1,1,2
20260809,202607020612,V2,place,7,ララディアーブル,,,,,0.894,除外,0,0.0,1,1,2
20260809,202607020612,V3,wide,7-13,ララディアーブル×ビッグヒーロー,,,,,0.894,除外/2,0,0.0,1,1,2
20260815,202601010701,S2,win,10,アンタレス,-3.0,,-0.829,,0.887,除外,0,0.0,1,1,2
20260815,202601010701,V1,place,10,アンタレス,,,,,0.887,除外,0,0.0,1,1,2
20260815,202601010701,V2,place,10,アンタレス,,,,,0.887,除外,0,0.0,1,1,2
20260815,202601010701,V3,wide,8-10,ニットウエース×アンタレス,,,,,0.887,除外/除外,0,0.0,1,1,2
20260815,202601010702,S1,win,6,カリスマン,176.3,176.3,6.456,6.456,0.624,9,100,0.0,1,1,2
20260815,202601010702,S1,win,10,タクミオジュウ,203.7,203.7,3.155,3.155,0.624,8,100,0.0,1,1,2
20260815,202601010702,S1C,win,6,カリスマン,176.3,176.3,6.456,6.456,0.624,9,100,0.0,1,1,2
20260815,202601010702,S1C,win,10,タクミオジュウ,203.7,203.7,3.155,3.155,0.624,8,100,0.0,1,1,2
20260815,202601010702,S2,win,9,レゾンフォルテ,1.4,1.4,0.757,0.757,0.624,1,100,140.0,1,1,2
20260815,202601010702,V1,place,9,レゾンフォルテ,,,,,0.624,1,100,110.0,1,1,2
20260815,202601010703,S1,win,4,トルークマクト,45.0,45.0,1.221,1.221,0.888,8,100,0.0,1,1,2
20260815,202601010703,S1,win,11,メイワキラリ,7.1,7.1,1.035,1.035,0.888,1,100,710.0,1,1,2
20260815,202601010703,S1C,win,4,トルークマクト,45.0,45.0,1.221,1.221,0.888,8,100,0.0,1,1,2
20260815,202601010703,S1C,win,11,メイワキラリ,7.1,7.1,1.035,1.035,0.888,1,100,710.0,1,1,2
20260815,202601010703,S2,win,12,ツクバヴァンガード,2.7,2.7,0.78,0.78,0.888,7,100,0.0,1,1,2
20260815,202601010703,V1,place,12,ツクバヴァンガード,,,,,0.888,7,100,0.0,1,1,2
20260815,202601010703,V2,place,12,ツクバヴァンガード,,,,,0.888,7,100,0.0,1,1,2
20260815,202601010703,V3,wide,6-12,アニマレイ×ツクバヴァンガード,,,,,0.888,4/7,100,0.0,1,1,2
20260815,202601010704,S1,win,7,コイバナ,10.8,10.8,1.189,1.189,0.856,3,100,0.0,1,1,2
20260815,202601010704,S1,win,8,ワイルドカイザー,248.0,248.0,1.026,1.026,0.856,12,100,0.0,1,1,2
20260815,202601010704,S1,win,9,ブラックパロット,34.7,34.7,2.051,2.051,0.856,7,100,0.0,1,1,2
20260815,202601010704,S1C,win,7,コイバナ,10.8,10.8,1.189,1.189,0.856,3,100,0.0,1,1,2
20260815,202601010704,S1C,win,9,ブラックパロット,34.7,34.7,2.051,2.051,0.856,7,100,0.0,1,1,2
20260815,202601010704,S2,win,6,ウインガネーシャ,2.8,2.8,0.758,0.758,0.856,5,100,0.0,1,1,2
20260815,202601010704,V1,place,6,ウインガネーシャ,,,,,0.856,5,100,0.0,1,1,2
20260815,202601010704,V2,place,6,ウインガネーシャ,,,,,0.856,5,100,0.0,1,1,2
20260815,202601010704,V3,wide,1-6,ザンテソーロ×ウインガネーシャ,,,,,0.856,6/5,100,0.0,1,1,2
20260815,202601010705,S1,win,10,スマートライナー,19.1,19.1,1.084,1.084,0.557,6,100,0.0,1,1,2
20260815,202601010705,S1C,win,10,スマートライナー,19.1,19.1,1.084,1.084,0.557,6,100,0.0,1,1,2
20260815,202601010705,S2,win,5,ジオパークカツキ,2.7,2.7,0.705,0.705,0.557,1,100,270.0,1,1,2
20260815,202601010705,V1,place,5,ジオパークカツキ,,,,,0.557,1,100,130.0,1,1,2
20260815,202601010706,S1,win,7,エアヴァイブス,4.0,4.0,1.193,1.193,0.901,1,100,400.0,1,1,2
20260815,202601010706,S1,win,11,サウンドファミリエ,15.4,15.4,1.11,1.11,0.901,2,100,0.0,1,1,2
20260815,202601010706,S1C,win,7,エアヴァイブス,4.0,4.0,1.193,1.193,0.901,1,100,400.0,1,1,2
20260815,202601010706,S1C,win,11,サウンドファミリエ,15.4,15.4,1.11,1.11,0.901,2,100,0.0,1,1,2
20260815,202601010706,S1C,win,14,アップターンデイ,164.0,164.0,0.999,0.999,0.901,14,100,0.0,1,1,2
20260815,202601010706,S2,win,10,ショウナンバーボン,2.9,2.9,0.615,0.615,0.901,4,100,0.0,1,1,2
20260815,202601010706,V1,place,10,ショウナンバーボン,,,,,0.901,4,100,0.0,1,1,2
20260815,202601010706,V3,wide,7-10,エアヴァイブス×ショウナンバーボン,,,,,0.901,1/4,100,0.0,1,1,2
20260815,202601010707,S1C,win,15,ルージュスティーズ,38.0,38.0,0.912,0.912,0.869,9,100,0.0,1,1,2
20260815,202601010707,S2,win,3,ミッキーテネシー,2.1,2.1,0.77,0.77,0.869,10,100,0.0,1,1,2
20260815,202601010707,V1,place,3,ミッキーテネシー,,,,,0.869,10,100,0.0,1,1,2
20260815,202601010707,V2,place,3,ミッキーテネシー,,,,,0.869,10,100,0.0,1,1,2
20260815,202601010707,V3,wide,3-9,ミッキーテネシー×アドマイヤシュラ,,,,,0.869,10/3,100,0.0,1,1,2
20260815,202601010708,S1,win,1,フェニーチェドーロ,147.8,147.8,1.199,1.199,0.903,6,100,0.0,1,1,2
20260815,202601010708,S1,win,6,ビービーバザーク,7.7,7.7,1.122,1.122,0.903,5,100,0.0,1,1,2
20260815,202601010708,S1C,win,1,フェニーチェドーロ,147.8,147.8,1.199,1.199,0.903,6,100,0.0,1,1,2
20260815,202601010708,S1C,win,6,ビービーバザーク,7.7,7.7,1.122,1.122,0.903,5,100,0.0,1,1,2
20260815,202601010708,S2,win,9,ロードアマルフィ,2.6,2.6,0.631,0.631,0.903,1,100,260.0,1,1,2
20260815,202601010708,V1,place,9,ロードアマルフィ,,,,,0.903,1,100,130.0,1,1,2
20260815,202601010708,V3,wide,9-10,ロードアマルフィ×ミスティマウンテン,,,,,0.903,1/3,100,290.0,1,1,2
20260815,202601010709,S1,win,1,コスモハナミズキ,7.4,7.4,1.066,1.066,0.78,3,100,0.0,1,1,2
20260815,202601010709,S1C,win,1,コスモハナミズキ,7.4,7.4,1.066,1.066,0.78,3,100,0.0,1,1,2
20260815,202601010709,S2,win,3,アヴィアトーレ,3.7,3.7,0.8,0.8,0.78,5,100,0.0,1,1,2
20260815,202601010709,V1,place,3,アヴィアトーレ,,,,,0.78,5,100,0.0,1,1,2
20260815,202601010710,S1,win,16,エルサトアナ,54.6,54.6,1.222,1.222,0.905,13,100,0.0,1,1,2
20260815,202601010710,S1C,win,16,エルサトアナ,54.6,54.6,1.222,1.222,0.905,13,100,0.0,1,1,2
20260815,202601010710,S2,win,12,ハリウッドメモリー,1.9,1.9,0.747,0.747,0.905,1,100,190.0,1,1,2
20260815,202601010710,V1,place,12,ハリウッドメモリー,,,,,0.905,1,100,110.0,1,1,2
20260815,202601010710,V2,place,12,ハリウッドメモリー,,,,,0.905,1,100,110.0,1,1,2
20260815,202601010710,V3,wide,12-14,ハリウッドメモリー×ストレイトアスク,,,,,0.905,1/3,100,370.0,1,1,2
20260815,202601010711,S1,win,5,ゲキザル,11.9,11.9,1.031,1.031,0.909,2,100,0.0,1,1,2
20260815,202601010711,S1C,win,9,キュールエフウジン,143.2,143.2,0.743,0.743,0.909,9,100,0.0,1,1,2
20260815,202601010711,S1C,win,14,スマートカイロス,20.6,20.6,0.967,0.967,0.909,中止,100,0.0,1,1,2
20260815,202601010711,S2,win,7,セボンサデッセ,4.2,4.2,0.65,0.65,0.909,3,100,0.0,1,1,2
20260815,202601010711,V1,place,7,セボンサデッセ,,,,,0.909,3,100,150.0,1,1,2
20260815,202601010711,V3,wide,7-11,セボンサデッセ×アイウィル,,,,,0.909,3/1,100,310.0,1,1,2
20260815,202601010711,V4,trifecta,11-7-5,,,,,,,,100,0.0,1,1,1
20260815,202601010711,V4,trifecta,11-7-1,,,,,,,,100,0.0,1,1,1
20260815,202601010711,V4,trifecta,7-11-5,,,,,,,,100,0.0,1,1,1
20260815,202601010711,V4,trifecta,7-11-1,,,,,,,,100,0.0,1,1,1
20260815,202601010711,V4,trifecta,11-7-2,,,,,,,,100,0.0,1,1,1
20260815,202601010711,V4,trifecta,11-5-7,,,,,,,,100,21390.0,1,1,1
20260815,202601010711,V4,trifecta,11-1-7,,,,,,,,100,0.0,1,1,1
20260815,202601010711,V4,trifecta,7-11-2,,,,,,,,100,0.0,1,1,1
20260815,202601010711,V4,trifecta,11-2-7,,,,,,,,100,0.0,1,1,1
20260815,202601010711,V4,trifecta,7-5-11,,,,,,,,100,0.0,1,1,1
20260815,202601010712,S1,win,6,ブレイジングスター,259.0,259.0,3.619,3.619,0.909,14,100,0.0,1,1,2
20260815,202601010712,S1,win,13,シャインフリーリー,179.2,179.2,1.187,1.187,0.909,11,100,0.0,1,1,2
20260815,202601010712,S1,win,14,シャインバオバブ,142.5,142.5,1.217,1.217,0.909,8,100,0.0,1,1,2
20260815,202601010712,S1C,win,6,ブレイジングスター,259.0,259.0,3.619,3.619,0.909,14,100,0.0,1,1,2
20260815,202601010712,S1C,win,13,シャインフリーリー,179.2,179.2,1.187,1.187,0.909,11,100,0.0,1,1,2
20260815,202601010712,S1C,win,14,シャインバオバブ,142.5,142.5,1.217,1.217,0.909,8,100,0.0,1,1,2
20260815,202601010712,S2,win,9,ミッキーファルコン,1.8,1.8,0.838,0.838,0.909,1,100,180.0,1,1,2
20260815,202601010712,V1,place,9,ミッキーファルコン,,,,,0.909,1,100,110.0,1,1,2
20260815,202601010712,V2,place,9,ミッキーファルコン,,,,,0.909,1,100,110.0,1,1,2
20260815,202601010712,V3,wide,9-12,ミッキーファルコン×アーレムアレス,,,,,0.909,1/2,100,170.0,1,1,2
20260815,202604020701,S2,win,3,フルーツバスケット,2.6,2.6,0.943,0.943,0.759,1,100,260.0,1,1,2
20260815,202604020701,V1,place,3,フルーツバスケット,,,,,0.759,1,100,120.0,1,1,2
20260815,202604020702,S1,win,8,マムダッドベル,153.5,153.5,1.358,1.358,0.566,7,100,0.0,1,1,2
20260815,202604020702,S1C,win,8,マムダッドベル,153.5,153.5,1.358,1.358,0.566,7,100,0.0,1,1,2
20260815,202604020702,S2,win,5,コスモベスケーデン,3.1,3.1,0.848,0.848,0.566,12,100,0.0,1,1,2
20260815,202604020702,V1,place,5,コスモベスケーデン,,,,,0.566,12,100,0.0,1,1,2
20260815,202604020703,S2,win,2,リボンロード,1.3,1.3,0.824,0.824,0.583,5,100,0.0,1,1,2
20260815,202604020703,V1,place,2,リボンロード,,,,,0.583,5,100,0.0,1,1,2
20260815,202604020704,S1,win,4,スマートレイナ,7.3,7.3,1.02,1.02,0.864,4,100,0.0,1,1,2
20260815,202604020704,S2,win,12,レイズレガシー,3.1,3.1,0.745,0.745,0.864,1,100,310.0,1,1,2
20260815,202604020704,V1,place,12,レイズレガシー,,,,,0.864,1,100,130.0,1,1,2
20260815,202604020704,V3,wide,12-15,レイズレガシー×ロンバスブレス,,,,,0.864,1/3,100,250.0,1,1,2
20260815,202604020705,S1,win,9,ポタリング,131.2,131.2,1.664,1.664,0.908,13,100,0.0,1,1,2
20260815,202604020705,S1,win,16,エバーラスト,58.2,58.2,1.334,1.334,0.908,9,100,0.0,1,1,2
20260815,202604020705,S1C,win,9,ポタリング,131.2,131.2,1.664,1.664,0.908,13,100,0.0,1,1,2
20260815,202604020705,S1C,win,16,エバーラスト,58.2,58.2,1.334,1.334,0.908,9,100,0.0,1,1,2
20260815,202604020705,S2,win,15,グリオンヴール,3.2,3.2,0.738,0.738,0.908,2,100,0.0,1,1,2
20260815,202604020705,V1,place,15,グリオンヴール,,,,,0.908,2,100,140.0,1,1,2
20260815,202604020705,V3,wide,4-15,ウフドゥウフ×グリオンヴール,,,,,0.908,1/2,100,530.0,1,1,2
20260815,202604020706,S1C,win,3,ゴールデンパゴーダ,121.2,121.2,0.824,0.824,0.924,7,100,0.0,1,1,2
20260815,202604020706,S1C,win,8,ビップチェイス,130.3,130.3,0.971,0.971,0.924,6,100,0.0,1,1,2
20260815,202604020706,S2,win,12,ブラックオリンピア,1.5,1.5,0.822,0.822,0.924,2,100,0.0,1,1,2
20260815,202604020706,V1,place,12,ブラックオリンピア,,,,,0.924,2,100,110.0,1,1,2
20260815,202604020706,V2,place,12,ブラックオリンピア,,,,,0.924,2,100,110.0,1,1,2
20260815,202604020706,V3,wide,5-12,ロードフィレール×ブラックオリンピア,,,,,0.924,1/2,100,150.0,1,1,2
20260815,202604020707,S1,win,7,エンヤラヴフェイス,11.9,11.9,1.157,1.157,0.91,1,100,1190.0,1,1,2
20260815,202604020707,S1,win,9,イノセントキャット,65.4,65.4,1.237,1.237,0.91,2,100,0.0,1,1,2
20260815,202604020707,S1,win,14,パラサイコロジー,23.4,23.4,1.065,1.065,0.91,14,100,0.0,1,1,2
20260815,202604020707,S1C,win,7,エンヤラヴフェイス,11.9,11.9,1.157,1.157,0.91,1,100,1190.0,1,1,2
20260815,202604020707,S1C,win,14,パラサイコロジー,23.4,23.4,1.065,1.065,0.91,14,100,0.0,1,1,2
20260815,202604020707,S2,win,15,イリフィ,4.2,4.2,0.736,0.736,0.91,5,100,0.0,1,1,2
20260815,202604020707,V1,place,15,イリフィ,,,,,0.91,5,100,0.0,1,1,2
20260815,202604020707,V3,wide,1-15,アメリカンチケット×イリフィ,,,,,0.91,7/5,100,0.0,1,1,2
20260815,202604020708,S2,win,9,ジェイエルモーダル,2.1,2.1,0.804,0.804,0.908,1,100,210.0,1,1,2
20260815,202604020708,V1,place,9,ジェイエルモーダル,,,,,0.908,1,100,110.0,1,1,2
20260815,202604020708,V2,place,9,ジェイエルモーダル,,,,,0.908,1,100,110.0,1,1,2
20260815,202604020708,V3,wide,3-9,ルーナディサングエ×ジェイエルモーダル,,,,,0.908,2/1,100,260.0,1,1,2
20260815,202604020710,S1,win,11,ニシノロッドマン,34.5,34.5,1.245,1.245,0.892,7,100,0.0,1,1,2
20260815,202604020710,S1,win,15,ジューンマーチ,45.4,45.4,1.003,1.003,0.892,3,100,0.0,1,1,2
20260815,202604020710,S1C,win,11,ニシノロッドマン,34.5,34.5,1.245,1.245,0.892,7,100,0.0,1,1,2
20260815,202604020710,S2,win,9,マーチンゲール,1.8,1.8,0.775,0.775,0.892,1,100,180.0,1,1,2
20260815,202604020710,V1,place,9,マーチンゲール,,,,,0.892,1,100,110.0,1,1,2
20260815,202604020710,V2,place,9,マーチンゲール,,,,,0.892,1,100,110.0,1,1,2
20260815,202604020710,V3,wide,5-9,エターナルホープ×マーチンゲール,,,,,0.892,5/1,100,0.0,1,1,2
20260815,202604020711,S1,win,1,ジーティーソレイユ,60.1,60.1,1.029,1.029,0.883,15,100,0.0,1,1,2
20260815,202604020711,S1,win,5,アルティーノ,326.4,326.4,1.207,1.207,0.883,17,100,0.0,1,1,2
20260815,202604020711,S1,win,8,メーレスブリーゼ,92.2,92.2,1.408,1.408,0.883,5,100,0.0,1,1,2
20260815,202604020711,S1,win,10,ソレム,4.0,4.0,1.039,1.039,0.883,2,100,0.0,1,1,2
20260815,202604020711,S1C,win,5,アルティーノ,326.4,326.4,1.207,1.207,0.883,17,100,0.0,1,1,2
20260815,202604020711,S1C,win,8,メーレスブリーゼ,92.2,92.2,1.408,1.408,0.883,5,100,0.0,1,1,2
20260815,202604020711,S1C,win,9,ダイユウヴェンティ,37.8,37.8,0.979,0.979,0.883,1,100,3780.0,1,1,2
20260815,202604020711,S1C,win,10,ソレム,4.0,4.0,1.039,1.039,0.883,2,100,0.0,1,1,2
20260815,202604020711,S2,win,18,ラウンドヒル,3.0,3.0,0.718,0.718,0.883,3,100,0.0,1,1,2
20260815,202604020711,V1,place,18,ラウンドヒル,,,,,0.883,3,100,130.0,1,1,2
20260815,202604020711,V3,wide,10-18,ソレム×ラウンドヒル,,,,,0.883,2/3,100,350.0,1,1,2
20260815,202604020711,V4,trifecta,10-18-16,,,,,,,,100,0.0,1,1,1
20260815,202604020711,V4,trifecta,18-10-16,,,,,,,,100,0.0,1,1,1
20260815,202604020711,V4,trifecta,10-18-2,,,,,,,,100,0.0,1,1,1
20260815,202604020711,V4,trifecta,18-10-2,,,,,,,,100,0.0,1,1,1
20260815,202604020711,V4,trifecta,10-18-15,,,,,,,,100,0.0,1,1,1
20260815,202604020711,V4,trifecta,18-10-15,,,,,,,,100,0.0,1,1,1
20260815,202604020711,V4,trifecta,10-16-18,,,,,,,,100,0.0,1,1,1
20260815,202604020711,V4,trifecta,18-16-10,,,,,,,,100,0.0,1,1,1
20260815,202604020711,V4,trifecta,10-18-11,,,,,,,,100,0.0,1,1,1
20260815,202604020711,V4,trifecta,10-2-18,,,,,,,,100,0.0,1,1,1
20260815,202604020712,S1,win,8,キコリータ,11.8,11.8,1.75,1.75,0.849,4,100,0.0,1,1,2
20260815,202604020712,S1,win,14,キリスパークル,140.9,140.9,1.137,1.137,0.849,13,100,0.0,1,1,2
20260815,202604020712,S1,win,18,フォーエバーラブ,56.7,56.7,1.345,1.345,0.849,8,100,0.0,1,1,2
20260815,202604020712,S1C,win,8,キコリータ,11.8,11.8,1.75,1.75,0.849,4,100,0.0,1,1,2
20260815,202604020712,S1C,win,14,キリスパークル,140.9,140.9,1.137,1.137,0.849,13,100,0.0,1,1,2
20260815,202604020712,S1C,win,18,フォーエバーラブ,56.7,56.7,1.345,1.345,0.849,8,100,0.0,1,1,2
20260815,202604020712,S2,win,15,アマンヘセル,3.0,3.0,0.634,0.634,0.849,12,100,0.0,1,1,2
20260815,202604020712,S3,win,8,キコリータ,11.8,11.8,1.75,1.75,0.849,4,100,0.0,1,1,2
20260815,202604020712,S5C,win,8,キコリータ,11.8,11.8,1.75,1.75,0.849,4,100,0.0,1,1,2
20260815,202604020712,V1,place,15,アマンヘセル,,,,,0.849,12,100,0.0,1,1,2
20260815,202604020712,V3,wide,13-15,セキテイリノ×アマンヘセル,,,,,0.849,2/12,100,0.0,1,1,2
20260815,202607020701,S1,win,7,スピーディスピン,7.7,7.7,1.061,1.061,0.774,10,100,0.0,1,1,2
20260815,202607020701,S2,win,15,ブラックミューズ,2.3,2.3,0.752,0.752,0.774,7,100,0.0,1,1,2
20260815,202607020701,V1,place,15,ブラックミューズ,,,,,0.774,7,100,0.0,1,1,2
20260815,202607020702,S1,win,4,リフルフォース,31.7,31.7,1.182,1.182,0.839,15,100,0.0,1,1,2
20260815,202607020702,S1,win,10,ショウナンライラ,27.6,27.6,1.145,1.145,0.839,6,100,0.0,1,1,2
20260815,202607020702,S1C,win,4,リフルフォース,31.7,31.7,1.182,1.182,0.839,15,100,0.0,1,1,2
20260815,202607020702,S1C,win,10,ショウナンライラ,27.6,27.6,1.145,1.145,0.839,6,100,0.0,1,1,2
20260815,202607020702,S2,win,9,アンガーザガール,2.7,2.7,0.708,0.708,0.839,3,100,0.0,1,1,2
20260815,202607020702,V1,place,9,アンガーザガール,,,,,0.839,3,100,130.0,1,1,2
20260815,202607020702,V2,place,9,アンガーザガール,,,,,0.839,3,100,130.0,1,1,2
20260815,202607020702,V3,wide,7-9,ヤマニンアレシス×アンガーザガール,,,,,0.839,1/3,100,280.0,1,1,2
20260815,202607020703,S2,win,5,スクールディーヴァ,3.3,3.3,0.901,0.901,0.557,4,100,0.0,1,1,2
20260815,202607020703,V1,place,5,スクールディーヴァ,,,,,0.557,4,100,0.0,1,1,2
20260815,202607020704,S1,win,2,アイルトン,13.0,13.0,1.009,1.009,0.897,14,100,0.0,1,1,2
20260815,202607020704,S1,win,6,スワトウ,19.6,19.6,1.069,1.069,0.897,7,100,0.0,1,1,2
20260815,202607020704,S1,win,8,ハピネスサンライズ,31.0,31.0,1.067,1.067,0.897,4,100,0.0,1,1,2
20260815,202607020704,S1,win,9,ヴィーラー,131.6,131.6,1.11,1.11,0.897,13,100,0.0,1,1,2
20260815,202607020704,S1C,win,6,スワトウ,19.6,19.6,1.069,1.069,0.897,7,100,0.0,1,1,2
20260815,202607020704,S1C,win,8,ハピネスサンライズ,31.0,31.0,1.067,1.067,0.897,4,100,0.0,1,1,2
20260815,202607020704,S1C,win,9,ヴィーラー,131.6,131.6,1.11,1.11,0.897,13,100,0.0,1,1,2
20260815,202607020704,S2,win,14,モンシーク,1.4,1.4,0.686,0.686,0.897,1,100,140.0,1,1,2
20260815,202607020704,V1,place,14,モンシーク,,,,,0.897,1,100,110.0,1,1,2
20260815,202607020704,V2,place,14,モンシーク,,,,,0.897,1,100,110.0,1,1,2
20260815,202607020704,V3,wide,4-14,パトローナス×モンシーク,,,,,0.897,2/1,100,200.0,1,1,2
20260815,202607020705,S1,win,1,ノヴァレジーナ,39.1,39.1,1.093,1.093,0.864,11,100,0.0,1,1,2
20260815,202607020705,S1,win,8,ピンクカメリア,49.3,49.3,1.138,1.138,0.864,12,100,0.0,1,1,2
20260815,202607020705,S1,win,10,クレスコフェーヴ,160.1,160.1,1.181,1.181,0.864,15,100,0.0,1,1,2
20260815,202607020705,S1C,win,1,ノヴァレジーナ,39.1,39.1,1.093,1.093,0.864,11,100,0.0,1,1,2
20260815,202607020705,S1C,win,8,ピンクカメリア,49.3,49.3,1.138,1.138,0.864,12,100,0.0,1,1,2
20260815,202607020705,S1C,win,10,クレスコフェーヴ,160.1,160.1,1.181,1.181,0.864,15,100,0.0,1,1,2
20260815,202607020705,S1C,win,14,グランビスタ,20.4,20.4,0.906,0.906,0.864,4,100,0.0,1,1,2
20260815,202607020705,S2,win,7,アキノビューティー,4.5,4.5,0.732,0.732,0.864,2,100,0.0,1,1,2
20260815,202607020705,V1,place,7,アキノビューティー,,,,,0.864,2,100,170.0,1,1,2
20260815,202607020705,V3,wide,6-7,エレーデサンライズ×アキノビューティー,,,,,0.864,1/2,100,340.0,1,1,2
20260815,202607020706,S1,win,6,タミゼ,165.0,165.0,2.216,2.216,0.897,9,100,0.0,1,1,2
20260815,202607020706,S1C,win,6,タミゼ,165.0,165.0,2.216,2.216,0.897,9,100,0.0,1,1,2
20260815,202607020706,S2,win,10,フォーゲル,3.4,3.4,0.905,0.905,0.897,1,100,340.0,1,1,2
20260815,202607020706,V1,place,10,フォーゲル,,,,,0.897,1,100,150.0,1,1,2
20260815,202607020706,V2,place,10,フォーゲル,,,,,0.897,1,100,150.0,1,1,2
20260815,202607020706,V3,wide,7-10,トップアタック×フォーゲル,,,,,0.897,2/1,100,290.0,1,1,2
20260815,202607020707,S1,win,6,キーパフォーマー,7.4,7.4,1.434,1.434,0.905,7,100,0.0,1,1,2
20260815,202607020707,S1C,win,6,キーパフォーマー,7.4,7.4,1.434,1.434,0.905,7,100,0.0,1,1,2
20260815,202607020707,S2,win,5,バッデレイト,3.4,3.4,0.676,0.676,0.905,1,100,340.0,1,1,2
20260815,202607020707,S3,win,6,キーパフォーマー,7.4,7.4,1.434,1.434,0.905,7,100,0.0,1,1,2
20260815,202607020707,S5C,win,6,キーパフォーマー,7.4,7.4,1.434,1.434,0.905,7,100,0.0,1,1,2
20260815,202607020707,V1,place,5,バッデレイト,,,,,0.905,1,100,140.0,1,1,2
20260815,202607020707,V3,wide,5-7,バッデレイト×フィオレストラーダ,,,,,0.905,1/5,100,0.0,1,1,2
20260815,202607020708,S1,win,3,スイッチビスケット,159.8,159.8,1.043,1.043,0.883,9,100,0.0,1,1,2
20260815,202607020708,S1,win,6,ダンツウルス,16.2,16.2,1.014,1.014,0.883,3,100,0.0,1,1,2
20260815,202607020708,S1C,win,3,スイッチビスケット,159.8,159.8,1.043,1.043,0.883,9,100,0.0,1,1,2
20260815,202607020708,S2,win,8,チェルヴァーラ,2.6,2.6,0.707,0.707,0.883,1,100,260.0,1,1,2
20260815,202607020708,V1,place,8,チェルヴァーラ,,,,,0.883,1,100,110.0,1,1,2
20260815,202607020708,V2,place,8,チェルヴァーラ,,,,,0.883,1,100,110.0,1,1,2
20260815,202607020708,V3,wide,1-8,アクセス×チェルヴァーラ,,,,,0.883,2/1,100,170.0,1,1,2
20260815,202607020709,S1,win,7,インシオン,14.3,14.3,1.187,1.187,0.899,9,100,0.0,1,1,2
20260815,202607020709,S1C,win,7,インシオン,14.3,14.3,1.187,1.187,0.899,9,100,0.0,1,1,2
20260815,202607020709,S1C,win,13,ケンフィールド,28.5,28.5,0.982,0.982,0.899,13,100,0.0,1,1,2
20260815,202607020709,S2,win,3,エイシンティザー,2.8,2.8,0.655,0.655,0.899,4,100,0.0,1,1,2
20260815,202607020709,V1,place,3,エイシンティザー,,,,,0.899,4,100,0.0,1,1,2
20260815,202607020709,V3,wide,3-10,エイシンティザー×タイセイドラード,,,,,0.899,4/12,100,0.0,1,1,2
20260815,202607020710,S1,win,2,エブリデイ,35.8,35.8,1.003,1.003,0.886,2,100,0.0,1,1,2
20260815,202607020710,S1,win,5,レーヴドアンジュ,182.0,182.0,1.504,1.504,0.886,6,100,0.0,1,1,2
20260815,202607020710,S1C,win,5,レーヴドアンジュ,182.0,182.0,1.504,1.504,0.886,6,100,0.0,1,1,2
20260815,202607020710,S2,win,16,ララバッカナール,4.2,4.2,0.92,0.92,0.886,12,100,0.0,1,1,2
20260815,202607020710,V1,place,16,ララバッカナール,,,,,0.886,12,100,0.0,1,1,2
20260815,202607020710,V3,wide,10-16,ザングウィル×ララバッカナール,,,,,0.886,4/12,100,0.0,1,1,2
20260815,202607020711,S1,win,12,ギザキズラヴ,150.8,150.8,1.119,1.119,0.887,14,100,0.0,1,1,2
20260815,202607020711,S1,win,14,テレプシコーラ,42.0,42.0,1.012,1.012,0.887,9,100,0.0,1,1,2
20260815,202607020711,S1C,win,12,ギザキズラヴ,150.8,150.8,1.119,1.119,0.887,14,100,0.0,1,1,2
20260815,202607020711,S1C,win,14,テレプシコーラ,42.0,42.0,1.012,1.012,0.887,9,100,0.0,1,1,2
20260815,202607020711,S2,win,1,スマートティアナ,3.2,3.2,0.788,0.788,0.887,6,100,0.0,1,1,2
20260815,202607020711,V1,place,1,スマートティアナ,,,,,0.887,6,100,0.0,1,1,2
20260815,202607020711,V3,wide,1-4,スマートティアナ×イージーライダー,,,,,0.887,6/1,100,0.0,1,1,2
20260815,202607020711,V4,trifecta,1-4-13,,,,,,,,100,0.0,1,1,1
20260815,202607020711,V4,trifecta,1-13-4,,,,,,,,100,0.0,1,1,1
20260815,202607020711,V4,trifecta,4-1-13,,,,,,,,100,0.0,1,1,1
20260815,202607020711,V4,trifecta,13-1-4,,,,,,,,100,0.0,1,1,1
20260815,202607020711,V4,trifecta,1-4-11,,,,,,,,100,0.0,1,1,1
20260815,202607020711,V4,trifecta,1-11-4,,,,,,,,100,0.0,1,1,1
20260815,202607020711,V4,trifecta,4-13-1,,,,,,,,100,0.0,1,1,1
20260815,202607020711,V4,trifecta,4-1-11,,,,,,,,100,0.0,1,1,1
20260815,202607020711,V4,trifecta,13-4-1,,,,,,,,100,0.0,1,1,1
20260815,202607020711,V4,trifecta,1-13-11,,,,,,,,100,0.0,1,1,1
20260815,202607020712,S1,win,7,チョウスター,6.7,6.7,1.059,1.059,0.86,3,100,0.0,1,1,2
20260815,202607020712,S1,win,9,ペコリズム,15.4,15.4,1.01,1.01,0.86,4,100,0.0,1,1,2
20260815,202607020712,S1,win,11,ハッピーリオン,33.9,33.9,1.144,1.144,0.86,16,100,0.0,1,1,2
20260815,202607020712,S1,win,14,ファーヴニル,335.5,335.5,1.156,1.156,0.86,11,100,0.0,1,1,2
20260815,202607020712,S1C,win,7,チョウスター,6.7,6.7,1.059,1.059,0.86,3,100,0.0,1,1,2
20260815,202607020712,S1C,win,11,ハッピーリオン,33.9,33.9,1.144,1.144,0.86,16,100,0.0,1,1,2
20260815,202607020712,S1C,win,14,ファーヴニル,335.5,335.5,1.156,1.156,0.86,11,100,0.0,1,1,2
20260815,202607020712,S2,win,5,ナムラロダン,2.5,2.5,0.886,0.886,0.86,2,100,0.0,1,1,2
20260815,202607020712,V1,place,5,ナムラロダン,,,,,0.86,2,100,130.0,1,1,2
20260815,202607020712,V2,place,5,ナムラロダン,,,,,0.86,2,100,130.0,1,1,2
20260815,202607020712,V3,wide,5-15,ナムラロダン×ゴールドアーチ,,,,,0.86,2/1,100,210.0,1,1,2
20260816,202601010801,S1,win,8,セントピュアベース,24.2,34.9,1.506,2.172,0.862,5,100,0.0,1,0,2
20260816,202601010801,S1C,win,8,セントピュアベース,24.2,34.9,1.506,2.172,0.862,5,100,0.0,1,1,2
20260816,202601010801,S2,win,5,ルージュリヴィエラ,2.8,2.3,0.685,0.563,0.862,7,100,0.0,1,0,2
20260816,202601010801,V1,place,5,ルージュリヴィエラ,,,,,0.862,7,100,0.0,1,0,2
20260816,202601010801,V3,wide,5-10,ルージュリヴィエラ×プルーフリーディン,,,,,0.862,7/1,100,0.0,1,0,2
20260816,202601010802,S1,win,4,テイクケア,18.0,28.5,1.377,2.18,0.793,5,100,0.0,1,0,2
20260816,202601010802,S1C,win,4,テイクケア,18.0,28.5,1.377,2.18,0.793,5,100,0.0,1,1,2
20260816,202601010802,S2,win,3,タイフーンナイン,1.9,1.7,0.787,0.704,0.793,1,100,170.0,1,0,2
20260816,202601010802,V1,place,3,タイフーンナイン,,,,,0.793,1,100,110.0,1,0,2
20260816,202601010803,S1,win,3,マイバラード,43.6,101.8,1.036,2.419,0.904,5,100,0.0,1,0,2
20260816,202601010803,S1,win,12,カーフキック,40.3,73.9,1.55,2.843,0.904,12,100,0.0,1,0,2
20260816,202601010803,S1,win,13,コウギョク,6.8,8.3,1.238,1.511,0.904,4,100,0.0,1,0,2
20260816,202601010803,S1,win,14,ナムラヒナギク,19.1,20.7,1.084,1.174,0.904,10,100,0.0,1,0,2
20260816,202601010803,S1C,win,3,マイバラード,43.6,101.8,1.036,2.419,0.904,5,100,0.0,1,1,2
20260816,202601010803,S1C,win,12,カーフキック,40.3,73.9,1.55,2.843,0.904,12,100,0.0,1,1,2
20260816,202601010803,S1C,win,13,コウギョク,6.8,8.3,1.238,1.511,0.904,4,100,0.0,1,1,2
20260816,202601010803,S1C,win,14,ナムラヒナギク,19.1,20.7,1.084,1.174,0.904,10,100,0.0,1,1,2
20260816,202601010803,S2,win,5,ハヤブササキチャン,3.0,2.6,0.575,0.499,0.904,1,100,260.0,1,0,2
20260816,202601010803,S3,win,13,コウギョク,6.8,8.3,1.238,1.511,0.904,4,100,0.0,1,0,2
20260816,202601010803,S5C,win,13,コウギョク,6.8,8.3,1.238,1.511,0.904,4,100,0.0,1,1,2
20260816,202601010803,V1,place,5,ハヤブササキチャン,,,,,0.904,1,100,130.0,1,0,2
20260816,202601010803,V3,wide,5-10,ハヤブササキチャン×クリスレジーナ,,,,,0.904,1/3,100,360.0,1,0,2
20260816,202601010805,S1,win,1,ミライショウグン,38.2,54.8,1.021,1.464,0.543,12,100,0.0,1,0,2
20260816,202601010805,S2,win,8,レッドマスキュラー,2.5,3.0,0.803,0.963,0.543,7,100,0.0,1,0,2
20260816,202601010805,V1,place,8,レッドマスキュラー,,,,,0.543,7,100,0.0,1,0,2
20260816,202601010806,S1,win,10,ヨドノゴールド,12.4,4.7,1.496,0.567,0.894,3,100,0.0,1,0,2
20260816,202601010806,S1C,win,10,ヨドノゴールド,12.4,4.7,1.496,0.567,0.894,3,100,0.0,1,1,2
20260816,202601010806,S2,win,11,エスカレイト,3.2,6.9,0.784,1.691,0.894,1,100,690.0,1,0,2
20260816,202601010806,S3,win,10,ヨドノゴールド,12.4,4.7,1.496,0.567,0.894,3,100,0.0,1,0,2
20260816,202601010806,S5C,win,10,ヨドノゴールド,12.4,4.7,1.496,0.567,0.894,3,100,0.0,1,1,2
20260816,202601010806,V1,place,11,エスカレイト,,,,,0.894,1,100,220.0,1,0,2
20260816,202601010806,V3,wide,8-11,ビタミンドロップ×エスカレイト,,,,,0.894,10/1,100,0.0,1,0,2
20260816,202601010807,S1,win,6,ロッサコメータ,4.5,7.3,1.19,1.93,0.892,11,100,0.0,1,0,2
20260816,202601010807,S1,win,9,メイショウライガ,34.1,35.6,1.22,1.274,0.892,3,100,0.0,1,0,2
20260816,202601010807,S1C,win,6,ロッサコメータ,4.5,7.3,1.19,1.93,0.892,11,100,0.0,1,1,2
20260816,202601010807,S1C,win,9,メイショウライガ,34.1,35.6,1.22,1.274,0.892,3,100,0.0,1,1,2
20260816,202601010807,S2,win,7,マコトアディントン,4.0,4.7,0.858,1.008,0.892,7,100,0.0,1,0,2
20260816,202601010807,S5C,win,6,ロッサコメータ,4.5,7.3,1.19,1.93,0.892,11,100,0.0,1,1,2
20260816,202601010807,V1,place,7,マコトアディントン,,,,,0.892,7,100,0.0,1,0,2
20260816,202601010807,V3,wide,7-14,マコトアディントン×ウイルソン,,,,,0.892,7/1,100,0.0,1,0,2
20260816,202601010809,S1,win,4,レッドカメリア,16.1,33.7,1.76,3.683,0.903,7,100,0.0,1,0,2
20260816,202601010809,S1,win,8,ユーティジャーニー,15.7,8.1,1.532,0.79,0.903,6,100,0.0,1,0,2
20260816,202601010809,S1C,win,4,レッドカメリア,16.1,33.7,1.76,3.683,0.903,7,100,0.0,1,1,2
20260816,202601010809,S1C,win,8,ユーティジャーニー,15.7,8.1,1.532,0.79,0.903,6,100,0.0,1,1,2
20260816,202601010809,S2,win,5,ハッピーラッキー,6.0,4.3,0.685,0.491,0.903,4,100,0.0,1,0,2
20260816,202601010809,S3,win,4,レッドカメリア,16.1,33.7,1.76,3.683,0.903,7,100,0.0,1,0,2
20260816,202601010809,S5C,win,4,レッドカメリア,16.1,33.7,1.76,3.683,0.903,7,100,0.0,1,1,2
20260816,202601010809,V1,place,5,ハッピーラッキー,,,,,0.903,4,100,0.0,1,0,2
20260816,202601010809,V3,wide,5-12,ハッピーラッキー×ラヴノー,,,,,0.903,4/3,100,0.0,1,0,2
20260816,202601010810,S1,win,1,カッタッパ,28.1,44.2,1.139,1.792,0.902,12,100,0.0,1,0,2
20260816,202601010810,S1C,win,1,カッタッパ,28.1,44.2,1.139,1.792,0.902,12,100,0.0,1,1,2
20260816,202601010810,S1C,win,3,キャリーグレイス,17.1,20.8,0.964,1.173,0.902,7,100,0.0,1,1,2
20260816,202601010810,S2,win,7,タッカージーティー,3.6,5.2,0.899,1.298,0.902,8,100,0.0,1,0,2
20260816,202601010810,V1,place,7,タッカージーティー,,,,,0.902,8,100,0.0,1,0,2
20260816,202601010810,V3,wide,7-10,タッカージーティー×パールフロント,,,,,0.902,8/2,100,0.0,1,0,2
20260816,202601010811,S1,win,3,ピンクジン,152.1,267.2,1.015,1.783,0.922,13,100,0.0,1,0,2
20260816,202601010811,S1,win,5,エコロヴァルツ,15.8,12.5,1.049,0.83,0.922,16,100,0.0,1,0,2
20260816,202601010811,S1,win,6,ローシャムパーク,15.6,20.8,1.299,1.731,0.922,4,100,0.0,1,0,2
20260816,202601010811,S1C,win,3,ピンクジン,152.1,267.2,1.015,1.783,0.922,13,100,0.0,1,1,2
20260816,202601010811,S1C,win,5,エコロヴァルツ,15.8,12.5,1.049,0.83,0.922,16,100,0.0,1,1,2
20260816,202601010811,S1C,win,6,ローシャムパーク,15.6,20.8,1.299,1.731,0.922,4,100,0.0,1,1,2
20260816,202601010811,S2,win,7,ショウヘイ,4.1,4.1,0.929,0.929,0.922,7,100,0.0,1,0,2
20260816,202601010811,V1,place,7,ショウヘイ,,,,,0.922,7,100,0.0,1,0,2
20260816,202601010811,V3,wide,7-10,ショウヘイ×アドマイヤテラ,,,,,0.922,7/9,100,0.0,1,0,2
20260816,202601010811,V4,trifecta,7-10-15,,,,,,,,100,0.0,1,0,1
20260816,202601010811,V4,trifecta,7-15-10,,,,,,,,100,0.0,1,0,1
20260816,202601010811,V4,trifecta,10-7-15,,,,,,,,100,0.0,1,0,1
20260816,202601010811,V4,trifecta,15-7-10,,,,,,,,100,0.0,1,0,1
20260816,202601010811,V4,trifecta,10-15-7,,,,,,,,100,0.0,1,0,1
20260816,202601010811,V4,trifecta,7-10-4,,,,,,,,100,0.0,1,0,1
20260816,202601010811,V4,trifecta,15-10-7,,,,,,,,100,0.0,1,0,1
20260816,202601010811,V4,trifecta,7-4-10,,,,,,,,100,0.0,1,0,1
20260816,202601010811,V4,trifecta,10-7-4,,,,,,,,100,0.0,1,0,1
20260816,202601010811,V4,trifecta,7-10-6,,,,,,,,100,0.0,1,0,1
20260816,202601010812,S1,win,1,レイデラティエラ,28.5,20.1,1.357,0.957,0.921,9,100,0.0,1,0,2
20260816,202601010812,S1,win,3,ゲンジ,16.9,19.3,1.202,1.372,0.921,5,100,0.0,1,0,2
20260816,202601010812,S1C,win,1,レイデラティエラ,28.5,20.1,1.357,0.957,0.921,9,100,0.0,1,1,2
20260816,202601010812,S1C,win,3,ゲンジ,16.9,19.3,1.202,1.372,0.921,5,100,0.0,1,1,2
20260816,202601010812,S2,win,2,ダノンヒストリー,1.2,1.2,0.713,0.713,0.921,1,100,120.0,1,0,2
20260816,202601010812,V1,place,2,ダノンヒストリー,,,,,0.921,1,100,110.0,1,0,2
20260816,202601010812,V2,place,2,ダノンヒストリー,,,,,0.921,1,100,110.0,1,0,2
20260816,202601010812,V3,wide,2-12,ダノンヒストリー×ジュンツバメガエシ,,,,,0.921,1/2,100,200.0,1,0,2
20260816,202604020801,S1,win,4,アテナブレイブ,13.8,16.1,1.017,1.187,0.777,2,100,0.0,1,0,2
20260816,202604020801,S1,win,6,スケルツォテソーロ,54.3,115.9,1.023,2.185,0.777,11,100,0.0,1,0,2
20260816,202604020801,S1,win,11,フランベリー,169.6,344.9,1.098,2.234,0.777,10,100,0.0,1,0,2
20260816,202604020801,S1,win,13,トリプティーク,149.0,342.7,1.194,2.746,0.777,9,100,0.0,1,0,2
20260816,202604020801,S1C,win,10,スターリーデー,15.4,11.9,0.953,0.736,0.777,8,100,0.0,1,1,2
20260816,202604020801,S1C,win,11,フランベリー,169.6,344.9,1.098,2.234,0.777,10,100,0.0,1,1,2
20260816,202604020801,S1C,win,13,トリプティーク,149.0,342.7,1.194,2.746,0.777,9,100,0.0,1,1,2
20260816,202604020801,S2,win,8,インサイドエッジ,1.6,1.3,0.803,0.652,0.777,3,100,0.0,1,0,2
20260816,202604020801,V1,place,8,インサイドエッジ,,,,,0.777,3,100,100.0,1,0,2
20260816,202604020802,S1,win,5,ベルトラッキ,6.3,8.5,1.015,1.369,0.901,1,100,850.0,1,0,2
20260816,202604020802,S1,win,11,シャリキモン,19.5,28.8,1.186,1.751,0.901,5,100,0.0,1,0,2
20260816,202604020802,S1,win,16,メジロピオラ,18.0,36.8,1.251,2.557,0.901,17,100,0.0,1,0,2
20260816,202604020802,S1C,win,5,ベルトラッキ,6.3,8.5,1.015,1.369,0.901,1,100,850.0,1,1,2
20260816,202604020802,S1C,win,11,シャリキモン,19.5,28.8,1.186,1.751,0.901,5,100,0.0,1,1,2
20260816,202604020802,S1C,win,16,メジロピオラ,18.0,36.8,1.251,2.557,0.901,17,100,0.0,1,1,2
20260816,202604020802,S2,win,15,ゾネブルーム,3.9,2.4,0.797,0.491,0.901,2,100,0.0,1,0,2
20260816,202604020802,V1,place,15,ゾネブルーム,,,,,0.901,2,100,130.0,1,0,2
20260816,202604020802,V3,wide,14-15,アルティマローネ×ゾネブルーム,,,,,0.901,7/2,100,0.0,1,0,2
20260816,202604020803,S1,win,4,セイウンガジュマル,24.8,23.2,1.044,0.976,0.772,8,100,0.0,1,0,2
20260816,202604020803,S1,win,10,マリノエスプレッソ,16.9,24.5,1.075,1.558,0.772,3,100,0.0,1,0,2
20260816,202604020803,S1,win,14,リコルディオーロ,7.0,7.6,1.202,1.306,0.772,7,100,0.0,1,0,2
20260816,202604020803,S1C,win,4,セイウンガジュマル,24.8,23.2,1.044,0.976,0.772,8,100,0.0,1,1,2
20260816,202604020803,S1C,win,10,マリノエスプレッソ,16.9,24.5,1.075,1.558,0.772,3,100,0.0,1,1,2
20260816,202604020803,S1C,win,14,リコルディオーロ,7.0,7.6,1.202,1.306,0.772,7,100,0.0,1,1,2
20260816,202604020803,S2,win,3,ラキアーヴェ,2.7,3.5,0.705,0.914,0.772,1,100,350.0,1,0,2
20260816,202604020803,S3,win,14,リコルディオーロ,7.0,7.6,1.202,1.306,0.772,7,100,0.0,1,0,2
20260816,202604020803,V1,place,3,ラキアーヴェ,,,,,0.772,1,100,190.0,1,0,2
20260816,202604020804,S2,win,9,トップレイアー,2.2,2.8,0.908,1.155,0.576,1,100,280.0,1,0,2
20260816,202604020804,V1,place,9,トップレイアー,,,,,0.576,1,100,170.0,1,0,2
20260816,202604020805,S2,win,6,ダノンファンスター,2.4,2.1,0.868,0.76,0.891,4,100,0.0,1,0,2
20260816,202604020805,V1,place,6,ダノンファンスター,,,,,0.891,4,100,0.0,1,0,2
20260816,202604020805,V2,place,6,ダノンファンスター,,,,,0.891,4,100,0.0,1,0,2
20260816,202604020805,V3,wide,6-11,ダノンファンスター×カザンラク,,,,,0.891,4/6,100,0.0,1,0,2
20260816,202604020806,S1,win,10,クールベイビー,8.1,7.1,1.386,1.215,0.899,9,100,0.0,1,0,2
20260816,202604020806,S1,win,12,ポッドソル,16.0,38.2,1.208,2.883,0.899,13,100,0.0,1,0,2
20260816,202604020806,S1C,win,10,クールベイビー,8.1,7.1,1.386,1.215,0.899,9,100,0.0,1,1,2
20260816,202604020806,S1C,win,12,ポッドソル,16.0,38.2,1.208,2.883,0.899,13,100,0.0,1,1,2
20260816,202604020806,S2,win,8,カウスリップ,2.9,1.8,0.649,0.403,0.899,1,100,180.0,1,0,2
20260816,202604020806,S3,win,10,クールベイビー,8.1,7.1,1.386,1.215,0.899,9,100,0.0,1,0,2
20260816,202604020806,S5C,win,10,クールベイビー,8.1,7.1,1.386,1.215,0.899,9,100,0.0,1,1,2
20260816,202604020806,V1,place,8,カウスリップ,,,,,0.899,1,100,110.0,1,0,2
20260816,202604020806,V3,wide,6-8,ベイビーキッス×カウスリップ,,,,,0.899,4/1,100,0.0,1,0,2
20260816,202604020807,S1,win,1,エコロガイア,25.3,40.9,1.181,1.91,0.906,12,100,0.0,1,0,2
20260816,202604020807,S1,win,3,スリーピース,19.9,38.4,1.1,2.123,0.906,7,100,0.0,1,0,2
20260816,202604020807,S1,win,8,アドバンスファラオ,35.4,52.0,1.412,2.074,0.906,15,100,0.0,1,0,2
20260816,202604020807,S1C,win,1,エコロガイア,25.3,40.9,1.181,1.91,0.906,12,100,0.0,1,1,2
20260816,202604020807,S1C,win,8,アドバンスファラオ,35.4,52.0,1.412,2.074,0.906,15,100,0.0,1,1,2
20260816,202604020807,S2,win,9,ヤマニンアルリフラ,4.8,5.2,0.842,0.912,0.906,9,100,0.0,1,0,2
20260816,202604020807,V1,place,9,ヤマニンアルリフラ,,,,,0.906,9,100,0.0,1,0,2
20260816,202604020807,V3,wide,5-9,コンクイスタ×ヤマニンアルリフラ,,,,,0.906,4/9,100,0.0,1,0,2
20260816,202604020808,S1,win,4,カゼノタカトシ,8.1,14.9,1.113,2.048,0.923,5,100,0.0,1,0,2
20260816,202604020808,S1,win,11,ヴォルスター,25.8,46.6,1.106,1.997,0.923,8,100,0.0,1,0,2
20260816,202604020808,S1C,win,4,カゼノタカトシ,8.1,14.9,1.113,2.048,0.923,5,100,0.0,1,1,2
20260816,202604020808,S1C,win,11,ヴォルスター,25.8,46.6,1.106,1.997,0.923,8,100,0.0,1,1,2
20260816,202604020808,S2,win,5,ラストレガシー,3.2,2.3,0.712,0.511,0.923,4,100,0.0,1,0,2
20260816,202604020808,V1,place,5,ラストレガシー,,,,,0.923,4,100,0.0,1,0,2
20260816,202604020808,V3,wide,2-5,カレンワッツアップ×ラストレガシー,,,,,0.923,13/4,100,0.0,1,0,2
20260816,202604020810,S1,win,3,シェリーシュシュ,6.2,36.8,1.218,7.231,0.874,8,100,0.0,1,0,2
20260816,202604020810,S1,win,8,バイアブランカ,49.5,46.5,1.005,0.944,0.874,13,100,0.0,1,0,2
20260816,202604020810,S1C,win,3,シェリーシュシュ,6.2,36.8,1.218,7.231,0.874,8,100,0.0,1,1,2
20260816,202604020810,S1C,win,4,ワイルドミュール,19.1,19.0,0.937,0.932,0.874,1,100,1900.0,1,1,2
20260816,202604020810,S1C,win,9,バーヴァンシー,22.8,8.9,0.887,0.346,0.874,7,100,0.0,1,1,2
20260816,202604020810,S2,win,10,ラショナルポイント,2.3,2.8,0.731,0.89,0.874,2,100,0.0,1,0,2
20260816,202604020810,S3,win,3,シェリーシュシュ,6.2,36.8,1.218,7.231,0.874,8,100,0.0,1,0,2
20260816,202604020810,V1,place,10,ラショナルポイント,,,,,0.874,2,100,150.0,1,0,2
20260816,202604020810,V2,place,10,ラショナルポイント,,,,,0.874,2,100,150.0,1,0,2
20260816,202604020810,V3,wide,3-10,シェリーシュシュ×ラショナルポイント,,,,,0.874,8/2,100,0.0,1,0,2
20260816,202604020811,S1,win,6,フレキシブル,7.3,16.6,1.063,2.417,0.923,8,100,0.0,1,0,2
20260816,202604020811,S1C,win,6,フレキシブル,7.3,16.6,1.063,2.417,0.923,8,100,0.0,1,1,2
20260816,202604020811,S2,win,1,ポッドクロス,3.3,2.7,0.646,0.529,0.923,6,100,0.0,1,0,2
20260816,202604020811,V1,place,1,ポッドクロス,,,,,0.923,6,100,0.0,1,0,2
20260816,202604020811,V3,wide,1-2,ポッドクロス×マイネルアウルム,,,,,0.923,6/4,100,0.0,1,0,2
20260816,202604020811,V4,trifecta,1-4-2,,,,,,,,100,0.0,1,0,1
20260816,202604020811,V4,trifecta,1-2-4,,,,,,,,100,0.0,1,0,1
20260816,202604020811,V4,trifecta,4-1-2,,,,,,,,100,0.0,1,0,1
20260816,202604020811,V4,trifecta,2-1-4,,,,,,,,100,0.0,1,0,1
20260816,202604020811,V4,trifecta,1-4-6,,,,,,,,100,0.0,1,0,1
20260816,202604020811,V4,trifecta,1-2-6,,,,,,,,100,0.0,1,0,1
20260816,202604020811,V4,trifecta,1-6-4,,,,,,,,100,0.0,1,0,1
20260816,202604020811,V4,trifecta,1-6-2,,,,,,,,100,0.0,1,0,1
20260816,202604020811,V4,trifecta,4-1-6,,,,,,,,100,0.0,1,0,1
20260816,202604020811,V4,trifecta,2-1-6,,,,,,,,100,0.0,1,0,1
20260816,202604020812,S1,win,3,マーゴットライズ,5.2,5.5,1.039,1.099,0.887,4,100,0.0,1,0,2
20260816,202604020812,S1,win,6,ギレイ,16.4,10.8,1.062,0.699,0.887,6,100,0.0,1,0,2
20260816,202604020812,S1C,win,3,マーゴットライズ,5.2,5.5,1.039,1.099,0.887,4,100,0.0,1,1,2
20260816,202604020812,S1C,win,6,ギレイ,16.4,10.8,1.062,0.699,0.887,6,100,0.0,1,1,2
20260816,202604020812,S2,win,13,タマモブレイキン,4.8,3.7,0.788,0.607,0.887,1,100,370.0,1,0,2
20260816,202604020812,V1,place,13,タマモブレイキン,,,,,0.887,1,100,170.0,1,0,2
20260816,202604020812,V3,wide,11-13,ロジキセキ×タマモブレイキン,,,,,0.887,2/1,100,310.0,1,0,2
20260816,202607020801,S2,win,8,カツダルマ,4.3,3.1,0.848,0.612,0.79,3,100,0.0,1,0,2
20260816,202607020801,V1,place,8,カツダルマ,,,,,0.79,3,100,140.0,1,0,2
20260816,202607020802,S1,win,4,ジョルティーニ,6.2,4.3,1.09,0.756,0.552,2,100,0.0,1,0,2
20260816,202607020802,S1C,win,4,ジョルティーニ,6.2,4.3,1.09,0.756,0.552,2,100,0.0,1,1,2
20260816,202607020802,S2,win,3,ソルテヴェローチェ,2.0,2.0,0.661,0.661,0.552,12,100,0.0,1,0,2
20260816,202607020802,V1,place,3,ソルテヴェローチェ,,,,,0.552,12,100,0.0,1,0,2
20260816,202607020803,S2,win,8,ホウオウワールド,2.3,1.5,0.924,0.603,0.547,1,100,150.0,1,0,2
20260816,202607020803,V1,place,8,ホウオウワールド,,,,,0.547,1,100,110.0,1,0,2
20260816,202607020804,S1,win,6,バックドラフト,12.9,15.5,1.03,1.237,0.852,9,100,0.0,1,0,2
20260816,202607020804,S1,win,11,プロスト,14.9,40.8,1.019,2.79,0.852,5,100,0.0,1,0,2
20260816,202607020804,S1C,win,4,ダーコ,6.7,7.4,0.974,1.076,0.852,1,100,740.0,1,1,2
20260816,202607020804,S1C,win,10,ニミッツハイウェイ,26.7,154.7,0.932,5.399,0.852,16,100,0.0,1,1,2
20260816,202607020804,S1C,win,11,プロスト,14.9,40.8,1.019,2.79,0.852,5,100,0.0,1,1,2
20260816,202607020804,S2,win,3,リボンインザスカイ,6.3,14.2,0.825,1.861,0.852,3,100,0.0,1,0,2
20260816,202607020804,V1,place,3,リボンインザスカイ,,,,,0.852,3,100,430.0,1,0,2
20260816,202607020804,V3,wide,2-3,コスモフィレンツェ×リボンインザスカイ,,,,,0.852,10/3,100,0.0,1,0,2
20260816,202607020805,S1,win,4,リフラ,18.6,33.0,1.008,1.789,0.838,13,100,0.0,1,0,2
20260816,202607020805,S1,win,13,ソブリンズオーブ,129.7,331.0,1.597,4.076,0.838,14,100,0.0,1,0,2
20260816,202607020805,S1C,win,1,トリーア,28.1,88.2,0.968,3.039,0.838,15,100,0.0,1,1,2
20260816,202607020805,S1C,win,13,ソブリンズオーブ,129.7,331.0,1.597,4.076,0.838,14,100,0.0,1,1,2
20260816,202607020805,S2,win,14,ジョーカー,4.4,7.0,0.703,1.118,0.838,6,100,0.0,1,0,2
20260816,202607020805,V1,place,14,ジョーカー,,,,,0.838,6,100,0.0,1,0,2
20260816,202607020805,V3,wide,11-14,ペプチドアロン×ジョーカー,,,,,0.838,3/6,100,0.0,1,0,2
20260816,202607020806,S2,win,5,アーリーハーベスト,2.9,2.0,0.75,0.517,0.906,4,100,0.0,1,0,2
20260816,202607020806,V1,place,5,アーリーハーベスト,,,,,0.906,4,100,0.0,1,0,2
20260816,202607020806,V2,place,5,アーリーハーベスト,,,,,0.906,4,100,0.0,1,0,2
20260816,202607020806,V3,wide,1-5,ホウオウタイタン×アーリーハーベスト,,,,,0.906,2/4,100,0.0,1,0,2
20260816,202607020807,S1,win,2,ファントムシーフ,36.2,55.7,1.445,2.223,0.873,16,100,0.0,1,0,2
20260816,202607020807,S1,win,11,チェルビアット,16.9,13.5,1.088,0.869,0.873,7,100,0.0,1,0,2
20260816,202607020807,S1,win,13,ケイズレーヴ,218.9,339.0,2.201,3.408,0.873,12,100,0.0,1,0,2
20260816,202607020807,S1C,win,2,ファントムシーフ,36.2,55.7,1.445,2.223,0.873,16,100,0.0,1,1,2
20260816,202607020807,S1C,win,11,チェルビアット,16.9,13.5,1.088,0.869,0.873,7,100,0.0,1,1,2
20260816,202607020807,S1C,win,13,ケイズレーヴ,218.9,339.0,2.201,3.408,0.873,12,100,0.0,1,1,2
20260816,202607020807,S2,win,12,サトノシャイニング,3.8,2.7,0.727,0.517,0.873,3,100,0.0,1,0,2
20260816,202607020807,V1,place,12,サトノシャイニング,,,,,0.873,3,100,150.0,1,0,2
20260816,202607020807,V3,wide,3-12,ラヴァンダ×サトノシャイニング,,,,,0.873,1/3,100,470.0,1,0,2
20260816,202607020808,S1,win,13,オコタンペ,55.8,148.4,1.314,3.495,0.907,4,100,0.0,1,0,2
20260816,202607020808,S1C,win,1,タマモジャスミン,26.4,27.2,0.975,1.004,0.907,6,100,0.0,1,1,2
20260816,202607020808,S1C,win,9,ケープアグラス,25.4,237.1,0.997,9.307,0.907,14,100,0.0,1,1,2
20260816,202607020808,S1C,win,11,ワンダーカモン,25.7,40.7,0.983,1.556,0.907,15,100,0.0,1,1,2
20260816,202607020808,S1C,win,13,オコタンペ,55.8,148.4,1.314,3.495,0.907,4,100,0.0,1,1,2
20260816,202607020808,S2,win,10,ダノンキラウェア,4.9,4.0,0.857,0.7,0.907,3,100,0.0,1,0,2
20260816,202607020808,V1,place,10,ダノンキラウェア,,,,,0.907,3,100,150.0,1,0,2
20260816,202607020808,V3,wide,10-12,ダノンキラウェア×ラインジーク,,,,,0.907,3/12,100,0.0,1,0,2
20260816,202607020809,S1,win,11,ブルーザー,19.3,15.2,1.008,0.794,0.862,7,100,0.0,1,0,2
20260816,202607020809,S1,win,12,スクランプシャス,22.6,24.1,1.893,2.018,0.862,2,100,0.0,1,0,2
20260816,202607020809,S1,win,18,レーヴドリュヌ,28.9,136.7,1.195,5.654,0.862,14,100,0.0,1,0,2
20260816,202607020809,S1C,win,9,オープンザパンドラ,25.7,34.7,0.995,1.343,0.862,3,100,0.0,1,1,2
20260816,202607020809,S1C,win,11,ブルーザー,19.3,15.2,1.008,0.794,0.862,7,100,0.0,1,1,2
20260816,202607020809,S1C,win,12,スクランプシャス,22.6,24.1,1.893,2.018,0.862,2,100,0.0,1,1,2
20260816,202607020809,S1C,win,18,レーヴドリュヌ,28.9,136.7,1.195,5.654,0.862,14,100,0.0,1,1,2
20260816,202607020809,S2,win,3,ロイドウェバー,2.6,2.6,0.651,0.651,0.862,1,100,260.0,1,0,2
20260816,202607020809,V1,place,3,ロイドウェバー,,,,,0.862,1,100,160.0,1,0,2
20260816,202607020809,V2,place,3,ロイドウェバー,,,,,0.862,1,100,160.0,1,0,2
20260816,202607020809,V3,wide,3-6,ロイドウェバー×ナムラヴンダー,,,,,0.862,1/4,100,0.0,1,0,2
20260816,202607020810,S1,win,2,マリーヌ,15.1,24.5,1.422,2.308,0.901,16,100,0.0,1,0,2
20260816,202607020810,S1,win,16,コズミックフレア,19.4,20.1,1.418,1.469,0.901,4,100,0.0,1,0,2
20260816,202607020810,S1C,win,2,マリーヌ,15.1,24.5,1.422,2.308,0.901,16,100,0.0,1,1,2
20260816,202607020810,S1C,win,16,コズミックフレア,19.4,20.1,1.418,1.469,0.901,4,100,0.0,1,1,2
20260816,202607020810,S2,win,4,ベルソテイラ,3.0,2.2,0.711,0.522,0.901,13,100,0.0,1,0,2
20260816,202607020810,V1,place,4,ベルソテイラ,,,,,0.901,13,100,0.0,1,0,2
20260816,202607020810,V3,wide,4-11,ベルソテイラ×エイコーンドリーム,,,,,0.901,13/2,100,0.0,1,0,2
20260816,202607020811,S1,win,15,キングケープ,24.8,39.6,1.102,1.76,0.892,1,100,3960.0,1,0,2
20260816,202607020811,S1,win,16,ブーディガ,48.8,188.6,1.595,6.164,0.892,16,100,0.0,1,0,2
20260816,202607020811,S1C,win,15,キングケープ,24.8,39.6,1.102,1.76,0.892,1,100,3960.0,1,1,2
20260816,202607020811,S1C,win,16,ブーディガ,48.8,188.6,1.595,6.164,0.892,16,100,0.0,1,1,2
20260816,202607020811,S2,win,7,ルージュバロン,3.4,2.1,0.684,0.422,0.892,8,100,0.0,1,0,2
20260816,202607020811,V1,place,7,ルージュバロン,,,,,0.892,8,100,0.0,1,0,2
20260816,202607020811,V3,wide,7-13,ルージュバロン×スウィッチインラヴ,,,,,0.892,8/7,100,0.0,1,0,2
20260816,202607020811,V4,trifecta,13-7-2,,,,,,,,100,0.0,1,0,1
20260816,202607020811,V4,trifecta,7-13-2,,,,,,,,100,0.0,1,0,1
20260816,202607020811,V4,trifecta,13-2-7,,,,,,,,100,0.0,1,0,1
20260816,202607020811,V4,trifecta,7-2-13,,,,,,,,100,0.0,1,0,1
20260816,202607020811,V4,trifecta,2-13-7,,,,,,,,100,0.0,1,0,1
20260816,202607020811,V4,trifecta,2-7-13,,,,,,,,100,0.0,1,0,1
20260816,202607020811,V4,trifecta,13-7-8,,,,,,,,100,0.0,1,0,1
20260816,202607020811,V4,trifecta,7-13-8,,,,,,,,100,0.0,1,0,1
20260816,202607020811,V4,trifecta,13-7-11,,,,,,,,100,0.0,1,0,1
20260816,202607020811,V4,trifecta,7-13-11,,,,,,,,100,0.0,1,0,1
20260816,202607020812,S1,win,2,レイワノキセキ,42.0,84.8,1.081,2.183,0.862,14,100,0.0,1,0,2
20260816,202607020812,S1,win,3,シンゼンコジロウ,37.4,145.9,1.018,3.971,0.862,16,100,0.0,1,0,2
20260816,202607020812,S1,win,14,カラバッシュ,18.4,60.0,1.04,3.392,0.862,7,100,0.0,1,0,2
20260816,202607020812,S1C,win,2,レイワノキセキ,42.0,84.8,1.081,2.183,0.862,14,100,0.0,1,1,2
20260816,202607020812,S1C,win,14,カラバッシュ,18.4,60.0,1.04,3.392,0.862,7,100,0.0,1,1,2
20260816,202607020812,S2,win,13,アイランド,2.8,2.6,0.74,0.687,0.862,1,100,260.0,1,0,2
20260816,202607020812,V1,place,13,アイランド,,,,,0.862,1,100,140.0,1,0,2
20260816,202607020812,V2,place,13,アイランド,,,,,0.862,1,100,140.0,1,0,2
20260816,202607020812,V3,wide,8-13,ガトー×アイランド,,,,,0.862,8/1,100,0.0,1,0,2
20260822,202601020101,S1,win,2,アンバーバレット,7.0,7.5,1.073,1.15,0.741,4,100,0.0,1,0,2
20260822,202601020101,S1C,win,2,アンバーバレット,7.0,7.5,1.073,1.15,0.741,4,100,0.0,1,0,2
20260822,202601020101,S2,win,7,トゥザファイナル,2.3,1.8,0.776,0.608,0.741,1,100,180.0,1,0,2
20260822,202601020101,V1,place,7,トゥザファイナル,,,,,0.741,1,100,110.0,1,0,2
20260822,202601020102,S1,win,3,ロードレスポンス,18.5,39.7,1.44,3.091,0.672,6,100,0.0,1,0,2
20260822,202601020102,S1C,win,1,ランダムナンバー,6.7,7.2,0.998,1.073,0.672,5,100,0.0,1,0,2
20260822,202601020102,S1C,win,3,ロードレスポンス,18.5,39.7,1.44,3.091,0.672,6,100,0.0,1,0,2
20260822,202601020102,S2,win,2,ランフォーザエイジ,1.7,1.5,0.737,0.65,0.672,2,100,0.0,1,0,2
20260822,202601020102,V1,place,2,ランフォーザエイジ,,,,,0.672,2,100,110.0,1,0,2
20260822,202601020103,S1,win,1,コウソクユノ,32.6,36.4,1.1,1.228,0.901,7,100,0.0,1,0,2
20260822,202601020103,S1,win,6,ハイランダー,40.8,44.7,1.206,1.321,0.901,11,100,0.0,1,0,2
20260822,202601020103,S1C,win,1,コウソクユノ,32.6,36.4,1.1,1.228,0.901,7,100,0.0,1,0,2
20260822,202601020103,S1C,win,6,ハイランダー,40.8,44.7,1.206,1.321,0.901,11,100,0.0,1,0,2
20260822,202601020103,S2,win,14,リン,2.5,2.1,0.689,0.578,0.901,1,100,210.0,1,0,2
20260822,202601020103,V1,place,14,リン,,,,,0.901,1,100,110.0,1,0,2
20260822,202601020103,V2,place,14,リン,,,,,0.901,1,100,110.0,1,0,2
20260822,202601020103,V3,wide,8-14,メイショウセンドウ×リン,,,,,0.901,2/1,100,180.0,1,0,2
20260822,202601020104,S1,win,15,コティノス,21.3,43.3,1.04,2.114,0.903,10,100,0.0,1,0,2
20260822,202601020104,S1C,win,13,ケナゲ,16.6,23.5,0.965,1.367,0.903,8,100,0.0,1,0,2
20260822,202601020104,S1C,win,15,コティノス,21.3,43.3,1.04,2.114,0.903,10,100,0.0,1,0,2
20260822,202601020104,S2,win,2,ゴコウコイコイ,3.6,2.4,0.924,0.616,0.903,6,100,0.0,1,0,2
20260822,202601020104,V1,place,2,ゴコウコイコイ,,,,,0.903,6,100,0.0,1,0,2
20260822,202601020104,V2,place,2,ゴコウコイコイ,,,,,0.903,6,100,0.0,1,0,2
20260822,202601020104,V3,wide,1-2,ウィスカーパッド×ゴコウコイコイ,,,,,0.903,9/6,100,0.0,1,0,2
20260822,202601020105,S1,win,1,ノヴァカーラ,17.2,58.7,1.201,4.1,0.571,11,100,0.0,1,0,2
20260822,202601020105,S1C,win,1,ノヴァカーラ,17.2,58.7,1.201,4.1,0.571,11,100,0.0,1,0,2
20260822,202601020105,S2,win,11,ツキミ,5.2,3.1,0.84,0.501,0.571,1,100,310.0,1,0,2
20260822,202601020105,V1,place,11,ツキミ,,,,,0.571,1,100,160.0,1,0,2
20260822,202601020106,S1,win,4,ヴィラジョヴィス,4.0,5.2,1.212,1.576,0.865,13,100,0.0,1,0,2
20260822,202601020106,S1,win,5,フィエールシャンテ,10.1,22.2,1.169,2.57,0.865,1,100,2220.0,1,0,2
20260822,202601020106,S1C,win,4,ヴィラジョヴィス,4.0,5.2,1.212,1.576,0.865,13,100,0.0,1,0,2
20260822,202601020106,S1C,win,5,フィエールシャンテ,10.1,22.2,1.169,2.57,0.865,1,100,2220.0,1,0,2
20260822,202601020106,S1C,win,6,フクチャンブラック,38.1,118.7,0.995,3.1,0.865,5,100,0.0,1,0,2
20260822,202601020106,S1C,win,14,リアライズパリオ,41.7,,0.991,,0.865,除外,0,0.0,1,0,2
20260822,202601020106,S2,win,9,シャンドラファール,2.6,2.3,0.546,0.483,0.865,4,100,0.0,1,0,2
20260822,202601020106,S3,win,4,ヴィラジョヴィス,4.0,5.2,1.212,1.576,0.865,13,100,0.0,1,0,2
20260822,202601020106,S5C,win,5,フィエールシャンテ,10.1,22.2,1.169,2.57,0.865,1,100,2220.0,1,0,2
20260822,202601020106,V1,place,9,シャンドラファール,,,,,0.865,4,100,0.0,1,0,2
20260822,202601020106,V3,wide,4-9,ヴィラジョヴィス×シャンドラファール,,,,,0.865,13/4,100,0.0,1,0,2
20260822,202601020107,S1,win,2,カップッチョ,81.0,230.3,1.119,3.181,0.891,12,100,0.0,1,0,2
20260822,202601020107,S1,win,8,セイウンバジリスク,3.8,8.5,1.015,2.27,0.891,5,100,0.0,1,0,2
20260822,202601020107,S1C,win,2,カップッチョ,81.0,230.3,1.119,3.181,0.891,12,100,0.0,1,0,2
20260822,202601020107,S1C,win,8,セイウンバジリスク,3.8,8.5,1.015,2.27,0.891,5,100,0.0,1,0,2
20260822,202601020107,S2,win,5,ドリームガッサン,4.6,3.3,0.738,0.529,0.891,3,100,0.0,1,0,2
20260822,202601020107,V1,place,5,ドリームガッサン,,,,,0.891,3,100,150.0,1,0,2
20260822,202601020107,V3,wide,5-7,ドリームガッサン×ミサビスケッツ,,,,,0.891,3/1,100,430.0,1,0,2
20260822,202601020108,S1,win,4,サウンドルーチェ,34.5,51.3,1.054,1.568,0.91,5,100,0.0,1,0,2
20260822,202601020108,S1,win,5,ランスノーブル,15.4,21.5,1.343,1.875,0.91,7,100,0.0,1,0,2
20260822,202601020108,S1C,win,1,ルージュビバーチェ,5.4,3.3,0.967,0.591,0.91,1,100,330.0,1,0,2
20260822,202601020108,S1C,win,2,リピース,21.6,25.6,0.935,1.108,0.91,8,100,0.0,1,0,2
20260822,202601020108,S1C,win,4,サウンドルーチェ,34.5,51.3,1.054,1.568,0.91,5,100,0.0,1,0,2
20260822,202601020108,S1C,win,5,ランスノーブル,15.4,21.5,1.343,1.875,0.91,7,100,0.0,1,0,2
20260822,202601020108,S2,win,6,ピラニアキッス,3.6,10.4,0.8,2.312,0.91,6,100,0.0,1,0,2
20260822,202601020108,V1,place,6,ピラニアキッス,,,,,0.91,6,100,0.0,1,0,2
20260822,202601020108,V3,wide,1-6,ルージュビバーチェ×ピラニアキッス,,,,,0.91,1/6,100,0.0,1,0,2
20260822,202601020109,S1,win,11,エンジェルボヌール,130.8,408.2,1.244,3.881,0.722,11,100,0.0,1,0,2
20260822,202601020109,S1C,win,11,エンジェルボヌール,130.8,408.2,1.244,3.881,0.722,11,100,0.0,1,0,2
20260822,202601020109,S2,win,7,フレイコン,1.9,1.9,0.828,0.828,0.722,2,100,0.0,1,0,2
20260822,202601020109,V1,place,7,フレイコン,,,,,0.722,2,100,120.0,1,0,2
20260822,202601020110,S1,win,7,エクストラバック,21.4,28.1,1.271,1.669,0.899,5,100,0.0,1,0,2
20260822,202601020110,S1,win,8,ホウオウヘッセン,19.4,18.9,1.017,0.991,0.899,6,100,0.0,1,0,2
20260822,202601020110,S1,win,13,フードマン,7.7,4.5,1.007,0.588,0.899,7,100,0.0,1,0,2
20260822,202601020110,S1C,win,7,エクストラバック,21.4,28.1,1.271,1.669,0.899,5,100,0.0,1,0,2
20260822,202601020110,S1C,win,8,ホウオウヘッセン,19.4,18.9,1.017,0.991,0.899,6,100,0.0,1,0,2
20260822,202601020110,S2,win,9,アスミル,6.4,4.3,0.639,0.429,0.899,1,100,430.0,1,0,2
20260822,202601020110,V1,place,9,アスミル,,,,,0.899,1,100,200.0,1,0,2
20260822,202601020110,V3,wide,4-9,メイショウミリオレ×アスミル,,,,,0.899,10/1,100,0.0,1,0,2
20260822,202601020111,S1C,win,6,タイキラフター,21.7,49.1,0.953,2.157,0.897,9,100,0.0,1,0,2
20260822,202601020111,S2,win,10,スピードリッチ,5.1,4.6,0.908,0.819,0.897,5,100,0.0,1,0,2
20260822,202601020111,V1,place,10,スピードリッチ,,,,,0.897,5,100,0.0,1,0,2
20260822,202601020111,V3,wide,3-10,フクノブルーレイク×スピードリッチ,,,,,0.897,中止/5,100,0.0,1,0,2
20260822,202601020111,V4,trifecta,10-12-14,,,,,,,,100,0.0,1,0,1
20260822,202601020111,V4,trifecta,10-14-12,,,,,,,,100,0.0,1,0,1
20260822,202601020111,V4,trifecta,12-10-14,,,,,,,,100,0.0,1,0,1
20260822,202601020111,V4,trifecta,10-12-3,,,,,,,,100,0.0,1,0,1
20260822,202601020111,V4,trifecta,14-10-12,,,,,,,,100,0.0,1,0,1
20260822,202601020111,V4,trifecta,10-3-12,,,,,,,,100,0.0,1,0,1
20260822,202601020111,V4,trifecta,10-14-3,,,,,,,,100,0.0,1,0,1
20260822,202601020111,V4,trifecta,10-3-14,,,,,,,,100,0.0,1,0,1
20260822,202601020111,V4,trifecta,12-10-3,,,,,,,,100,0.0,1,0,1
20260822,202601020111,V4,trifecta,12-14-10,,,,,,,,100,0.0,1,0,1
20260822,202601020112,S1,win,2,ココデイック,14.2,11.5,1.017,0.823,0.909,7,100,0.0,1,0,2
20260822,202601020112,S1C,win,6,ブリオメンテ,23.6,26.6,0.918,1.035,0.909,2,100,0.0,1,0,2
20260822,202601020112,S1C,win,10,グルーヴィーオン,98.4,154.1,0.972,1.523,0.909,9,100,0.0,1,0,2
20260822,202601020112,S2,win,4,サマーナイト,2.3,3.5,0.889,1.353,0.909,3,100,0.0,1,0,2
20260822,202601020112,V1,place,4,サマーナイト,,,,,0.909,3,100,160.0,1,0,2
20260822,202601020112,V2,place,4,サマーナイト,,,,,0.909,3,100,160.0,1,0,2
20260822,202601020112,V3,wide,4-11,サマーナイト×ロングミックス,,,,,0.909,3/1,100,300.0,1,0,2
20260822,202604030101,S1,win,1,スクリプトール,6.2,6.5,1.011,1.06,0.754,4,100,0.0,1,0,2
20260822,202604030101,S1,win,3,ブルーグラビティ,17.1,25.4,1.08,1.604,0.754,5,100,0.0,1,0,2
20260822,202604030101,S1C,win,1,スクリプトール,6.2,6.5,1.011,1.06,0.754,4,100,0.0,1,0,2
20260822,202604030101,S1C,win,3,ブルーグラビティ,17.1,25.4,1.08,1.604,0.754,5,100,0.0,1,0,2
20260822,202604030101,S2,win,5,コスモイェーガー,1.4,1.4,0.746,0.746,0.754,1,100,140.0,1,0,2
20260822,202604030101,V1,place,5,コスモイェーガー,,,,,0.754,1,100,110.0,1,0,2
20260822,202604030102,S2,win,10,ユイノリュウギ,3.6,2.6,0.868,0.627,0.805,1,100,260.0,1,0,2
20260822,202604030102,V1,place,10,ユイノリュウギ,,,,,0.805,1,100,140.0,1,0,2
20260822,202604030102,V3,wide,5-10,オーケーエース×ユイノリュウギ,,,,,0.805,6/1,100,0.0,1,0,2
20260822,202604030103,S2,win,11,ジップスパーク,1.9,1.7,0.882,0.789,0.576,1,100,170.0,1,0,2
20260822,202604030103,V1,place,11,ジップスパーク,,,,,0.576,1,100,120.0,1,0,2
20260822,202604030104,S1,win,5,レディホークダイヤ,29.6,134.7,1.644,7.48,0.864,6,100,0.0,1,0,2
20260822,202604030104,S1,win,15,バーヴァンシー,22.6,53.7,1.469,3.491,0.864,12,100,0.0,1,0,2
20260822,202604030104,S1C,win,5,レディホークダイヤ,29.6,134.7,1.644,7.48,0.864,6,100,0.0,1,0,2
20260822,202604030104,S1C,win,15,バーヴァンシー,22.6,53.7,1.469,3.491,0.864,12,100,0.0,1,0,2
20260822,202604030104,S2,win,7,ラショナルポイント,2.7,1.9,0.793,0.558,0.864,3,100,0.0,1,0,2
20260822,202604030104,V1,place,7,ラショナルポイント,,,,,0.864,3,100,120.0,1,0,2
20260822,202604030104,V2,place,7,ラショナルポイント,,,,,0.864,3,100,120.0,1,0,2
20260822,202604030104,V3,wide,3-7,プロミスライン×ラショナルポイント,,,,,0.864,4/3,100,0.0,1,0,2
20260822,202604030105,S1,win,4,トレフォイルノット,34.8,196.3,1.208,6.816,0.91,9,100,0.0,1,0,2
20260822,202604030105,S1,win,11,ヘクトルテソーロ,17.4,15.4,1.066,0.943,0.91,3,100,0.0,1,0,2
20260822,202604030105,S1,win,17,アエログラム,33.7,206.1,2.364,14.46,0.91,14,100,0.0,1,0,2
20260822,202604030105,S1C,win,4,トレフォイルノット,34.8,196.3,1.208,6.816,0.91,9,100,0.0,1,0,2
20260822,202604030105,S1C,win,11,ヘクトルテソーロ,17.4,15.4,1.066,0.943,0.91,3,100,0.0,1,0,2
20260822,202604030105,S1C,win,17,アエログラム,33.7,206.1,2.364,14.46,0.91,14,100,0.0,1,0,2
20260822,202604030105,S2,win,9,ワインダークシー,5.1,6.0,0.836,0.984,0.91,2,100,0.0,1,0,2
20260822,202604030105,V1,place,9,ワインダークシー,,,,,0.91,2,100,260.0,1,0,2
20260822,202604030105,V3,wide,9-16,ワインダークシー×ブルームコード,,,,,0.91,2/4,100,0.0,1,0,2
20260822,202604030106,S1,win,7,コスモサガルマータ,10.7,18.7,1.046,1.828,0.918,16,100,0.0,1,0,2
20260822,202604030106,S1,win,14,グラニット,57.2,170.7,1.076,3.212,0.918,15,100,0.0,1,0,2
20260822,202604030106,S1,win,15,ホウオウムサシ,55.3,171.0,1.732,5.355,0.918,8,100,0.0,1,0,2
20260822,202604030106,S1,win,16,マルチャン,35.2,85.8,2.117,5.159,0.918,7,100,0.0,1,0,2
20260822,202604030106,S1C,win,7,コスモサガルマータ,10.7,18.7,1.046,1.828,0.918,16,100,0.0,1,0,2
20260822,202604030106,S1C,win,15,ホウオウムサシ,55.3,171.0,1.732,5.355,0.918,8,100,0.0,1,0,2
20260822,202604030106,S1C,win,16,マルチャン,35.2,85.8,2.117,5.159,0.918,7,100,0.0,1,0,2
20260822,202604030106,S2,win,2,コートアリシアン,4.2,5.1,0.548,0.666,0.918,5,100,0.0,1,0,2
20260822,202604030106,V1,place,2,コートアリシアン,,,,,0.918,5,100,0.0,1,0,2
20260822,202604030106,V3,wide,1-2,ミッキーソルジャー×コートアリシアン,,,,,0.918,2/5,100,0.0,1,0,2
20260822,202604030107,S1,win,2,グレイイングリーン,54.5,82.9,1.013,1.54,0.916,4,100,0.0,1,0,2
20260822,202604030107,S1,win,7,カルチャーデイ,18.1,20.2,1.016,1.134,0.916,8,100,0.0,1,0,2
20260822,202604030107,S1,win,17,マサノカナリア,15.3,28.1,1.502,2.758,0.916,7,100,0.0,1,0,2
20260822,202604030107,S1C,win,7,カルチャーデイ,18.1,20.2,1.016,1.134,0.916,8,100,0.0,1,0,2
20260822,202604030107,S1C,win,17,マサノカナリア,15.3,28.1,1.502,2.758,0.916,7,100,0.0,1,0,2
20260822,202604030107,S2,win,6,セフィロ,4.8,3.3,0.709,0.487,0.916,17,100,0.0,1,0,2
20260822,202604030107,V1,place,6,セフィロ,,,,,0.916,17,100,0.0,1,0,2
20260822,202604030107,V3,wide,6-18,セフィロ×タガノアラリア,,,,,0.916,17/5,100,0.0,1,0,2
20260822,202604030108,S2,win,10,プルメリアリノ,1.7,1.4,0.797,0.656,0.917,1,100,140.0,1,0,2
20260822,202604030108,V1,place,10,プルメリアリノ,,,,,0.917,1,100,110.0,1,0,2
20260822,202604030108,V2,place,10,プルメリアリノ,,,,,0.917,1,100,110.0,1,0,2
20260822,202604030108,V3,wide,10-15,プルメリアリノ×ランスオブセヘル,,,,,0.917,1/2,100,320.0,1,0,2
20260822,202604030109,S1,win,2,ヴァイオパイシーズ,21.2,30.8,1.092,1.587,0.901,6,100,0.0,1,0,2
20260822,202604030109,S1C,win,2,ヴァイオパイシーズ,21.2,30.8,1.092,1.587,0.901,6,100,0.0,1,0,2
20260822,202604030109,S2,win,12,タマモチョコチップ,10.4,5.1,0.644,0.316,0.901,1,100,510.0,1,0,2
20260822,202604030109,V1,place,12,タマモチョコチップ,,,,,0.901,1,100,170.0,1,0,2
20260822,202604030109,V3,wide,12-13,タマモチョコチップ×オウケンハニー,,,,,0.901,1/除外,0,0.0,1,0,2
20260822,202604030110,S1,win,6,シトラール,18.4,40.4,1.01,2.217,0.913,3,100,0.0,1,0,2
20260822,202604030110,S1C,win,7,サザンティスプーン,19.7,29.9,0.935,1.42,0.913,6,100,0.0,1,0,2
20260822,202604030110,S2,win,15,ツインピークス,6.0,11.6,0.724,1.399,0.913,8,100,0.0,1,0,2
20260822,202604030110,V1,place,15,ツインピークス,,,,,0.913,8,100,0.0,1,0,2
20260822,202604030110,V3,wide,14-15,タイセイアストロ×ツインピークス,,,,,0.913,2/8,100,0.0,1,0,2
20260822,202604030111,S1,win,11,ラウターユーベル,17.3,36.8,1.404,2.987,0.865,6,100,0.0,1,0,2
20260822,202604030111,S1C,win,8,ハルノアメ,8.1,6.8,0.988,0.83,0.865,4,100,0.0,1,0,2
20260822,202604030111,S1C,win,11,ラウターユーベル,17.3,36.8,1.404,2.987,0.865,6,100,0.0,1,0,2
20260822,202604030111,S2,win,3,クリスタルドレス,2.7,2.0,0.72,0.534,0.865,3,100,0.0,1,0,2
20260822,202604030111,V1,place,3,クリスタルドレス,,,,,0.865,3,100,110.0,1,0,2
20260822,202604030111,V2,place,3,クリスタルドレス,,,,,0.865,3,100,110.0,1,0,2
20260822,202604030111,V3,wide,3-8,クリスタルドレス×ハルノアメ,,,,,0.865,3/4,100,0.0,1,0,2
20260822,202604030111,V4,trifecta,3-5-8,,,,,,,,100,0.0,1,0,1
20260822,202604030111,V4,trifecta,3-8-5,,,,,,,,100,0.0,1,0,1
20260822,202604030111,V4,trifecta,5-3-8,,,,,,,,100,0.0,1,0,1
20260822,202604030111,V4,trifecta,8-3-5,,,,,,,,100,0.0,1,0,1
20260822,202604030111,V4,trifecta,5-8-3,,,,,,,,100,0.0,1,0,1
20260822,202604030111,V4,trifecta,8-5-3,,,,,,,,100,0.0,1,0,1
20260822,202604030111,V4,trifecta,3-5-11,,,,,,,,100,0.0,1,0,1
20260822,202604030111,V4,trifecta,3-5-7,,,,,,,,100,0.0,1,0,1
20260822,202604030111,V4,trifecta,3-11-5,,,,,,,,100,0.0,1,0,1
20260822,202604030111,V4,trifecta,5-3-11,,,,,,,,100,0.0,1,0,1
20260822,202604030112,S1,win,4,オレンジリバー,16.0,15.5,1.304,1.264,0.88,13,100,0.0,1,0,2
20260822,202604030112,S1,win,7,ミセスヴェルデ,45.0,62.7,1.321,1.841,0.88,15,100,0.0,1,0,2
20260822,202604030112,S1C,win,4,オレンジリバー,16.0,15.5,1.304,1.264,0.88,13,100,0.0,1,0,2
20260822,202604030112,S1C,win,7,ミセスヴェルデ,45.0,62.7,1.321,1.841,0.88,15,100,0.0,1,0,2
20260822,202604030112,S1C,win,9,ジュンヴィヴァン,23.9,38.9,0.958,1.56,0.88,7,100,0.0,1,0,2
20260822,202604030112,S1C,win,13,ニットウライズ,28.6,40.9,0.968,1.384,0.88,12,100,0.0,1,0,2
20260822,202604030112,S2,win,10,ミスタートントン,2.1,1.7,0.712,0.577,0.88,1,100,170.0,1,0,2
20260822,202604030112,V1,place,10,ミスタートントン,,,,,0.88,1,100,110.0,1,0,2
20260822,202604030112,V2,place,10,ミスタートントン,,,,,0.88,1,100,110.0,1,0,2
20260822,202604030112,V3,wide,2-10,セイウンヤオヨロズ×ミスタートントン,,,,,0.88,5/1,100,0.0,1,0,2
20260822,202607030101,S1,win,2,クールタロウ,4.6,4.5,1.009,0.987,0.663,1,100,450.0,1,0,2
20260822,202607030101,S2,win,6,マーゴットマシェリ,2.0,1.8,0.74,0.666,0.663,2,100,0.0,1,0,2
20260822,202607030101,V1,place,6,マーゴットマシェリ,,,,,0.663,2,100,110.0,1,0,2
20260822,202607030102,S1C,win,4,アルギエバ,23.0,53.4,0.998,2.317,0.545,5,100,0.0,1,0,2
20260822,202607030102,S2,win,2,アレストラウム,2.0,1.4,0.802,0.561,0.545,3,100,0.0,1,0,2
20260822,202607030102,V1,place,2,アレストラウム,,,,,0.545,3,100,110.0,1,0,2
20260822,202607030103,S2,win,7,スノースケープ,1.3,1.2,0.811,0.749,0.901,6,100,0.0,1,0,2
20260822,202607030103,V1,place,7,スノースケープ,,,,,0.901,6,100,0.0,1,0,2
20260822,202607030103,V2,place,7,スノースケープ,,,,,0.901,6,100,0.0,1,0,2
20260822,202607030103,V3,wide,2-7,ロザーンジュ×スノースケープ,,,,,0.901,2/6,100,0.0,1,0,2
20260822,202607030104,S1,win,8,スピーチバルーン,32.4,115.0,1.141,4.051,0.862,13,100,0.0,1,0,2
20260822,202607030104,S1,win,14,ゴッドアミーラ,30.9,91.2,1.021,3.014,0.862,16,100,0.0,1,0,2
20260822,202607030104,S1,win,17,ウェイヴムーン,5.5,3.0,1.002,0.546,0.862,9,100,0.0,1,0,2
20260822,202607030104,S1C,win,8,スピーチバルーン,32.4,115.0,1.141,4.051,0.862,13,100,0.0,1,0,2
20260822,202607030104,S1C,win,14,ゴッドアミーラ,30.9,91.2,1.021,3.014,0.862,16,100,0.0,1,0,2
20260822,202607030104,S1C,win,17,ウェイヴムーン,5.5,3.0,1.002,0.546,0.862,9,100,0.0,1,0,2
20260822,202607030104,S2,win,1,ゴリョウセイ,4.7,3.9,0.707,0.586,0.862,6,100,0.0,1,0,2
20260822,202607030104,V1,place,1,ゴリョウセイ,,,,,0.862,6,100,0.0,1,0,2
20260822,202607030104,V3,wide,1-17,ゴリョウセイ×ウェイヴムーン,,,,,0.862,6/9,100,0.0,1,0,2
20260822,202607030105,S1,win,3,ミーンアロット,140.3,290.4,1.372,2.84,0.847,6,100,0.0,1,0,2
20260822,202607030105,S1,win,15,ジュエルサンライズ,7.8,9.4,1.169,1.408,0.847,9,100,0.0,1,0,2
20260822,202607030105,S1C,win,3,ミーンアロット,140.3,290.4,1.372,2.84,0.847,6,100,0.0,1,0,2
20260822,202607030105,S1C,win,11,ベストレイク,17.1,23.5,0.97,1.332,0.847,7,100,0.0,1,0,2
20260822,202607030105,S1C,win,15,ジュエルサンライズ,7.8,9.4,1.169,1.408,0.847,9,100,0.0,1,0,2
20260822,202607030105,S2,win,10,タガノプディング,2.4,2.2,0.729,0.668,0.847,1,100,220.00000000000003,1,0,2
20260822,202607030105,V1,place,10,タガノプディング,,,,,0.847,1,100,110.0,1,0,2
20260822,202607030105,V2,place,10,タガノプディング,,,,,0.847,1,100,110.0,1,0,2
20260822,202607030105,V3,wide,10-14,タガノプディング×マカロンブルー,,,,,0.847,1/3,100,260.0,1,0,2
20260822,202607030106,S1,win,5,スマートスピア,6.9,6.5,1.182,1.114,0.911,5,100,0.0,1,0,2
20260822,202607030106,S1,win,10,タガノアニマシオン,45.4,121.9,1.037,2.786,0.911,7,100,0.0,1,0,2
20260822,202607030106,S1C,win,5,スマートスピア,6.9,6.5,1.182,1.114,0.911,5,100,0.0,1,0,2
20260822,202607030106,S2,win,12,ソウルアンドジャズ,4.1,4.3,0.708,0.743,0.911,2,100,0.0,1,0,2
20260822,202607030106,S5C,win,5,スマートスピア,6.9,6.5,1.182,1.114,0.911,5,100,0.0,1,0,2
20260822,202607030106,V1,place,12,ソウルアンドジャズ,,,,,0.911,2,100,180.0,1,0,2
20260822,202607030106,V3,wide,4-12,ソルチェリア×ソウルアンドジャズ,,,,,0.911,8/2,100,0.0,1,0,2
20260822,202607030107,S1,win,9,ルグランヴァン,6.9,4.4,1.287,0.821,0.907,7,100,0.0,1,0,2
20260822,202607030107,S1,win,10,テリフィックプラン,17.7,23.9,1.024,1.382,0.907,6,100,0.0,1,0,2
20260822,202607030107,S1,win,14,ナッカーフェイス,52.7,117.1,1.266,2.813,0.907,8,100,0.0,1,0,2
20260822,202607030107,S1,win,15,ギーロカスタル,128.1,236.8,1.028,1.901,0.907,11,100,0.0,1,0,2
20260822,202607030107,S1C,win,5,ジャーヴィス,16.8,36.6,0.995,2.168,0.907,12,100,0.0,1,0,2
20260822,202607030107,S1C,win,9,ルグランヴァン,6.9,4.4,1.287,0.821,0.907,7,100,0.0,1,0,2
20260822,202607030107,S1C,win,10,テリフィックプラン,17.7,23.9,1.024,1.382,0.907,6,100,0.0,1,0,2
20260822,202607030107,S1C,win,14,ナッカーフェイス,52.7,117.1,1.266,2.813,0.907,8,100,0.0,1,0,2
20260822,202607030107,S1C,win,15,ギーロカスタル,128.1,236.8,1.028,1.901,0.907,11,100,0.0,1,0,2
20260822,202607030107,S2,win,3,ピエマンソン,2.9,2.6,0.73,0.654,0.907,1,100,260.0,1,0,2
20260822,202607030107,S3,win,9,ルグランヴァン,6.9,4.4,1.287,0.821,0.907,7,100,0.0,1,0,2
20260822,202607030107,S5C,win,9,ルグランヴァン,6.9,4.4,1.287,0.821,0.907,7,100,0.0,1,0,2
20260822,202607030107,V1,place,3,ピエマンソン,,,,,0.907,1,100,150.0,1,0,2
20260822,202607030107,V2,place,3,ピエマンソン,,,,,0.907,1,100,150.0,1,0,2
20260822,202607030107,V3,wide,3-9,ピエマンソン×ルグランヴァン,,,,,0.907,1/7,100,0.0,1,0,2
20260822,202607030108,S1,win,4,サイモンゼスト,3.8,2.5,1.039,0.683,0.897,1,100,250.0,1,0,2
20260822,202607030108,S1,win,10,ガイラルディア,13.7,51.7,1.347,5.084,0.897,7,100,0.0,1,0,2
20260822,202607030108,S1C,win,4,サイモンゼスト,3.8,2.5,1.039,0.683,0.897,1,100,250.0,1,0,2
20260822,202607030108,S1C,win,10,ガイラルディア,13.7,51.7,1.347,5.084,0.897,7,100,0.0,1,0,2
20260822,202607030108,S2,win,8,ホールオブミラーズ,2.2,2.7,0.757,0.93,0.897,2,100,0.0,1,0,2
20260822,202607030108,V1,place,8,ホールオブミラーズ,,,,,0.897,2,100,120.0,1,0,2
20260822,202607030108,V2,place,8,ホールオブミラーズ,,,,,0.897,2,100,120.0,1,0,2
20260822,202607030108,V3,wide,4-8,サイモンゼスト×ホールオブミラーズ,,,,,0.897,1/2,100,190.0,1,0,2
20260822,202607030110,S1,win,7,メイショウクモイ,7.0,5.0,1.448,1.034,0.905,11,100,0.0,1,0,2
20260822,202607030110,S1,win,11,ケイアイワイラーパ,33.5,72.0,1.04,2.235,0.905,10,100,0.0,1,0,2
20260822,202607030110,S1C,win,7,メイショウクモイ,7.0,5.0,1.448,1.034,0.905,11,100,0.0,1,0,2
20260822,202607030110,S1C,win,11,ケイアイワイラーパ,33.5,72.0,1.04,2.235,0.905,10,100,0.0,1,0,2
20260822,202607030110,S2,win,9,ルファーダ,3.4,6.6,0.71,1.378,0.905,4,100,0.0,1,0,2
20260822,202607030110,S3,win,7,メイショウクモイ,7.0,5.0,1.448,1.034,0.905,11,100,0.0,1,0,2
20260822,202607030110,S5C,win,7,メイショウクモイ,7.0,5.0,1.448,1.034,0.905,11,100,0.0,1,0,2
20260822,202607030110,V1,place,9,ルファーダ,,,,,0.905,4,100,0.0,1,0,2
20260822,202607030110,V3,wide,1-9,ゴンタ×ルファーダ,,,,,0.905,5/4,100,0.0,1,0,2
20260822,202607030111,S1C,win,8,サルタラリンダ,18.8,,0.906,,0.843,除外,0,0.0,1,0,2
20260822,202607030111,S2,win,12,ハムタン,3.4,2.5,0.72,0.53,0.843,1,100,250.0,1,0,2
20260822,202607030111,V1,place,12,ハムタン,,,,,0.843,1,100,150.0,1,0,2
20260822,202607030111,V3,wide,12-15,ハムタン×ホワイトフレイムス,,,,,0.843,1/4,100,0.0,1,0,2
20260822,202607030111,V4,trifecta,12-1-3,,,,,,,,100,0.0,1,0,1
20260822,202607030111,V4,trifecta,12-3-1,,,,,,,,100,0.0,1,0,1
20260822,202607030111,V4,trifecta,1-12-3,,,,,,,,100,0.0,1,0,1
20260822,202607030111,V4,trifecta,12-1-13,,,,,,,,100,0.0,1,0,1
20260822,202607030111,V4,trifecta,3-12-1,,,,,,,,100,0.0,1,0,1
20260822,202607030111,V4,trifecta,12-13-1,,,,,,,,100,0.0,1,0,1
20260822,202607030111,V4,trifecta,1-12-13,,,,,,,,100,0.0,1,0,1
20260822,202607030111,V4,trifecta,12-1-15,,,,,,,,100,0.0,1,0,1
20260822,202607030111,V4,trifecta,1-3-12,,,,,,,,100,0.0,1,0,1
20260822,202607030111,V4,trifecta,3-1-12,,,,,,,,100,0.0,1,0,1
20260822,202607030112,S1,win,3,オラロア,27.1,,1.031,,0.881,除外,0,0.0,1,0,2
20260822,202607030112,S1,win,13,レジーナテンペスタ,9.4,17.2,1.447,2.648,0.881,8,100,0.0,1,0,2
20260822,202607030112,S1,win,17,フェブリノ,19.8,17.1,1.316,1.137,0.881,16,100,0.0,1,0,2
20260822,202607030112,S1C,win,3,オラロア,27.1,,1.031,,0.881,除外,0,0.0,1,0,2
20260822,202607030112,S1C,win,13,レジーナテンペスタ,9.4,17.2,1.447,2.648,0.881,8,100,0.0,1,0,2
20260822,202607030112,S1C,win,17,フェブリノ,19.8,17.1,1.316,1.137,0.881,16,100,0.0,1,0,2
20260822,202607030112,S2,win,10,ダノンステート,5.3,4.1,0.634,0.491,0.881,7,100,0.0,1,0,2
20260822,202607030112,S3,win,13,レジーナテンペスタ,9.4,17.2,1.447,2.648,0.881,8,100,0.0,1,0,2
20260822,202607030112,S5C,win,13,レジーナテンペスタ,9.4,17.2,1.447,2.648,0.881,8,100,0.0,1,0,2
20260822,202607030112,V1,place,10,ダノンステート,,,,,0.881,7,100,0.0,1,0,2
20260822,202607030112,V3,wide,10-12,ダノンステート×チュウワメロディー,,,,,0.881,7/1,100,0.0,1,0,2
20260823,202601020201,S1,win,1,アーミル,41.0,131.7,1.105,3.549,0.897,10,100,0.0,1,0,2
20260823,202601020201,S1,win,10,ベルグランボヌール,8.0,13.2,1.111,1.833,0.897,11,100,0.0,1,0,2
20260823,202601020201,S1C,win,1,アーミル,41.0,131.7,1.105,3.549,0.897,10,100,0.0,1,0,2
20260823,202601020201,S1C,win,10,ベルグランボヌール,8.0,13.2,1.111,1.833,0.897,11,100,0.0,1,0,2
20260823,202601020201,S2,win,3,アイビーミャーオ,1.8,1.4,0.721,0.56,0.897,2,100,0.0,1,0,2
20260823,202601020201,V1,place,3,アイビーミャーオ,,,,,0.897,2,100,110.0,1,0,2
20260823,202601020201,V2,place,3,アイビーミャーオ,,,,,0.897,2,100,110.0,1,0,2
20260823,202601020201,V3,wide,3-12,アイビーミャーオ×メイショウマドンナ,,,,,0.897,2/3,100,210.0,1,0,2
20260823,202601020202,S1,win,3,リーゼントエース,24.9,73.1,1.066,3.129,0.81,9,100,0.0,1,0,2
20260823,202601020202,S1C,win,3,リーゼントエース,24.9,73.1,1.066,3.129,0.81,9,100,0.0,1,0,2
20260823,202601020202,S2,win,1,デザートスピリット,3.7,3.3,0.895,0.799,0.81,1,100,330.0,1,0,2
20260823,202601020202,V1,place,1,デザートスピリット,,,,,0.81,1,100,160.0,1,0,2
20260823,202601020202,V3,wide,1-5,デザートスピリット×ティアラード,,,,,0.81,1/4,100,0.0,1,0,2
20260823,202601020203,S1,win,12,ヒマラヤミュサ,144.5,383.5,1.039,2.756,0.892,10,100,0.0,1,0,2
20260823,202601020203,S1C,win,1,ブルーエ,27.1,34.5,0.949,1.208,0.892,8,100,0.0,1,0,2
20260823,202601020203,S1C,win,3,ブルーアンビエンス,42.6,83.0,0.996,1.941,0.892,5,100,0.0,1,0,2
20260823,202601020203,S1C,win,12,ヒマラヤミュサ,144.5,383.5,1.039,2.756,0.892,10,100,0.0,1,0,2
20260823,202601020203,S2,win,13,ファイアリービート,6.0,4.0,0.863,0.576,0.892,1,100,400.0,1,0,2
20260823,202601020203,V1,place,13,ファイアリービート,,,,,0.892,1,100,170.0,1,0,2
20260823,202601020203,V3,wide,11-13,アオイミズホ×ファイアリービート,,,,,0.892,3/1,100,400.0,1,0,2
20260823,202601020204,S1,win,3,ロジスカヤ,17.5,19.0,1.056,1.146,0.881,5,100,0.0,1,0,2
20260823,202601020204,S1,win,10,リネアベルタ,14.7,16.2,1.021,1.125,0.881,7,100,0.0,1,0,2
20260823,202601020204,S1C,win,3,ロジスカヤ,17.5,19.0,1.056,1.146,0.881,5,100,0.0,1,0,2
20260823,202601020204,S1C,win,10,リネアベルタ,14.7,16.2,1.021,1.125,0.881,7,100,0.0,1,0,2
20260823,202601020204,S2,win,8,リアララ,2.6,2.1,0.77,0.622,0.881,2,100,0.0,1,0,2
20260823,202601020204,V1,place,8,リアララ,,,,,0.881,2,100,120.0,1,0,2
20260823,202601020204,V2,place,8,リアララ,,,,,0.881,2,100,120.0,1,0,2
20260823,202601020204,V3,wide,8-12,リアララ×レッドアイスピア,,,,,0.881,2/1,100,340.0,1,0,2
20260823,202601020205,S2,win,6,マテンロウバモス,2.5,2.1,0.866,0.727,0.586,6,100,0.0,1,0,2
20260823,202601020205,V1,place,6,マテンロウバモス,,,,,0.586,6,100,0.0,1,0,2
20260823,202601020206,S1C,win,1,ゴーゴーリチャード,17.2,40.6,0.98,2.313,0.904,14,100,0.0,1,0,2
20260823,202601020206,S1C,win,3,クイーンズワーフ,22.8,38.1,0.947,1.583,0.904,10,100,0.0,1,0,2
20260823,202601020206,S2,win,2,ルールザウェイヴ,2.9,2.9,0.925,0.925,0.904,2,100,0.0,1,0,2
20260823,202601020206,V1,place,2,ルールザウェイヴ,,,,,0.904,2,100,160.0,1,0,2
20260823,202601020206,V2,place,2,ルールザウェイヴ,,,,,0.904,2,100,160.0,1,0,2
20260823,202601020206,V3,wide,2-4,ルールザウェイヴ×モノポリオ,,,,,0.904,2/8,100,0.0,1,0,2
20260823,202601020207,S1,win,3,タイキフィアリーベ,18.6,20.4,1.277,1.401,0.89,7,100,0.0,1,0,2
20260823,202601020207,S1,win,6,トライゴーニック,7.1,15.8,1.144,2.546,0.89,3,100,0.0,1,0,2
20260823,202601020207,S1C,win,3,タイキフィアリーベ,18.6,20.4,1.277,1.401,0.89,7,100,0.0,1,0,2
20260823,202601020207,S1C,win,6,トライゴーニック,7.1,15.8,1.144,2.546,0.89,3,100,0.0,1,0,2
20260823,202601020207,S1C,win,9,ステイアンビシャス,7.4,5.9,0.989,0.788,0.89,6,100,0.0,1,0,2
20260823,202601020207,S2,win,7,アスクガンバーレ,3.3,5.7,0.694,1.199,0.89,5,100,0.0,1,0,2
20260823,202601020207,S5C,win,6,トライゴーニック,7.1,15.8,1.144,2.546,0.89,3,100,0.0,1,0,2
20260823,202601020207,V1,place,7,アスクガンバーレ,,,,,0.89,5,100,0.0,1,0,2
20260823,202601020207,V3,wide,7-10,アスクガンバーレ×ダイシンレアレア,,,,,0.89,5/2,100,0.0,1,0,2
20260823,202601020208,S1,win,5,ララオウ,7.4,14.2,1.172,2.25,0.909,10,100,0.0,1,0,2
20260823,202601020208,S1,win,10,ゴールドジェスター,73.2,137.3,1.452,2.724,0.909,4,100,0.0,1,0,2
20260823,202601020208,S1C,win,5,ララオウ,7.4,14.2,1.172,2.25,0.909,10,100,0.0,1,0,2
20260823,202601020208,S1C,win,10,ゴールドジェスター,73.2,137.3,1.452,2.724,0.909,4,100,0.0,1,0,2
20260823,202601020208,S2,win,8,ダノンプレサージュ,3.7,2.4,0.777,0.504,0.909,1,100,240.0,1,0,2
20260823,202601020208,S5C,win,5,ララオウ,7.4,14.2,1.172,2.25,0.909,10,100,0.0,1,0,2
20260823,202601020208,V1,place,8,ダノンプレサージュ,,,,,0.909,1,100,130.0,1,0,2
20260823,202601020208,V3,wide,2-8,サクラアドリア×ダノンプレサージュ,,,,,0.909,9/1,100,0.0,1,0,2
20260823,202601020209,S1,win,10,ユメシルベ,54.4,78.1,1.237,1.775,0.912,11,100,0.0,1,0,2
20260823,202601020209,S1C,win,10,ユメシルベ,54.4,78.1,1.237,1.775,0.912,11,100,0.0,1,0,2
20260823,202601020209,S2,win,11,メイショウテンク,3.9,4.2,0.924,0.995,0.912,4,100,0.0,1,0,2
20260823,202601020209,V1,place,11,メイショウテンク,,,,,0.912,4,100,0.0,1,0,2
20260823,202601020209,V3,wide,1-11,アドミラルシップ×メイショウテンク,,,,,0.912,9/4,100,0.0,1,0,2
20260823,202601020210,S1,win,12,ヒルノピレネー,16.8,10.2,1.394,0.847,0.894,7,100,0.0,1,0,2
20260823,202601020210,S1,win,13,マーシヴィガラス,40.4,86.5,1.848,3.956,0.894,1,100,8650.0,1,0,2
20260823,202601020210,S1C,win,3,ハイクオリティ,7.9,5.8,0.955,0.701,0.894,13,100,0.0,1,0,2
20260823,202601020210,S1C,win,12,ヒルノピレネー,16.8,10.2,1.394,0.847,0.894,7,100,0.0,1,0,2
20260823,202601020210,S1C,win,13,マーシヴィガラス,40.4,86.5,1.848,3.956,0.894,1,100,8650.0,1,0,2
20260823,202601020210,S2,win,1,ローズマイスター,5.1,7.9,0.691,1.07,0.894,2,100,0.0,1,0,2
20260823,202601020210,V1,place,1,ローズマイスター,,,,,0.894,2,100,280.0,1,0,2
20260823,202601020210,V3,wide,1-11,ローズマイスター×アオハルブルース,,,,,0.894,2/3,100,930.0,1,0,2
20260823,202601020211,S1,win,2,ルシード,17.1,18.4,1.046,1.125,0.914,11,100,0.0,1,0,2
20260823,202601020211,S1,win,10,ダノンマッキンリー,14.4,22.6,1.098,1.724,0.914,8,100,0.0,1,0,2
20260823,202601020211,S1,win,12,レッドアヴァンティ,144.8,206.2,1.614,2.298,0.914,16,100,0.0,1,0,2
20260823,202601020211,S1,win,16,ロードフォアエース,38.6,55.2,1.048,1.498,0.914,5,100,0.0,1,0,2
20260823,202601020211,S1C,win,2,ルシード,17.1,18.4,1.046,1.125,0.914,11,100,0.0,1,0,2
20260823,202601020211,S1C,win,5,ゾンニッヒ,22.5,44.9,0.989,1.974,0.914,10,100,0.0,1,0,2
20260823,202601020211,S1C,win,7,マイネルジェロディ,205.3,291.7,0.941,1.337,0.914,14,100,0.0,1,0,2
20260823,202601020211,S1C,win,12,レッドアヴァンティ,144.8,206.2,1.614,2.298,0.914,16,100,0.0,1,0,2
20260823,202601020211,S2,win,3,パンジャタワー,2.3,1.9,0.814,0.672,0.914,2,100,0.0,1,0,2
20260823,202601020211,V1,place,3,パンジャタワー,,,,,0.914,2,100,110.0,1,0,2
20260823,202601020211,V2,place,3,パンジャタワー,,,,,0.914,2,100,110.0,1,0,2
20260823,202601020211,V3,wide,3-10,パンジャタワー×ダノンマッキンリー,,,,,0.914,2/8,100,0.0,1,0,2
20260823,202601020211,V4,trifecta,3-13-10,,,,,,,,100,0.0,1,0,1
20260823,202601020211,V4,trifecta,3-10-13,,,,,,,,100,0.0,1,0,1
20260823,202601020211,V4,trifecta,3-13-4,,,,,,,,100,0.0,1,0,1
20260823,202601020211,V4,trifecta,3-13-2,,,,,,,,100,0.0,1,0,1
20260823,202601020211,V4,trifecta,3-13-8,,,,,,,,100,0.0,1,0,1
20260823,202601020211,V4,trifecta,3-4-13,,,,,,,,100,0.0,1,0,1
20260823,202601020211,V4,trifecta,3-2-13,,,,,,,,100,0.0,1,0,1
20260823,202601020211,V4,trifecta,3-8-13,,,,,,,,100,0.0,1,0,1
20260823,202601020211,V4,trifecta,13-3-10,,,,,,,,100,0.0,1,0,1
20260823,202601020211,V4,trifecta,3-13-15,,,,,,,,100,0.0,1,0,1
20260823,202601020212,S1,win,2,マイネルフォルツァ,23.2,47.1,1.087,2.206,0.887,2,100,0.0,1,0,2
20260823,202601020212,S1,win,10,テルヒコウ,6.1,9.4,1.011,1.558,0.887,14,100,0.0,1,0,2
20260823,202601020212,S1C,win,2,マイネルフォルツァ,23.2,47.1,1.087,2.206,0.887,2,100,0.0,1,0,2
20260823,202601020212,S1C,win,10,テルヒコウ,6.1,9.4,1.011,1.558,0.887,14,100,0.0,1,0,2
20260823,202601020212,S2,win,9,ルクスジニア,5.9,3.6,0.792,0.483,0.887,4,100,0.0,1,0,2
20260823,202601020212,V1,place,9,ルクスジニア,,,,,0.887,4,100,0.0,1,0,2
20260823,202601020212,V3,wide,1-9,ミーントゥビー×ルクスジニア,,,,,0.887,5/4,100,0.0,1,0,2
20260823,202604030201,S2,win,12,ノーセット,1.2,1.1,0.743,0.681,0.787,1,100,110.0,1,0,2
20260823,202604030201,V1,place,12,ノーセット,,,,,0.787,1,100,100.0,1,0,2
20260823,202604030202,S1,win,2,ノーブルフォース,76.1,141.4,1.722,3.199,0.574,11,100,0.0,1,0,2
20260823,202604030202,S1,win,11,フォルスラヴィ,7.3,3.7,1.039,0.526,0.574,9,100,0.0,1,0,2
20260823,202604030202,S1C,win,2,ノーブルフォース,76.1,141.4,1.722,3.199,0.574,11,100,0.0,1,0,2
20260823,202604030202,S1C,win,11,フォルスラヴィ,7.3,3.7,1.039,0.526,0.574,9,100,0.0,1,0,2
20260823,202604030202,S2,win,8,スロノス,2.9,4.0,0.667,0.92,0.574,2,100,0.0,1,0,2
20260823,202604030202,V1,place,8,スロノス,,,,,0.574,2,100,160.0,1,0,2
20260823,202604030203,S2,win,9,ドミナント,2.5,2.1,0.832,0.699,0.56,5,100,0.0,1,0,2
20260823,202604030203,V1,place,9,ドミナント,,,,,0.56,5,100,0.0,1,0,2
20260823,202604030204,S1,win,4,ジャガーライズ,7.3,10.2,1.219,1.703,0.89,6,100,0.0,1,0,2
20260823,202604030204,S1,win,15,ノーブルスアーク,37.9,223.2,1.41,8.302,0.89,12,100,0.0,1,0,2
20260823,202604030204,S1C,win,4,ジャガーライズ,7.3,10.2,1.219,1.703,0.89,6,100,0.0,1,0,2
20260823,202604030204,S1C,win,11,ゼフィリア,27.6,24.9,0.979,0.884,0.89,7,100,0.0,1,0,2
20260823,202604030204,S1C,win,15,ノーブルスアーク,37.9,223.2,1.41,8.302,0.89,12,100,0.0,1,0,2
20260823,202604030204,S2,win,10,ジーティーニッツァ,6.0,3.7,0.882,0.544,0.89,4,100,0.0,1,0,2
20260823,202604030204,S3,win,4,ジャガーライズ,7.3,10.2,1.219,1.703,0.89,6,100,0.0,1,0,2
20260823,202604030204,S5C,win,4,ジャガーライズ,7.3,10.2,1.219,1.703,0.89,6,100,0.0,1,0,2
20260823,202604030204,V1,place,10,ジーティーニッツァ,,,,,0.89,4,100,0.0,1,0,2
20260823,202604030204,V3,wide,4-10,ジャガーライズ×ジーティーニッツァ,,,,,0.89,6/4,100,0.0,1,0,2
20260823,202604030205,S1,win,3,エリオステモン,33.5,279.7,1.217,10.16,0.874,14,100,0.0,1,0,2
20260823,202604030205,S1,win,17,ルサフィール,51.6,480.0,2.053,19.094,0.874,18,100,0.0,1,0,2
20260823,202604030205,S1,win,18,ピコプリンセス,56.4,153.6,1.156,3.147,0.874,3,100,0.0,1,0,2
20260823,202604030205,S1C,win,3,エリオステモン,33.5,279.7,1.217,10.16,0.874,14,100,0.0,1,0,2
20260823,202604030205,S1C,win,17,ルサフィール,51.6,480.0,2.053,19.094,0.874,18,100,0.0,1,0,2
20260823,202604030205,S2,win,4,バンオンタイム,4.1,2.4,0.762,0.446,0.874,2,100,0.0,1,0,2
20260823,202604030205,V1,place,4,バンオンタイム,,,,,0.874,2,100,140.0,1,0,2
20260823,202604030205,V3,wide,4-14,バンオンタイム×ウラヌスリング,,,,,0.874,2/16,100,0.0,1,0,2
20260823,202604030206,S1,win,5,パフ,13.8,15.2,1.037,1.142,0.917,11,100,0.0,1,0,2
20260823,202604030206,S1,win,12,ルクスビッグスター,23.1,39.3,1.082,1.84,0.917,7,100,0.0,1,0,2
20260823,202604030206,S1C,win,12,ルクスビッグスター,23.1,39.3,1.082,1.84,0.917,7,100,0.0,1,0,2
20260823,202604030206,S2,win,14,アラレタバシル,4.1,4.2,0.754,0.773,0.917,2,100,0.0,1,0,2
20260823,202604030206,V1,place,14,アラレタバシル,,,,,0.917,2,100,160.0,1,0,2
20260823,202604030206,V3,wide,7-14,ブレトワルダ×アラレタバシル,,,,,0.917,3/2,100,340.0,1,0,2
20260823,202604030207,S2,win,2,レッチュベルク,3.5,2.8,0.85,0.68,0.762,1,100,280.0,1,0,2
20260823,202604030207,V1,place,2,レッチュベルク,,,,,0.762,1,100,120.0,1,0,2
20260823,202604030208,S1,win,3,マンウォル,45.4,73.9,1.085,1.766,0.911,10,100,0.0,1,0,2
20260823,202604030208,S1,win,10,ジッピーレーサー,75.7,223.0,1.186,3.493,0.911,12,100,0.0,1,0,2
20260823,202604030208,S1C,win,3,マンウォル,45.4,73.9,1.085,1.766,0.911,10,100,0.0,1,0,2
20260823,202604030208,S1C,win,10,ジッピーレーサー,75.7,223.0,1.186,3.493,0.911,12,100,0.0,1,0,2
20260823,202604030208,S2,win,6,ナルキッソス,3.1,2.3,0.915,0.679,0.911,4,100,0.0,1,0,2
20260823,202604030208,V1,place,6,ナルキッソス,,,,,0.911,4,100,0.0,1,0,2
20260823,202604030208,V2,place,6,ナルキッソス,,,,,0.911,4,100,0.0,1,0,2
20260823,202604030208,V3,wide,6-7,ナルキッソス×ラパンチュール,,,,,0.911,4/2,100,0.0,1,0,2
20260823,202604030209,S1,win,3,カサブランカキッド,28.0,33.9,1.229,1.488,0.91,12,100,0.0,1,0,2
20260823,202604030209,S1C,win,3,カサブランカキッド,28.0,33.9,1.229,1.488,0.91,12,100,0.0,1,0,2
20260823,202604030209,S2,win,8,ホウオウルクソール,4.3,4.0,0.778,0.724,0.91,4,100,0.0,1,0,2
20260823,202604030209,V1,place,8,ホウオウルクソール,,,,,0.91,4,100,0.0,1,0,2
20260823,202604030209,V3,wide,8-15,ホウオウルクソール×ベルゼビュート,,,,,0.91,4/1,100,0.0,1,0,2
20260823,202604030210,S1,win,12,キョウエイグッド,34.1,62.4,1.197,2.19,0.897,6,100,0.0,1,0,2
20260823,202604030210,S1C,win,12,キョウエイグッド,34.1,62.4,1.197,2.19,0.897,6,100,0.0,1,0,2
20260823,202604030210,S2,win,4,リポサンテ,2.6,2.1,0.641,0.517,0.897,1,100,210.0,1,0,2
20260823,202604030210,V1,place,4,リポサンテ,,,,,0.897,1,100,110.0,1,0,2
20260823,202604030210,V3,wide,4-9,リポサンテ×ラヴィニール,,,,,0.897,1/8,100,0.0,1,0,2
20260823,202604030211,S1,win,10,ベルタソ,12.9,9.5,1.092,0.804,0.882,2,100,0.0,1,0,2
20260823,202604030211,S1C,win,12,シャルマンナナ,16.2,19.4,0.939,1.125,0.882,13,100,0.0,1,0,2
20260823,202604030211,S2,win,17,ヨドノティアラ,3.0,3.0,0.733,0.733,0.882,4,100,0.0,1,0,2
20260823,202604030211,V1,place,17,ヨドノティアラ,,,,,0.882,4,100,0.0,1,0,2
20260823,202604030211,V3,wide,16-17,サツキレジーナ×ヨドノティアラ,,,,,0.882,3/4,100,0.0,1,0,2
20260823,202604030211,V4,trifecta,17-16-7,,,,,,,,100,0.0,1,0,1
20260823,202604030211,V4,trifecta,17-7-16,,,,,,,,100,0.0,1,0,1
20260823,202604030211,V4,trifecta,17-16-10,,,,,,,,100,0.0,1,0,1
20260823,202604030211,V4,trifecta,17-16-15,,,,,,,,100,0.0,1,0,1
20260823,202604030211,V4,trifecta,17-10-16,,,,,,,,100,0.0,1,0,1
20260823,202604030211,V4,trifecta,16-17-7,,,,,,,,100,0.0,1,0,1
20260823,202604030211,V4,trifecta,17-16-6,,,,,,,,100,0.0,1,0,1
20260823,202604030211,V4,trifecta,17-15-16,,,,,,,,100,0.0,1,0,1
20260823,202604030211,V4,trifecta,16-17-10,,,,,,,,100,0.0,1,0,1
20260823,202604030211,V4,trifecta,17-6-16,,,,,,,,100,0.0,1,0,1
20260823,202604030212,S1,win,3,フォンドルレール,7.2,9.9,1.142,1.57,0.876,6,100,0.0,1,0,2
20260823,202604030212,S1C,win,3,フォンドルレール,7.2,9.9,1.142,1.57,0.876,6,100,0.0,1,0,2
20260823,202604030212,S2,win,7,クリムゾンリーフ,1.5,1.4,0.801,0.748,0.876,1,100,140.0,1,0,2
20260823,202604030212,S5C,win,3,フォンドルレール,7.2,9.9,1.142,1.57,0.876,6,100,0.0,1,0,2
20260823,202604030212,V1,place,7,クリムゾンリーフ,,,,,0.876,1,100,110.0,1,0,2
20260823,202604030212,V2,place,7,クリムゾンリーフ,,,,,0.876,1,100,110.0,1,0,2
20260823,202604030212,V3,wide,7-8,クリムゾンリーフ×トルネードアイル,,,,,0.876,1/2,100,120.0,1,0,2
20260823,202607030201,S1,win,3,パストザクラウン,16.5,28.8,1.268,2.214,0.69,5,100,0.0,1,0,2
20260823,202607030201,S1C,win,3,パストザクラウン,16.5,28.8,1.268,2.214,0.69,5,100,0.0,1,0,2
20260823,202607030201,S2,win,5,ベニバナ,1.6,1.4,0.834,0.73,0.69,1,100,140.0,1,0,2
20260823,202607030201,V1,place,5,ベニバナ,,,,,0.69,1,100,110.0,1,0,2
20260823,202607030202,S2,win,2,キトゥンズクラフト,2.4,2.3,0.852,0.816,0.547,1,100,230.0,1,0,2
20260823,202607030202,V1,place,2,キトゥンズクラフト,,,,,0.547,1,100,120.0,1,0,2
20260823,202607030203,S1,win,4,ファミーリエ,6.8,4.2,1.123,0.694,0.552,1,100,420.0,1,0,2
20260823,202607030203,S1C,win,4,ファミーリエ,6.8,4.2,1.123,0.694,0.552,1,100,420.0,1,0,2
20260823,202607030203,S2,win,3,エイダンバローズ,3.7,2.0,0.818,0.442,0.552,4,100,0.0,1,0,2
20260823,202607030203,V1,place,3,エイダンバローズ,,,,,0.552,4,100,0.0,1,0,2
20260823,202607030204,S1,win,8,クリノリキオー,7.1,6.3,1.196,1.062,0.892,5,100,0.0,1,0,2
20260823,202607030204,S1C,win,8,クリノリキオー,7.1,6.3,1.196,1.062,0.892,5,100,0.0,1,0,2
20260823,202607030204,S1C,win,15,レディトゥフライト,22.2,22.5,0.999,1.013,0.892,6,100,0.0,1,0,2
20260823,202607030204,S2,win,2,グリーンゴー,2.5,1.9,0.68,0.517,0.892,13,100,0.0,1,0,2
20260823,202607030204,V1,place,2,グリーンゴー,,,,,0.892,13,100,0.0,1,0,2
20260823,202607030204,V2,place,2,グリーンゴー,,,,,0.892,13,100,0.0,1,0,2
20260823,202607030204,V3,wide,2-12,グリーンゴー×インドミタビリティ,,,,,0.892,13/11,100,0.0,1,0,2
20260823,202607030205,S1,win,7,アグレイビューティ,25.1,26.6,1.198,1.269,0.9,2,100,0.0,1,0,2
20260823,202607030205,S1,win,9,シェーラ,15.2,18.2,1.277,1.529,0.9,9,100,0.0,1,0,2
20260823,202607030205,S1,win,10,メイショウピリカ,6.8,6.5,1.034,0.988,0.9,11,100,0.0,1,0,2
20260823,202607030205,S1C,win,7,アグレイビューティ,25.1,26.6,1.198,1.269,0.9,2,100,0.0,1,0,2
20260823,202607030205,S1C,win,9,シェーラ,15.2,18.2,1.277,1.529,0.9,9,100,0.0,1,0,2
20260823,202607030205,S1C,win,10,メイショウピリカ,6.8,6.5,1.034,0.988,0.9,11,100,0.0,1,0,2
20260823,202607030205,S2,win,6,ヴィスコンテッサ,2.1,1.7,0.803,0.65,0.9,3,100,0.0,1,0,2
20260823,202607030205,V1,place,6,ヴィスコンテッサ,,,,,0.9,3,100,110.0,1,0,2
20260823,202607030205,V2,place,6,ヴィスコンテッサ,,,,,0.9,3,100,110.0,1,0,2
20260823,202607030205,V3,wide,3-6,ブルーミングローズ×ヴィスコンテッサ,,,,,0.9,7/3,100,0.0,1,0,2
20260823,202607030206,S1,win,9,オックスアイ,26.5,47.6,1.019,1.831,0.897,5,100,0.0,1,0,2
20260823,202607030206,S1C,win,1,ギフテッド,25.1,117.9,0.951,4.469,0.897,9,100,0.0,1,0,2
20260823,202607030206,S1C,win,2,テーオーシュタイン,24.7,30.8,0.992,1.237,0.897,3,100,0.0,1,0,2
20260823,202607030206,S1C,win,9,オックスアイ,26.5,47.6,1.019,1.831,0.897,5,100,0.0,1,0,2
20260823,202607030206,S1C,win,13,ムーンウォーリア,141.2,407.0,0.868,2.501,0.897,14,100,0.0,1,0,2
20260823,202607030206,S1C,win,14,ワンモアスマイル,27.9,56.8,0.976,1.987,0.897,13,100,0.0,1,0,2
20260823,202607030206,S2,win,10,サーディンラン,3.8,2.5,0.853,0.561,0.897,6,100,0.0,1,0,2
20260823,202607030206,V1,place,10,サーディンラン,,,,,0.897,6,100,0.0,1,0,2
20260823,202607030206,V3,wide,7-10,セブンマイスター×サーディンラン,,,,,0.897,10/6,100,0.0,1,0,2
20260823,202607030207,S1,win,11,マリオロード,54.8,103.6,1.148,2.17,0.901,3,100,0.0,1,0,2
20260823,202607030207,S1,win,14,メイショウユズルハ,56.1,94.1,1.523,2.554,0.901,11,100,0.0,1,0,2
20260823,202607030207,S1C,win,14,メイショウユズルハ,56.1,94.1,1.523,2.554,0.901,11,100,0.0,1,0,2
20260823,202607030207,S2,win,1,トリポリタニア,3.5,3.1,0.774,0.685,0.901,1,100,310.0,1,0,2
20260823,202607030207,V1,place,1,トリポリタニア,,,,,0.901,1,100,190.0,1,0,2
20260823,202607030207,V3,wide,1-2,トリポリタニア×スナークラファエロ,,,,,0.901,1/16,100,0.0,1,0,2
20260823,202607030208,S1,win,15,カフジキアッキエレ,36.8,80.0,1.126,2.447,0.892,10,100,0.0,1,0,2
20260823,202607030208,S1C,win,15,カフジキアッキエレ,36.8,80.0,1.126,2.447,0.892,10,100,0.0,1,0,2
20260823,202607030208,S2,win,11,カーリキュー,4.7,7.1,0.641,0.968,0.892,1,100,710.0,1,0,2
20260823,202607030208,V1,place,11,カーリキュー,,,,,0.892,1,100,260.0,1,0,2
20260823,202607030208,V3,wide,11-16,カーリキュー×アパレイユ,,,,,0.892,1/15,100,0.0,1,0,2
20260823,202607030210,S1,win,1,ドリームゴーズオン,43.3,179.7,1.072,4.447,0.86,11,100,0.0,1,0,2
20260823,202607030210,S1,win,6,ロードファイター,13.3,14.2,1.232,1.316,0.86,3,100,0.0,1,0,2
20260823,202607030210,S1,win,14,ブクブクー,18.2,28.1,1.091,1.684,0.86,4,100,0.0,1,0,2
20260823,202607030210,S1C,win,1,ドリームゴーズオン,43.3,179.7,1.072,4.447,0.86,11,100,0.0,1,0,2
20260823,202607030210,S1C,win,6,ロードファイター,13.3,14.2,1.232,1.316,0.86,3,100,0.0,1,0,2
20260823,202607030210,S1C,win,14,ブクブクー,18.2,28.1,1.091,1.684,0.86,4,100,0.0,1,0,2
20260823,202607030210,S2,win,12,メイショウナナシロ,2.0,1.7,0.664,0.565,0.86,1,100,170.0,1,0,2
20260823,202607030210,V1,place,12,メイショウナナシロ,,,,,0.86,1,100,110.0,1,0,2
20260823,202607030210,V2,place,12,メイショウナナシロ,,,,,0.86,1,100,110.0,1,0,2
20260823,202607030210,V3,wide,10-12,ボクサークラブ×メイショウナナシロ,,,,,0.86,6/1,100,0.0,1,0,2
20260823,202607030211,S1,win,4,エルハーベン,5.2,6.7,1.057,1.362,0.903,1,100,670.0,1,0,2
20260823,202607030211,S1C,win,4,エルハーベン,5.2,6.7,1.057,1.362,0.903,1,100,670.0,1,0,2
20260823,202607030211,S2,win,4,エルハーベン,5.2,6.7,1.057,1.362,0.903,1,100,670.0,1,0,2
20260823,202607030211,V1,place,4,エルハーベン,,,,,0.903,1,100,250.0,1,0,2
20260823,202607030211,V3,wide,4-15,エルハーベン×ダンデノン,,,,,0.903,1/4,100,0.0,1,0,2
20260823,202607030211,V4,trifecta,4-15-9,,,,,,,,100,0.0,1,0,1
20260823,202607030211,V4,trifecta,4-9-15,,,,,,,,100,0.0,1,0,1
20260823,202607030211,V4,trifecta,15-4-9,,,,,,,,100,0.0,1,0,1
20260823,202607030211,V4,trifecta,9-4-15,,,,,,,,100,0.0,1,0,1
20260823,202607030211,V4,trifecta,4-15-6,,,,,,,,100,0.0,1,0,1
20260823,202607030211,V4,trifecta,15-9-4,,,,,,,,100,0.0,1,0,1
20260823,202607030211,V4,trifecta,4-6-15,,,,,,,,100,0.0,1,0,1
20260823,202607030211,V4,trifecta,9-15-4,,,,,,,,100,0.0,1,0,1
20260823,202607030211,V4,trifecta,15-4-6,,,,,,,,100,0.0,1,0,1
20260823,202607030211,V4,trifecta,4-9-6,,,,,,,,100,0.0,1,0,1
20260823,202607030212,S1,win,10,フルドフォルク,55.9,169.5,1.14,3.457,0.873,10,100,0.0,1,0,2
20260823,202607030212,S1,win,12,イットガール,74.9,173.3,1.74,4.027,0.873,9,100,0.0,1,0,2
20260823,202607030212,S1,win,15,イッタレイッタレ,18.6,22.8,1.611,1.974,0.873,4,100,0.0,1,0,2
20260823,202607030212,S1C,win,1,ロードフリューゲル,18.6,47.6,0.941,2.408,0.873,13,100,0.0,1,0,2
20260823,202607030212,S1C,win,12,イットガール,74.9,173.3,1.74,4.027,0.873,9,100,0.0,1,0,2
20260823,202607030212,S1C,win,15,イッタレイッタレ,18.6,22.8,1.611,1.974,0.873,4,100,0.0,1,0,2
20260823,202607030212,S2,win,4,エバイダンス,5.8,2.9,0.693,0.347,0.873,5,100,0.0,1,0,2
20260823,202607030212,V1,place,4,エバイダンス,,,,,0.873,5,100,0.0,1,0,2
20260823,202607030212,V3,wide,4-13,エバイダンス×アルミラージ,,,,,0.873,5/11,100,0.0,1,0,2
20260829,202601020301,S1,win,2,ロードステラート,9.3,5.2,1.074,0.6,0.909,3,100,0.0,1,0,2
20260829,202601020301,S1C,win,2,ロードステラート,9.3,5.2,1.074,0.6,0.909,3,100,0.0,1,0,2
20260829,202601020301,S2,win,13,ベルアズーロ,4.2,4.5,0.848,0.909,0.909,1,100,450.0,1,0,2
20260829,202601020301,V1,place,13,ベルアズーロ,,,,,0.909,1,100,240.0,1,0,2
20260829,202601020301,V3,wide,9-13,ゴールデンダガー×ベルアズーロ,,,,,0.909,5/1,100,0.0,1,0,2
20260829,202601020302,S1,win,8,リラカリス,43.0,82.8,1.12,2.156,0.66,12,100,0.0,1,0,2
20260829,202601020302,S1C,win,8,リラカリス,43.0,82.8,1.12,2.156,0.66,12,100,0.0,1,0,2
20260829,202601020302,S2,win,3,フォルトゥナロッサ,1.8,2.0,0.82,0.911,0.66,4,100,0.0,1,0,2
20260829,202601020302,V1,place,3,フォルトゥナロッサ,,,,,0.66,4,100,0.0,1,0,2
20260829,202601020303,S1,win,2,サンゴート,61.4,267.3,1.01,4.398,0.665,7,100,0.0,1,0,2
20260829,202601020303,S1,win,3,エコロナイン,14.6,11.2,1.02,0.783,0.665,3,100,0.0,1,0,2
20260829,202601020303,S1,win,11,シャイニーヒーロー,147.3,558.7,1.11,4.211,0.665,11,100,0.0,1,0,2
20260829,202601020303,S1C,win,11,シャイニーヒーロー,147.3,558.7,1.11,4.211,0.665,11,100,0.0,1,0,2
20260829,202601020303,S2,win,1,ダノンキューブ,1.1,1.1,0.72,0.72,0.665,4,100,0.0,1,0,2
20260829,202601020303,V1,place,1,ダノンキューブ,,,,,0.665,4,100,0.0,1,0,2
20260829,202601020304,S1,win,2,ゲレイロ,17.4,23.2,1.386,1.848,0.899,6,100,0.0,1,0,2
20260829,202601020304,S1C,win,2,ゲレイロ,17.4,23.2,1.386,1.848,0.899,6,100,0.0,1,0,2
20260829,202601020304,S2,win,5,アニマレイ,3.7,4.5,0.836,1.016,0.899,1,100,450.0,1,0,2
20260829,202601020304,V1,place,5,アニマレイ,,,,,0.899,1,100,200.0,1,0,2
20260829,202601020304,V3,wide,5-12,アニマレイ×スマートコーラル,,,,,0.899,1/5,100,0.0,1,0,2
20260829,202601020305,S1C,win,2,ハイネスプラウド,22.6,31.8,0.973,1.368,0.569,10,100,0.0,1,0,2
20260829,202601020305,S2,win,10,ゴーストミステリー,3.5,2.2,0.904,0.568,0.569,7,100,0.0,1,0,2
20260829,202601020305,V1,place,10,ゴーストミステリー,,,,,0.569,7,100,0.0,1,0,2
20260829,202601020306,S1,win,2,フレンチブラッサム,13.8,38.8,1.061,2.984,0.899,5,100,0.0,1,0,2
20260829,202601020306,S1,win,4,ヒメヒオウギ,14.2,19.2,1.272,1.72,0.899,4,100,0.0,1,0,2
20260829,202601020306,S1,win,6,エイシンキーンラン,18.8,9.0,1.023,0.49,0.899,7,100,0.0,1,0,2
20260829,202601020306,S1C,win,4,ヒメヒオウギ,14.2,19.2,1.272,1.72,0.899,4,100,0.0,1,0,2
20260829,202601020306,S1C,win,5,グリニッジローズ,29.2,186.2,0.946,6.031,0.899,14,100,0.0,1,0,2
20260829,202601020306,S2,win,1,ヒルノボローニャ,6.0,17.8,0.872,2.587,0.899,3,100,0.0,1,0,2
20260829,202601020306,V1,place,1,ヒルノボローニャ,,,,,0.899,3,100,560.0,1,0,2
20260829,202601020306,V3,wide,1-11,ヒルノボローニャ×ペカリーナ,,,,,0.899,3/1,100,2120.0,1,0,2
20260829,202601020307,S1,win,3,レッドカメリア,23.9,84.3,1.521,5.366,0.903,16,100,0.0,1,0,2
20260829,202601020307,S1,win,6,ロードヴェルテクス,86.7,180.1,1.424,2.959,0.903,15,100,0.0,1,0,2
20260829,202601020307,S1,win,7,ミレニアルピンク,18.8,14.5,1.129,0.871,0.903,10,100,0.0,1,0,2
20260829,202601020307,S1,win,9,ラプランセス,7.7,6.0,1.1,0.857,0.903,4,100,0.0,1,0,2
20260829,202601020307,S1C,win,3,レッドカメリア,23.9,84.3,1.521,5.366,0.903,16,100,0.0,1,0,2
20260829,202601020307,S1C,win,6,ロードヴェルテクス,86.7,180.1,1.424,2.959,0.903,15,100,0.0,1,0,2
20260829,202601020307,S1C,win,7,ミレニアルピンク,18.8,14.5,1.129,0.871,0.903,10,100,0.0,1,0,2
20260829,202601020307,S1C,win,9,ラプランセス,7.7,6.0,1.1,0.857,0.903,4,100,0.0,1,0,2
20260829,202601020307,S2,win,5,グロリアスマーチ,3.8,7.5,0.809,1.597,0.903,8,100,0.0,1,0,2
20260829,202601020307,V1,place,5,グロリアスマーチ,,,,,0.903,8,100,0.0,1,0,2
20260829,202601020307,V3,wide,5-15,グロリアスマーチ×ツルノマイハシ,,,,,0.903,8/1,100,0.0,1,0,2
20260829,202601020308,S1,win,2,ガビーズメロディ,49.3,160.5,1.257,4.092,0.915,9,100,0.0,1,0,2
20260829,202601020308,S1C,win,2,ガビーズメロディ,49.3,160.5,1.257,4.092,0.915,9,100,0.0,1,0,2
20260829,202601020308,S2,win,8,ピエナオルカ,3.7,4.2,0.878,0.997,0.915,5,100,0.0,1,0,2
20260829,202601020308,V1,place,8,ピエナオルカ,,,,,0.915,5,100,0.0,1,0,2
20260829,202601020308,V3,wide,6-8,レッドフロイデ×ピエナオルカ,,,,,0.915,3/5,100,0.0,1,0,2
20260829,202601020309,S1,win,2,マイバラード,20.5,45.3,1.234,2.726,0.871,2,100,0.0,1,0,2
20260829,202601020309,S1,win,8,キタノサリスカ,19.7,8.0,1.054,0.428,0.871,6,100,0.0,1,0,2
20260829,202601020309,S1,win,11,エイトスターズ,29.0,157.0,1.269,6.868,0.871,11,100,0.0,1,0,2
20260829,202601020309,S1C,win,2,マイバラード,20.5,45.3,1.234,2.726,0.871,2,100,0.0,1,0,2
20260829,202601020309,S1C,win,4,ウインイルネージュ,30.2,194.9,0.991,6.396,0.871,9,100,0.0,1,0,2
20260829,202601020309,S1C,win,8,キタノサリスカ,19.7,8.0,1.054,0.428,0.871,6,100,0.0,1,0,2
20260829,202601020309,S1C,win,11,エイトスターズ,29.0,157.0,1.269,6.868,0.871,11,100,0.0,1,0,2
20260829,202601020309,S2,win,7,グランセゾン,3.0,4.6,0.735,1.127,0.871,5,100,0.0,1,0,2
20260829,202601020309,V1,place,7,グランセゾン,,,,,0.871,5,100,0.0,1,0,2
20260829,202601020309,V3,wide,3-7,アイドクレース×グランセゾン,,,,,0.871,1/5,100,0.0,1,0,2
20260829,202601020310,S2,win,12,ウインガラハッド,3.6,2.6,0.912,0.659,0.707,2,100,0.0,1,0,2
20260829,202601020310,V1,place,12,ウインガラハッド,,,,,0.707,2,100,120.0,1,0,2
20260829,202601020311,S1,win,2,マイネルバーテクス,36.0,71.4,1.138,2.257,0.914,11,100,0.0,1,0,2
20260829,202601020311,S1,win,9,ナグルファル,23.4,35.1,1.134,1.701,0.914,9,100,0.0,1,0,2
20260829,202601020311,S1,win,14,バースライト,8.6,9.9,1.003,1.155,0.914,5,100,0.0,1,0,2
20260829,202601020311,S1C,win,2,マイネルバーテクス,36.0,71.4,1.138,2.257,0.914,11,100,0.0,1,0,2
20260829,202601020311,S1C,win,9,ナグルファル,23.4,35.1,1.134,1.701,0.914,9,100,0.0,1,0,2
20260829,202601020311,S1C,win,14,バースライト,8.6,9.9,1.003,1.155,0.914,5,100,0.0,1,0,2
20260829,202601020311,S2,win,6,アリスメティーク,3.4,2.5,0.757,0.556,0.914,12,100,0.0,1,0,2
20260829,202601020311,V1,place,6,アリスメティーク,,,,,0.914,12,100,0.0,1,0,2
20260829,202601020311,V3,wide,6-7,アリスメティーク×メイショウアイル,,,,,0.914,12/6,100,0.0,1,0,2
20260829,202601020311,V4,trifecta,6-7-14,,,,,,,,100,0.0,1,0,1
20260829,202601020311,V4,trifecta,6-14-7,,,,,,,,100,0.0,1,0,1
20260829,202601020311,V4,trifecta,7-6-14,,,,,,,,100,0.0,1,0,1
20260829,202601020311,V4,trifecta,14-6-7,,,,,,,,100,0.0,1,0,1
20260829,202601020311,V4,trifecta,7-14-6,,,,,,,,100,0.0,1,0,1
20260829,202601020311,V4,trifecta,14-7-6,,,,,,,,100,0.0,1,0,1
20260829,202601020311,V4,trifecta,6-7-8,,,,,,,,100,0.0,1,0,1
20260829,202601020311,V4,trifecta,7-6-8,,,,,,,,100,0.0,1,0,1
20260829,202601020311,V4,trifecta,6-8-7,,,,,,,,100,0.0,1,0,1
20260829,202601020311,V4,trifecta,6-7-12,,,,,,,,100,0.0,1,0,1
20260829,202601020312,S2,win,10,オンザムービー,1.4,1.2,0.875,0.75,0.917,1,100,120.0,1,0,2
20260829,202601020312,V1,place,10,オンザムービー,,,,,0.917,1,100,110.0,1,0,2
20260829,202601020312,V2,place,10,オンザムービー,,,,,0.917,1,100,110.0,1,0,2
20260829,202601020312,V3,wide,9-10,マーゴットサンズ×オンザムービー,,,,,0.917,5/1,100,0.0,1,0,2
20260829,202604030302,S1,win,9,オウケンサクラコ,15.9,22.2,1.019,1.423,0.897,5,100,0.0,1,0,2
20260829,202604030302,S1C,win,5,プリヴィマーク,41.6,184.0,0.981,4.341,0.897,14,100,0.0,1,0,2
20260829,202604030302,S1C,win,6,ガードオブオナー,5.3,4.0,0.972,0.733,0.897,4,100,0.0,1,0,2
20260829,202604030302,S1C,win,9,オウケンサクラコ,15.9,22.2,1.019,1.423,0.897,5,100,0.0,1,0,2
20260829,202604030302,S2,win,7,ゴールドプレイヤー,3.1,3.7,0.731,0.873,0.897,3,100,0.0,1,0,2
20260829,202604030302,V1,place,7,ゴールドプレイヤー,,,,,0.897,3,100,130.0,1,0,2
20260829,202604030302,V3,wide,7-15,ゴールドプレイヤー×カシマライフウ,,,,,0.897,3/2,100,390.0,1,0,2
20260829,202604030303,S1,win,7,レーゲンシャウアー,138.0,524.0,1.776,6.742,0.718,10,100,0.0,1,0,2
20260829,202604030303,S1C,win,7,レーゲンシャウアー,138.0,524.0,1.776,6.742,0.718,10,100,0.0,1,0,2
20260829,202604030303,S2,win,10,サウンドシェリー,3.6,2.6,0.795,0.574,0.718,8,100,0.0,1,0,2
20260829,202604030303,V1,place,10,サウンドシェリー,,,,,0.718,8,100,0.0,1,0,2
20260829,202604030304,S2,win,4,エクラドリオン,1.7,1.5,0.809,0.714,0.569,1,100,150.0,1,0,2
20260829,202604030304,V1,place,4,エクラドリオン,,,,,0.569,1,100,110.0,1,0,2
20260829,202604030305,S1,win,1,ローレルエース,89.5,255.9,1.427,4.081,0.895,13,100,0.0,1,0,2
20260829,202604030305,S1,win,10,アルティマローネ,12.3,39.2,1.013,3.227,0.895,7,100,0.0,1,0,2
20260829,202604030305,S1,win,11,キコリータ,9.1,12.3,1.184,1.601,0.895,9,100,0.0,1,0,2
20260829,202604030305,S1C,win,1,ローレルエース,89.5,255.9,1.427,4.081,0.895,13,100,0.0,1,0,2
20260829,202604030305,S1C,win,11,キコリータ,9.1,12.3,1.184,1.601,0.895,9,100,0.0,1,0,2
20260829,202604030305,S2,win,2,イクオクコウネン,4.4,4.5,0.93,0.951,0.895,6,100,0.0,1,0,2
20260829,202604030305,V1,place,2,イクオクコウネン,,,,,0.895,6,100,0.0,1,0,2
20260829,202604030305,V3,wide,2-7,イクオクコウネン×ヤマメホープ,,,,,0.895,6/1,100,0.0,1,0,2
20260829,202604030306,S1,win,4,ヨドノタイヨウ,17.6,13.6,1.166,0.901,0.913,2,100,0.0,1,0,2
20260829,202604030306,S1,win,10,リアライズオーラム,6.1,13.5,1.403,3.104,0.913,3,100,0.0,1,0,2
20260829,202604030306,S1C,win,4,ヨドノタイヨウ,17.6,13.6,1.166,0.901,0.913,2,100,0.0,1,0,2
20260829,202604030306,S1C,win,10,リアライズオーラム,6.1,13.5,1.403,3.104,0.913,3,100,0.0,1,0,2
20260829,202604030306,S2,win,3,ルーナディサングエ,2.6,2.1,0.696,0.562,0.913,1,100,210.0,1,0,2
20260829,202604030306,S3,win,10,リアライズオーラム,6.1,13.5,1.403,3.104,0.913,3,100,0.0,1,0,2
20260829,202604030306,S5C,win,10,リアライズオーラム,6.1,13.5,1.403,3.104,0.913,3,100,0.0,1,0,2
20260829,202604030306,V1,place,3,ルーナディサングエ,,,,,0.913,1,100,130.0,1,0,2
20260829,202604030306,V2,place,3,ルーナディサングエ,,,,,0.913,1,100,130.0,1,0,2
20260829,202604030306,V3,wide,3-10,ルーナディサングエ×リアライズオーラム,,,,,0.913,1/3,100,580.0,1,0,2
20260829,202604030307,S1,win,3,バンフィエルド,87.2,403.3,3.059,14.15,0.919,17,100,0.0,1,0,2
20260829,202604030307,S1,win,10,ペッレグリーニ,41.5,42.5,1.036,1.061,0.919,9,100,0.0,1,0,2
20260829,202604030307,S1,win,11,ティムール,28.0,80.5,1.181,3.395,0.919,14,100,0.0,1,0,2
20260829,202604030307,S1C,win,3,バンフィエルド,87.2,403.3,3.059,14.15,0.919,17,100,0.0,1,0,2
20260829,202604030307,S1C,win,6,オリバナム,21.9,23.6,0.963,1.038,0.919,8,100,0.0,1,0,2
20260829,202604030307,S1C,win,10,ペッレグリーニ,41.5,42.5,1.036,1.061,0.919,9,100,0.0,1,0,2
20260829,202604030307,S1C,win,11,ティムール,28.0,80.5,1.181,3.395,0.919,14,100,0.0,1,0,2
20260829,202604030307,S2,win,2,ボウウィンドウ,2.6,2.0,0.779,0.599,0.919,1,100,200.0,1,0,2
20260829,202604030307,V1,place,2,ボウウィンドウ,,,,,0.919,1,100,140.0,1,0,2
20260829,202604030307,V2,place,2,ボウウィンドウ,,,,,0.919,1,100,140.0,1,0,2
20260829,202604030307,V3,wide,2-16,ボウウィンドウ×ピエナフェーヴル,,,,,0.919,1/5,100,0.0,1,0,2
20260829,202604030308,S1,win,1,ピカピカサンダー,7.0,7.3,1.071,1.117,0.918,3,100,0.0,1,0,2
20260829,202604030308,S1,win,2,アムールドパリ,8.1,8.0,1.047,1.034,0.918,10,100,0.0,1,0,2
20260829,202604030308,S1,win,8,ピースオブザライフ,60.8,179.3,1.515,4.466,0.918,11,100,0.0,1,0,2
20260829,202604030308,S1C,win,1,ピカピカサンダー,7.0,7.3,1.071,1.117,0.918,3,100,0.0,1,0,2
20260829,202604030308,S1C,win,2,アムールドパリ,8.1,8.0,1.047,1.034,0.918,10,100,0.0,1,0,2
20260829,202604030308,S1C,win,8,ピースオブザライフ,60.8,179.3,1.515,4.466,0.918,11,100,0.0,1,0,2
20260829,202604030308,S2,win,3,タガノバビロン,2.6,2.0,0.663,0.51,0.918,2,100,0.0,1,0,2
20260829,202604030308,V1,place,3,タガノバビロン,,,,,0.918,2,100,110.0,1,0,2
20260829,202604030308,V2,place,3,タガノバビロン,,,,,0.918,2,100,110.0,1,0,2
20260829,202604030308,V3,wide,3-6,タガノバビロン×カズタンジャー,,,,,0.918,2/4,100,0.0,1,0,2
20260829,202604030309,S2,win,11,ランブルスコ,3.6,3.3,0.953,0.873,0.902,4,100,0.0,1,0,2
20260829,202604030309,V1,place,11,ランブルスコ,,,,,0.902,4,100,0.0,1,0,2
20260829,202604030309,V2,place,11,ランブルスコ,,,,,0.902,4,100,0.0,1,0,2
20260829,202604030309,V3,wide,8-11,ゴンファロニエーレ×ランブルスコ,,,,,0.902,2/4,100,0.0,1,0,2
20260829,202604030310,S1,win,2,アルシャンティ,77.1,342.4,1.602,7.114,0.898,12,100,0.0,1,0,2
20260829,202604030310,S1,win,18,タイキオーベロン,19.4,34.3,1.248,2.206,0.898,8,100,0.0,1,0,2
20260829,202604030310,S1C,win,2,アルシャンティ,77.1,342.4,1.602,7.114,0.898,12,100,0.0,1,0,2
20260829,202604030310,S1C,win,18,タイキオーベロン,19.4,34.3,1.248,2.206,0.898,8,100,0.0,1,0,2
20260829,202604030310,S2,win,6,タイセイフレッサ,4.7,3.3,0.775,0.544,0.898,3,100,0.0,1,0,2
20260829,202604030310,V1,place,6,タイセイフレッサ,,,,,0.898,3,100,140.0,1,0,2
20260829,202604030310,V3,wide,6-9,タイセイフレッサ×ライネリーベ,,,,,0.898,3/1,100,260.0,1,0,2
20260829,202604030311,S1,win,5,グランフルス,34.7,74.8,1.101,2.374,0.875,4,100,0.0,1,0,2
20260829,202604030311,S1,win,16,トーアシチフクジン,25.1,61.8,1.148,2.827,0.875,17,100,0.0,1,0,2
20260829,202604030311,S1C,win,5,グランフルス,34.7,74.8,1.101,2.374,0.875,4,100,0.0,1,0,2
20260829,202604030311,S1C,win,16,トーアシチフクジン,25.1,61.8,1.148,2.827,0.875,17,100,0.0,1,0,2
20260829,202604030311,S2,win,15,レッドレガリア,1.7,1.5,0.779,0.687,0.875,6,100,0.0,1,0,2
20260829,202604030311,V1,place,15,レッドレガリア,,,,,0.875,6,100,0.0,1,0,2
20260829,202604030311,V2,place,15,レッドレガリア,,,,,0.875,6,100,0.0,1,0,2
20260829,202604030311,V3,wide,2-15,ムーングレイル×レッドレガリア,,,,,0.875,11/6,100,0.0,1,0,2
20260829,202604030311,V4,trifecta,15-2-3,,,,,,,,100,0.0,1,0,1
20260829,202604030311,V4,trifecta,15-3-2,,,,,,,,100,0.0,1,0,1
20260829,202604030311,V4,trifecta,2-15-3,,,,,,,,100,0.0,1,0,1
20260829,202604030311,V4,trifecta,3-15-2,,,,,,,,100,0.0,1,0,1
20260829,202604030311,V4,trifecta,15-2-11,,,,,,,,100,0.0,1,0,1
20260829,202604030311,V4,trifecta,15-2-16,,,,,,,,100,0.0,1,0,1
20260829,202604030311,V4,trifecta,15-2-7,,,,,,,,100,0.0,1,0,1
20260829,202604030311,V4,trifecta,15-3-11,,,,,,,,100,0.0,1,0,1
20260829,202604030311,V4,trifecta,15-11-2,,,,,,,,100,0.0,1,0,1
20260829,202604030311,V4,trifecta,15-3-16,,,,,,,,100,0.0,1,0,1
20260829,202604030312,S1,win,11,ケイツーキップ,41.8,52.8,1.423,1.797,0.832,9,100,0.0,1,0,2
20260829,202604030312,S1C,win,11,ケイツーキップ,41.8,52.8,1.423,1.797,0.832,9,100,0.0,1,0,2
20260829,202604030312,S2,win,7,ロンバスブレス,2.5,2.1,0.86,0.723,0.832,1,100,210.0,1,0,2
20260829,202604030312,V1,place,7,ロンバスブレス,,,,,0.832,1,100,110.0,1,0,2
20260829,202604030312,V2,place,7,ロンバスブレス,,,,,0.832,1,100,110.0,1,0,2
20260829,202604030312,V3,wide,3-7,エリースノー×ロンバスブレス,,,,,0.832,2/1,100,180.0,1,0,2
20260829,202607030301,S1,win,7,マンナット,7.1,4.4,1.255,0.777,0.737,1,100,440.00000000000006,1,0,2
20260829,202607030301,S1C,win,7,マンナット,7.1,4.4,1.255,0.777,0.737,1,100,440.00000000000006,1,0,2
20260829,202607030301,S2,win,1,エンルートフライト,1.9,2.0,0.694,0.73,0.737,2,100,0.0,1,0,2
20260829,202607030301,S3,win,7,マンナット,7.1,4.4,1.255,0.777,0.737,1,100,440.00000000000006,1,0,2
20260829,202607030301,V1,place,1,エンルートフライト,,,,,0.737,2,100,110.0,1,0,2
20260829,202607030302,S1,win,2,ボビーザグレート,25.8,17.6,1.265,0.863,0.687,3,100,0.0,1,0,2
20260829,202607030302,S1,win,5,バミューダブーケ,17.9,29.9,1.01,1.687,0.687,7,100,0.0,1,0,2
20260829,202607030302,S1C,win,2,ボビーザグレート,25.8,17.6,1.265,0.863,0.687,3,100,0.0,1,0,2
20260829,202607030302,S1C,win,5,バミューダブーケ,17.9,29.9,1.01,1.687,0.687,7,100,0.0,1,0,2
20260829,202607030302,S2,win,7,オーリエイト,1.3,1.4,0.791,0.852,0.687,1,100,140.0,1,0,2
20260829,202607030302,V1,place,7,オーリエイト,,,,,0.687,1,100,110.0,1,0,2
20260829,202607030303,S2,win,3,パルフェクシオン,3.3,2.2,0.878,0.585,0.569,5,100,0.0,1,0,2
20260829,202607030303,V1,place,3,パルフェクシオン,,,,,0.569,5,100,0.0,1,0,2
20260829,202607030304,S1,win,4,ヴィスメンティス,17.1,11.4,1.544,1.029,0.856,5,100,0.0,1,0,2
20260829,202607030304,S1,win,8,スクランプシャス,6.7,5.8,1.066,0.923,0.856,14,100,0.0,1,0,2
20260829,202607030304,S1,win,9,サンタカタリナ,18.5,37.3,1.052,2.122,0.856,13,100,0.0,1,0,2
20260829,202607030304,S1,win,10,テイエムプレミラン,35.8,83.8,1.445,3.383,0.856,3,100,0.0,1,0,2
20260829,202607030304,S1C,win,4,ヴィスメンティス,17.1,11.4,1.544,1.029,0.856,5,100,0.0,1,0,2
20260829,202607030304,S1C,win,8,スクランプシャス,6.7,5.8,1.066,0.923,0.856,14,100,0.0,1,0,2
20260829,202607030304,S1C,win,9,サンタカタリナ,18.5,37.3,1.052,2.122,0.856,13,100,0.0,1,0,2
20260829,202607030304,S1C,win,10,テイエムプレミラン,35.8,83.8,1.445,3.383,0.856,3,100,0.0,1,0,2
20260829,202607030304,S2,win,13,マイコンプリート,1.9,1.7,0.673,0.602,0.856,1,100,170.0,1,0,2
20260829,202607030304,V1,place,13,マイコンプリート,,,,,0.856,1,100,110.0,1,0,2
20260829,202607030304,V2,place,13,マイコンプリート,,,,,0.856,1,100,110.0,1,0,2
20260829,202607030304,V3,wide,8-13,スクランプシャス×マイコンプリート,,,,,0.856,14/1,100,0.0,1,0,2
20260829,202607030305,S1,win,11,ラピス,17.2,40.3,1.296,3.036,0.881,11,100,0.0,1,0,2
20260829,202607030305,S1C,win,7,スリーキズナヒメ,19.2,135.5,0.895,6.318,0.881,8,100,0.0,1,0,2
20260829,202607030305,S1C,win,11,ラピス,17.2,40.3,1.296,3.036,0.881,11,100,0.0,1,0,2
20260829,202607030305,S2,win,10,ビクスバイト,3.3,2.7,0.925,0.757,0.881,1,100,270.0,1,0,2
20260829,202607030305,V1,place,10,ビクスバイト,,,,,0.881,1,100,110.0,1,0,2
20260829,202607030305,V2,place,10,ビクスバイト,,,,,0.881,1,100,110.0,1,0,2
20260829,202607030305,V3,wide,4-10,コスモフィレンツェ×ビクスバイト,,,,,0.881,2/1,100,210.0,1,0,2
20260829,202607030306,S1,win,2,ザウリ,18.4,45.1,1.057,2.592,0.897,5,100,0.0,1,0,2
20260829,202607030306,S1,win,8,ブルーノート,35.0,124.5,1.088,3.871,0.897,6,100,0.0,1,0,2
20260829,202607030306,S1C,win,2,ザウリ,18.4,45.1,1.057,2.592,0.897,5,100,0.0,1,0,2
20260829,202607030306,S1C,win,8,ブルーノート,35.0,124.5,1.088,3.871,0.897,6,100,0.0,1,0,2
20260829,202607030306,S1C,win,13,ゲーベル,33.2,46.2,0.955,1.329,0.897,10,100,0.0,1,0,2
20260829,202607030306,S2,win,4,シルフズミスチーフ,4.4,3.9,0.653,0.579,0.897,4,100,0.0,1,0,2
20260829,202607030306,V1,place,4,シルフズミスチーフ,,,,,0.897,4,100,0.0,1,0,2
20260829,202607030306,V3,wide,1-4,フィドルファドル×シルフズミスチーフ,,,,,0.897,1/4,100,0.0,1,0,2
20260829,202607030307,S1,win,8,ダークエクリプス,41.7,163.4,1.716,6.723,0.906,13,100,0.0,1,0,2
20260829,202607030307,S1,win,13,ユハンヌス,15.7,19.8,1.291,1.629,0.906,8,100,0.0,1,0,2
20260829,202607030307,S1C,win,2,ロードマイライフ,20.1,41.9,0.952,1.985,0.906,7,100,0.0,1,0,2
20260829,202607030307,S1C,win,4,ブルクトーア,15.4,23.0,0.933,1.394,0.906,1,100,2300.0,1,0,2
20260829,202607030307,S1C,win,8,ダークエクリプス,41.7,163.4,1.716,6.723,0.906,13,100,0.0,1,0,2
20260829,202607030307,S1C,win,13,ユハンヌス,15.7,19.8,1.291,1.629,0.906,8,100,0.0,1,0,2
20260829,202607030307,S2,win,5,チャンネルトンネル,5.6,5.7,0.862,0.878,0.906,2,100,0.0,1,0,2
20260829,202607030307,V1,place,5,チャンネルトンネル,,,,,0.906,2,100,210.0,1,0,2
20260829,202607030307,V3,wide,5-10,チャンネルトンネル×ポッドロワール,,,,,0.906,2/5,100,0.0,1,0,2
20260829,202607030308,S1,win,1,カウンティフェア,21.2,35.4,1.018,1.701,0.904,5,100,0.0,1,0,2
20260829,202607030308,S1,win,7,リアライズ,14.5,13.2,1.013,0.923,0.904,11,100,0.0,1,0,2
20260829,202607030308,S1,win,12,サヴァビアン,100.7,342.5,1.071,3.642,0.904,13,100,0.0,1,0,2
20260829,202607030308,S1C,win,1,カウンティフェア,21.2,35.4,1.018,1.701,0.904,5,100,0.0,1,0,2
20260829,202607030308,S1C,win,12,サヴァビアン,100.7,342.5,1.071,3.642,0.904,13,100,0.0,1,0,2
20260829,202607030308,S2,win,14,ダガーリング,4.2,2.6,0.731,0.453,0.904,7,100,0.0,1,0,2
20260829,202607030308,V1,place,14,ダガーリング,,,,,0.904,7,100,0.0,1,0,2
20260829,202607030308,V3,wide,6-14,トライアンフパス×ダガーリング,,,,,0.904,1/7,100,0.0,1,0,2
20260829,202607030309,S1,win,2,ブラッドムーン,11.6,15.8,1.181,1.608,0.912,7,100,0.0,1,0,2
20260829,202607030309,S1,win,7,リアンクトワ,22.9,24.2,1.205,1.274,0.912,5,100,0.0,1,0,2
20260829,202607030309,S1C,win,2,ブラッドムーン,11.6,15.8,1.181,1.608,0.912,7,100,0.0,1,0,2
20260829,202607030309,S1C,win,7,リアンクトワ,22.9,24.2,1.205,1.274,0.912,5,100,0.0,1,0,2
20260829,202607030309,S2,win,8,シエーナカラー,2.4,4.8,0.772,1.544,0.912,8,100,0.0,1,0,2
20260829,202607030309,V1,place,8,シエーナカラー,,,,,0.912,8,100,0.0,1,0,2
20260829,202607030309,V2,place,8,シエーナカラー,,,,,0.912,8,100,0.0,1,0,2
20260829,202607030309,V3,wide,4-8,セレーノ×シエーナカラー,,,,,0.912,1/8,100,0.0,1,0,2
20260829,202607030310,S1,win,3,ハッピーラブソング,77.6,194.4,3.544,8.879,0.912,8,100,0.0,1,0,2
20260829,202607030310,S1,win,11,アルプスオジョー,17.7,24.0,1.089,1.477,0.912,13,100,0.0,1,0,2
20260829,202607030310,S1C,win,3,ハッピーラブソング,77.6,194.4,3.544,8.879,0.912,8,100,0.0,1,0,2
20260829,202607030310,S1C,win,11,アルプスオジョー,17.7,24.0,1.089,1.477,0.912,13,100,0.0,1,0,2
20260829,202607030310,S2,win,4,タイニーワンダー,3.7,2.4,0.829,0.538,0.912,2,100,0.0,1,0,2
20260829,202607030310,V1,place,4,タイニーワンダー,,,,,0.912,2,100,140.0,1,0,2
20260829,202607030310,V3,wide,4-16,タイニーワンダー×ジャンヌドゥレーヴ,,,,,0.912,2/1,100,340.0,1,0,2
20260829,202607030311,S1,win,10,エイズルブルーム,14.8,31.2,1.025,2.161,0.875,6,100,0.0,1,0,2
20260829,202607030311,S1C,win,10,エイズルブルーム,14.8,31.2,1.025,2.161,0.875,6,100,0.0,1,0,2
20260829,202607030311,S1C,win,12,グローブアマランス,15.8,17.8,0.925,1.042,0.875,5,100,0.0,1,0,2
20260829,202607030311,S2,win,3,ファルカータ,2.1,2.3,0.818,0.896,0.875,9,100,0.0,1,0,2
20260829,202607030311,V1,place,3,ファルカータ,,,,,0.875,9,100,0.0,1,0,2
20260829,202607030311,V2,place,3,ファルカータ,,,,,0.875,9,100,0.0,1,0,2
20260829,202607030311,V3,wide,3-9,ファルカータ×ヴォーカライズ,,,,,0.875,9/1,100,0.0,1,0,2
20260829,202607030311,V4,trifecta,3-9-4,,,,,,,,100,0.0,1,0,1
20260829,202607030311,V4,trifecta,3-4-9,,,,,,,,100,0.0,1,0,1
20260829,202607030311,V4,trifecta,9-3-4,,,,,,,,100,0.0,1,0,1
20260829,202607030311,V4,trifecta,3-9-10,,,,,,,,100,0.0,1,0,1
20260829,202607030311,V4,trifecta,4-3-9,,,,,,,,100,0.0,1,0,1
20260829,202607030311,V4,trifecta,3-9-12,,,,,,,,100,0.0,1,0,1
20260829,202607030311,V4,trifecta,3-10-9,,,,,,,,100,0.0,1,0,1
20260829,202607030311,V4,trifecta,3-9-6,,,,,,,,100,0.0,1,0,1
20260829,202607030311,V4,trifecta,9-3-10,,,,,,,,100,0.0,1,0,1
20260829,202607030311,V4,trifecta,3-12-9,,,,,,,,100,0.0,1,0,1
20260829,202607030312,S1,win,6,ブクブクー,15.1,22.9,1.396,2.117,0.867,12,100,0.0,1,0,2
20260829,202607030312,S1,win,9,クロームクロス,40.5,49.5,1.002,1.225,0.867,10,100,0.0,1,0,2
20260829,202607030312,S1C,win,6,ブクブクー,15.1,22.9,1.396,2.117,0.867,12,100,0.0,1,0,2
20260829,202607030312,S1C,win,9,クロームクロス,40.5,49.5,1.002,1.225,0.867,10,100,0.0,1,0,2
20260829,202607030312,S1C,win,13,サマーナジュム,25.7,51.9,1.0,2.019,0.867,7,100,0.0,1,0,2
20260829,202607030312,S2,win,2,ゴールデンドラゴン,3.3,3.3,0.681,0.681,0.867,3,100,0.0,1,0,2
20260829,202607030312,V1,place,2,ゴールデンドラゴン,,,,,0.867,3,100,150.0,1,0,2
20260829,202607030312,V3,wide,1-2,クロレ×ゴールデンドラゴン,,,,,0.867,4/3,100,0.0,1,0,2
20260830,202601020401,S1,win,2,マーゴットクリュグ,18.1,18.6,1.223,1.257,0.909,8,100,0.0,1,0,2
20260830,202601020401,S1,win,13,ジーティービキニ,6.8,10.3,1.137,1.723,0.909,13,100,0.0,1,0,2
20260830,202601020401,S1C,win,2,マーゴットクリュグ,18.1,18.6,1.223,1.257,0.909,8,100,0.0,1,0,2
20260830,202601020401,S1C,win,13,ジーティービキニ,6.8,10.3,1.137,1.723,0.909,13,100,0.0,1,0,2
20260830,202601020401,S2,win,12,ブライトエンジェル,3.7,3.3,0.823,0.734,0.909,7,100,0.0,1,0,2
20260830,202601020401,V1,place,12,ブライトエンジェル,,,,,0.909,7,100,0.0,1,0,2
20260830,202601020401,V3,wide,7-12,エリカビアリッツ×ブライトエンジェル,,,,,0.909,3/7,100,0.0,1,0,2
20260830,202601020402,S2,win,12,ソニックアイル,1.7,1.7,0.763,0.763,0.704,4,100,0.0,1,0,2
20260830,202601020402,V1,place,12,ソニックアイル,,,,,0.704,4,100,0.0,1,0,2
20260830,202601020403,S1,win,2,サクセスブルー,17.8,17.1,1.195,1.148,0.909,3,100,0.0,1,0,2
20260830,202601020403,S1,win,3,ラスターヴァース,23.1,46.7,1.08,2.183,0.909,13,100,0.0,1,0,2
20260830,202601020403,S1,win,11,ダンツアラーム,55.5,81.8,1.152,1.698,0.909,5,100,0.0,1,0,2
20260830,202601020403,S1C,win,2,サクセスブルー,17.8,17.1,1.195,1.148,0.909,3,100,0.0,1,0,2
20260830,202601020403,S1C,win,3,ラスターヴァース,23.1,46.7,1.08,2.183,0.909,13,100,0.0,1,0,2
20260830,202601020403,S2,win,4,ポップアップ,3.4,3.3,0.775,0.753,0.909,1,100,330.0,1,0,2
20260830,202601020403,V1,place,4,ポップアップ,,,,,0.909,1,100,170.0,1,0,2
20260830,202601020403,V3,wide,4-7,ポップアップ×チャーチルデュース,,,,,0.909,1/7,100,0.0,1,0,2
20260830,202601020404,S1,win,3,コスモヘリアンサス,22.8,28.6,1.01,1.268,0.886,7,100,0.0,1,0,2
20260830,202601020404,S1,win,4,デルマフジ,6.8,3.8,1.139,0.637,0.886,1,100,380.0,1,0,2
20260830,202601020404,S1,win,11,アート,25.0,26.3,1.001,1.053,0.886,5,100,0.0,1,0,2
20260830,202601020404,S1,win,12,カリドーラ,22.3,16.0,1.373,0.985,0.886,6,100,0.0,1,0,2
20260830,202601020404,S1,win,15,エイシンリーガル,33.1,52.9,1.048,1.675,0.886,3,100,0.0,1,0,2
20260830,202601020404,S1C,win,3,コスモヘリアンサス,22.8,28.6,1.01,1.268,0.886,7,100,0.0,1,0,2
20260830,202601020404,S1C,win,4,デルマフジ,6.8,3.8,1.139,0.637,0.886,1,100,380.0,1,0,2
20260830,202601020404,S1C,win,11,アート,25.0,26.3,1.001,1.053,0.886,5,100,0.0,1,0,2
20260830,202601020404,S1C,win,12,カリドーラ,22.3,16.0,1.373,0.985,0.886,6,100,0.0,1,0,2
20260830,202601020404,S1C,win,15,エイシンリーガル,33.1,52.9,1.048,1.675,0.886,3,100,0.0,1,0,2
20260830,202601020404,S2,win,6,ギオンバヤシ,4.1,3.8,0.752,0.697,0.886,9,100,0.0,1,0,2
20260830,202601020404,V1,place,6,ギオンバヤシ,,,,,0.886,9,100,0.0,1,0,2
20260830,202601020404,V3,wide,6-10,ギオンバヤシ×メイショウライガ,,,,,0.886,9/15,100,0.0,1,0,2
20260830,202601020405,S1,win,5,トーセンイルン,19.2,18.7,1.092,1.063,0.569,3,100,0.0,1,0,2
20260830,202601020405,S1C,win,5,トーセンイルン,19.2,18.7,1.092,1.063,0.569,3,100,0.0,1,0,2
20260830,202601020405,S2,win,3,ヴァンクライ,2.5,1.7,0.871,0.592,0.569,1,100,170.0,1,0,2
20260830,202601020405,V1,place,3,ヴァンクライ,,,,,0.569,1,100,110.0,1,0,2
20260830,202601020406,S1,win,7,タイセイルビー,7.1,9.0,1.765,2.237,0.885,7,100,0.0,1,0,2
20260830,202601020406,S1,win,8,ヤマヤロード,42.0,298.3,1.358,9.648,0.885,11,100,0.0,1,0,2
20260830,202601020406,S1C,win,7,タイセイルビー,7.1,9.0,1.765,2.237,0.885,7,100,0.0,1,0,2
20260830,202601020406,S1C,win,8,ヤマヤロード,42.0,298.3,1.358,9.648,0.885,11,100,0.0,1,0,2
20260830,202601020406,S2,win,12,ルージュボニート,2.7,2.1,0.645,0.502,0.885,2,100,0.0,1,0,2
20260830,202601020406,S3,win,7,タイセイルビー,7.1,9.0,1.765,2.237,0.885,7,100,0.0,1,0,2
20260830,202601020406,S5C,win,7,タイセイルビー,7.1,9.0,1.765,2.237,0.885,7,100,0.0,1,0,2
20260830,202601020406,V1,place,12,ルージュボニート,,,,,0.885,2,100,120.0,1,0,2
20260830,202601020406,V3,wide,10-12,ヴェールミューズ×ルージュボニート,,,,,0.885,3/2,100,260.0,1,0,2
20260830,202601020407,S1,win,2,カップッチョ,52.1,191.4,1.038,3.812,0.897,9,100,0.0,1,0,2
20260830,202601020407,S1,win,4,アスコットアイ,22.1,54.3,1.136,2.79,0.897,8,100,0.0,1,0,2
20260830,202601020407,S1C,win,4,アスコットアイ,22.1,54.3,1.136,2.79,0.897,8,100,0.0,1,0,2
20260830,202601020407,S2,win,8,ワイドデコラシオン,1.7,2.5,0.759,1.116,0.897,3,100,0.0,1,0,2
20260830,202601020407,V1,place,8,ワイドデコラシオン,,,,,0.897,3,100,130.0,1,0,2
20260830,202601020407,V2,place,8,ワイドデコラシオン,,,,,0.897,3,100,130.0,1,0,2
20260830,202601020407,V3,wide,3-8,ヨドノゴールド×ワイドデコラシオン,,,,,0.897,5/3,100,0.0,1,0,2
20260830,202601020408,S2,win,12,ネッタイヤライ,5.1,2.9,0.779,0.443,0.894,1,100,290.0,1,0,2
20260830,202601020408,V1,place,12,ネッタイヤライ,,,,,0.894,1,100,140.0,1,0,2
20260830,202601020408,V3,wide,6-12,ファンクション×ネッタイヤライ,,,,,0.894,3/1,100,250.0,1,0,2
20260830,202601020409,S1,win,6,デルマホダカ,60.1,79.9,1.071,1.424,0.897,4,100,0.0,1,0,2
20260830,202601020409,S1,win,9,チェイサー,6.5,4.4,1.041,0.705,0.897,5,100,0.0,1,0,2
20260830,202601020409,S1C,win,9,チェイサー,6.5,4.4,1.041,0.705,0.897,5,100,0.0,1,0,2
20260830,202601020409,S2,win,8,サマーナイト,3.5,4.5,0.879,1.13,0.897,1,100,450.0,1,0,2
20260830,202601020409,V1,place,8,サマーナイト,,,,,0.897,1,100,150.0,1,0,2
20260830,202601020409,V2,place,8,サマーナイト,,,,,0.897,1,100,150.0,1,0,2
20260830,202601020409,V3,wide,8-10,サマーナイト×ブリオメンテ,,,,,0.897,1/2,100,290.0,1,0,2
20260830,202601020410,S1,win,13,フミサウンド,42.9,79.2,1.027,1.896,0.907,8,100,0.0,1,0,2
20260830,202601020410,S1C,win,13,フミサウンド,42.9,79.2,1.027,1.896,0.907,8,100,0.0,1,0,2
20260830,202601020410,S2,win,16,サトノワーグナー,3.9,3.6,0.882,0.814,0.907,1,100,360.0,1,0,2
20260830,202601020410,V1,place,16,サトノワーグナー,,,,,0.907,1,100,190.0,1,0,2
20260830,202601020410,V3,wide,7-16,セイウンデセオ×サトノワーグナー,,,,,0.907,14/1,100,0.0,1,0,2
20260830,202601020411,S1,win,1,アンビバレント,32.4,62.6,1.013,1.956,0.911,7,100,0.0,1,0,2
20260830,202601020411,S1C,win,1,アンビバレント,32.4,62.6,1.013,1.956,0.911,7,100,0.0,1,0,2
20260830,202601020411,S2,win,3,マジックローズ,4.6,5.7,0.821,1.018,0.911,12,100,0.0,1,0,2
20260830,202601020411,V1,place,3,マジックローズ,,,,,0.911,12,100,0.0,1,0,2
20260830,202601020411,V3,wide,3-13,マジックローズ×モンドデラモーレ,,,,,0.911,12/2,100,0.0,1,0,2
20260830,202601020411,V4,trifecta,3-9-13,,,,,,,,100,0.0,1,0,1
20260830,202601020411,V4,trifecta,3-13-9,,,,,,,,100,0.0,1,0,1
20260830,202601020411,V4,trifecta,9-3-13,,,,,,,,100,0.0,1,0,1
20260830,202601020411,V4,trifecta,13-3-9,,,,,,,,100,0.0,1,0,1
20260830,202601020411,V4,trifecta,9-13-3,,,,,,,,100,0.0,1,0,1
20260830,202601020411,V4,trifecta,13-9-3,,,,,,,,100,0.0,1,0,1
20260830,202601020411,V4,trifecta,3-9-10,,,,,,,,100,0.0,1,0,1
20260830,202601020411,V4,trifecta,3-9-4,,,,,,,,100,0.0,1,0,1
20260830,202601020411,V4,trifecta,9-3-10,,,,,,,,100,0.0,1,0,1
20260830,202601020411,V4,trifecta,9-3-4,,,,,,,,100,0.0,1,0,1
20260830,202601020412,S1,win,8,タビニュ,31.2,62.6,3.56,7.144,0.914,11,100,0.0,1,0,2
20260830,202601020412,S1,win,9,シーンオブドリーム,55.8,136.3,1.344,3.283,0.914,14,100,0.0,1,0,2
20260830,202601020412,S1C,win,8,タビニュ,31.2,62.6,3.56,7.144,0.914,11,100,0.0,1,0,2
20260830,202601020412,S1C,win,9,シーンオブドリーム,55.8,136.3,1.344,3.283,0.914,14,100,0.0,1,0,2
20260830,202601020412,S2,win,4,クオンタムスター,3.2,2.1,0.796,0.522,0.914,9,100,0.0,1,0,2
20260830,202601020412,S3,win,8,タビニュ,31.2,62.6,3.56,7.144,0.914,11,100,0.0,1,0,2
20260830,202601020412,S5C,win,8,タビニュ,31.2,62.6,3.56,7.144,0.914,11,100,0.0,1,0,2
20260830,202601020412,V1,place,4,クオンタムスター,,,,,0.914,9,100,0.0,1,0,2
20260830,202601020412,V3,wide,4-13,クオンタムスター×タケルフォーカス,,,,,0.914,9/1,100,0.0,1,0,2
20260830,202604030402,S2,win,3,ウラノグラフィア,3.3,2.5,0.718,0.544,0.56,1,100,250.0,1,0,2
20260830,202604030402,V1,place,3,ウラノグラフィア,,,,,0.56,1,100,130.0,1,0,2
20260830,202604030403,S2,win,5,エクスマキナ,2.1,2.4,0.821,0.938,0.698,2,100,0.0,1,0,2
20260830,202604030403,V1,place,5,エクスマキナ,,,,,0.698,2,100,110.0,1,0,2
20260830,202604030404,S2,win,2,チェスティーノ,1.4,1.7,0.798,0.969,0.583,1,100,170.0,1,0,2
20260830,202604030404,V1,place,2,チェスティーノ,,,,,0.583,1,100,110.0,1,0,2
20260830,202604030405,S1C,win,6,ラウンドヒル,25.7,32.0,0.952,1.186,0.895,13,100,0.0,1,0,2
20260830,202604030405,S2,win,16,ペルウィクトール,3.2,2.5,0.851,0.665,0.895,5,100,0.0,1,0,2
20260830,202604030405,V1,place,16,ペルウィクトール,,,,,0.895,5,100,0.0,1,0,2
20260830,202604030405,V2,place,16,ペルウィクトール,,,,,0.895,5,100,0.0,1,0,2
20260830,202604030405,V3,wide,11-16,オンナキュヌヴィ×ペルウィクトール,,,,,0.895,3/5,100,0.0,1,0,2
20260830,202604030406,S1,win,4,ニシノケンタマン,6.8,8.3,1.174,1.432,0.897,9,100,0.0,1,0,2
20260830,202604030406,S1,win,13,クロドラバール,40.0,180.5,1.364,6.153,0.897,4,100,0.0,1,0,2
20260830,202604030406,S1C,win,4,ニシノケンタマン,6.8,8.3,1.174,1.432,0.897,9,100,0.0,1,0,2
20260830,202604030406,S1C,win,10,フラッシング,26.8,136.4,0.921,4.689,0.897,8,100,0.0,1,0,2
20260830,202604030406,S1C,win,13,クロドラバール,40.0,180.5,1.364,6.153,0.897,4,100,0.0,1,0,2
20260830,202604030406,S2,win,2,ビービーアジャイル,2.4,1.9,0.757,0.599,0.897,1,100,190.0,1,0,2
20260830,202604030406,S5C,win,4,ニシノケンタマン,6.8,8.3,1.174,1.432,0.897,9,100,0.0,1,0,2
20260830,202604030406,V1,place,2,ビービーアジャイル,,,,,0.897,1,100,110.0,1,0,2
20260830,202604030406,V2,place,2,ビービーアジャイル,,,,,0.897,1,100,110.0,1,0,2
20260830,202604030406,V3,wide,2-3,ビービーアジャイル×オクトーバーナイン,,,,,0.897,1/13,100,0.0,1,0,2
20260830,202604030407,S1,win,4,シュバルツマサムネ,41.8,46.0,1.103,1.214,0.931,12,100,0.0,1,0,2
20260830,202604030407,S1,win,11,リンフレスカンテ,59.4,133.1,2.322,5.204,0.931,9,100,0.0,1,0,2
20260830,202604030407,S1C,win,4,シュバルツマサムネ,41.8,46.0,1.103,1.214,0.931,12,100,0.0,1,0,2
20260830,202604030407,S1C,win,11,リンフレスカンテ,59.4,133.1,2.322,5.204,0.931,9,100,0.0,1,0,2
20260830,202604030407,S2,win,3,チャリングクロス,2.7,3.5,0.764,0.991,0.931,7,100,0.0,1,0,2
20260830,202604030407,V1,place,3,チャリングクロス,,,,,0.931,7,100,0.0,1,0,2
20260830,202604030407,V2,place,3,チャリングクロス,,,,,0.931,7,100,0.0,1,0,2
20260830,202604030407,V3,wide,3-5,チャリングクロス×サダムオプシス,,,,,0.931,7/4,100,0.0,1,0,2
20260830,202604030408,S1,win,1,ボーンディスウェイ,55.7,85.1,2.847,4.35,0.931,7,100,0.0,1,0,2
20260830,202604030408,S1,win,8,ダノンシーマ,3.5,3.2,1.177,1.076,0.931,3,100,0.0,1,0,2
20260830,202604030408,S1C,win,1,ボーンディスウェイ,55.7,85.1,2.847,4.35,0.931,7,100,0.0,1,0,2
20260830,202604030408,S1C,win,8,ダノンシーマ,3.5,3.2,1.177,1.076,0.931,3,100,0.0,1,0,2
20260830,202604030408,S2,win,3,ロデオドライブ,4.2,3.7,0.734,0.647,0.931,2,100,0.0,1,0,2
20260830,202604030408,V1,place,3,ロデオドライブ,,,,,0.931,2,100,150.0,1,0,2
20260830,202604030408,V3,wide,3-5,ロデオドライブ×ゾロアストロ,,,,,0.931,2/1,100,400.0,1,0,2
20260830,202604030409,S1,win,7,リュウノタブーク,55.2,249.2,1.786,8.064,0.906,11,100,0.0,1,0,2
20260830,202604030409,S1,win,10,キントラダンサー,46.1,107.5,1.17,2.727,0.906,13,100,0.0,1,0,2
20260830,202604030409,S1,win,14,ケンキョ,43.5,114.5,1.557,4.098,0.906,10,100,0.0,1,0,2
20260830,202604030409,S1C,win,2,サトノアルペジオ,24.2,150.2,0.985,6.112,0.906,16,100,0.0,1,0,2
20260830,202604030409,S1C,win,7,リュウノタブーク,55.2,249.2,1.786,8.064,0.906,11,100,0.0,1,0,2
20260830,202604030409,S1C,win,10,キントラダンサー,46.1,107.5,1.17,2.727,0.906,13,100,0.0,1,0,2
20260830,202604030409,S1C,win,14,ケンキョ,43.5,114.5,1.557,4.098,0.906,10,100,0.0,1,0,2
20260830,202604030409,S2,win,16,スペルキャスター,6.4,8.3,0.987,1.28,0.906,5,100,0.0,1,0,2
20260830,202604030409,V1,place,16,スペルキャスター,,,,,0.906,5,100,0.0,1,0,2
20260830,202604030409,V3,wide,8-16,ハニーローリエ×スペルキャスター,,,,,0.906,14/5,100,0.0,1,0,2
20260830,202604030410,S1,win,7,カノープス,40.5,81.4,1.25,2.513,0.823,4,100,0.0,1,0,2
20260830,202604030410,S1C,win,2,ソナタムーンライト,24.2,134.0,0.993,5.501,0.823,11,100,0.0,1,0,2
20260830,202604030410,S1C,win,7,カノープス,40.5,81.4,1.25,2.513,0.823,4,100,0.0,1,0,2
20260830,202604030410,S2,win,1,カーボフリオ,5.0,11.8,0.984,2.323,0.823,5,100,0.0,1,0,2
20260830,202604030410,V1,place,1,カーボフリオ,,,,,0.823,5,100,0.0,1,0,2
20260830,202604030410,V3,wide,1-6,カーボフリオ×ロジキセキ,,,,,0.823,5/6,100,0.0,1,0,2
20260830,202604030411,S1,win,4,ナックホワイト,19.2,14.6,1.26,0.958,0.904,10,100,0.0,1,0,2
20260830,202604030411,S1C,win,4,ナックホワイト,19.2,14.6,1.26,0.958,0.904,10,100,0.0,1,0,2
20260830,202604030411,S2,win,10,タッセルノット,3.8,2.3,0.777,0.47,0.904,1,100,230.0,1,0,2
20260830,202604030411,V1,place,10,タッセルノット,,,,,0.904,1,100,120.0,1,0,2
20260830,202604030411,V3,wide,10-14,タッセルノット×アオイハルカ,,,,,0.904,1/除外,0,0.0,1,0,2
20260830,202604030411,V4,trifecta,14-10-8,,,,,,,,0,0.0,1,0,1
20260830,202604030411,V4,trifecta,10-14-8,,,,,,,,0,0.0,1,0,1
20260830,202604030411,V4,trifecta,14-8-10,,,,,,,,0,0.0,1,0,1
20260830,202604030411,V4,trifecta,8-14-10,,,,,,,,0,0.0,1,0,1
20260830,202604030411,V4,trifecta,10-8-14,,,,,,,,0,0.0,1,0,1
20260830,202604030411,V4,trifecta,8-10-14,,,,,,,,0,0.0,1,0,1
20260830,202604030411,V4,trifecta,14-10-11,,,,,,,,0,0.0,1,0,1
20260830,202604030411,V4,trifecta,10-14-11,,,,,,,,0,0.0,1,0,1
20260830,202604030411,V4,trifecta,14-10-4,,,,,,,,0,0.0,1,0,1
20260830,202604030411,V4,trifecta,14-10-2,,,,,,,,0,0.0,1,0,1
20260830,202604030412,S1,win,9,スマートブル,31.4,84.2,1.919,5.146,0.906,9,100,0.0,1,0,2
20260830,202604030412,S1C,win,9,スマートブル,31.4,84.2,1.919,5.146,0.906,9,100,0.0,1,0,2
20260830,202604030412,S2,win,6,ジャックナダル,1.9,2.5,0.842,1.108,0.906,1,100,250.0,1,0,2
20260830,202604030412,V1,place,6,ジャックナダル,,,,,0.906,1,100,110.0,1,0,2
20260830,202604030412,V2,place,6,ジャックナダル,,,,,0.906,1,100,110.0,1,0,2
20260830,202604030412,V3,wide,6-8,ジャックナダル×サトノエスケープ,,,,,0.906,1/2,100,220.0,1,0,2
20260830,202607030401,S1,win,3,スピーディスピン,5.5,6.9,1.019,1.278,0.638,7,100,0.0,1,0,2
20260830,202607030401,S1C,win,3,スピーディスピン,5.5,6.9,1.019,1.278,0.638,7,100,0.0,1,0,2
20260830,202607030401,S2,win,8,ヴィヴェローネ,1.8,1.5,0.798,0.665,0.638,1,100,150.0,1,0,2
20260830,202607030401,V1,place,8,ヴィヴェローネ,,,,,0.638,1,100,110.0,1,0,2
20260830,202607030402,S1,win,10,カフジポポー,24.2,24.2,1.113,1.113,0.559,10,100,0.0,1,0,2
20260830,202607030402,S1C,win,10,カフジポポー,24.2,24.2,1.113,1.113,0.559,10,100,0.0,1,0,2
20260830,202607030402,S2,win,2,シーラーステート,3.0,2.4,0.753,0.603,0.559,5,100,0.0,1,0,2
20260830,202607030402,V1,place,2,シーラーステート,,,,,0.559,5,100,0.0,1,0,2
20260830,202607030403,S1,win,11,ワンダーラヴグッド,33.4,138.3,1.111,4.602,0.567,8,100,0.0,1,0,2
20260830,202607030403,S1C,win,11,ワンダーラヴグッド,33.4,138.3,1.111,4.602,0.567,8,100,0.0,1,0,2
20260830,202607030403,S2,win,2,ブレイズフォート,5.4,3.9,0.764,0.551,0.567,9,100,0.0,1,0,2
20260830,202607030403,V1,place,2,ブレイズフォート,,,,,0.567,9,100,0.0,1,0,2
20260830,202607030404,S1,win,14,ウェンロック,18.3,15.7,1.139,0.978,0.86,10,100,0.0,1,0,2
20260830,202607030404,S1,win,15,サンロンブル,43.3,81.3,1.214,2.279,0.86,9,100,0.0,1,0,2
20260830,202607030404,S1C,win,14,ウェンロック,18.3,15.7,1.139,0.978,0.86,10,100,0.0,1,0,2
20260830,202607030404,S1C,win,15,サンロンブル,43.3,81.3,1.214,2.279,0.86,9,100,0.0,1,0,2
20260830,202607030404,S2,win,7,セッシュウ,1.7,1.5,0.797,0.703,0.86,1,100,150.0,1,0,2
20260830,202607030404,V1,place,7,セッシュウ,,,,,0.86,1,100,110.0,1,0,2
20260830,202607030404,V2,place,7,セッシュウ,,,,,0.86,1,100,110.0,1,0,2
20260830,202607030404,V3,wide,1-7,キングズテイル×セッシュウ,,,,,0.86,7/1,100,0.0,1,0,2
20260830,202607030405,S1,win,6,オーレアミスト,26.0,43.2,1.352,2.246,0.915,7,100,0.0,1,0,2
20260830,202607030405,S1C,win,6,オーレアミスト,26.0,43.2,1.352,2.246,0.915,7,100,0.0,1,0,2
20260830,202607030405,S2,win,10,アトモス,2.7,3.4,0.798,1.005,0.915,1,100,340.0,1,0,2
20260830,202607030405,V1,place,10,アトモス,,,,,0.915,1,100,180.0,1,0,2
20260830,202607030405,V2,place,10,アトモス,,,,,0.915,1,100,180.0,1,0,2
20260830,202607030405,V3,wide,3-10,ブームバップビート×アトモス,,,,,0.915,4/1,100,0.0,1,0,2
20260830,202607030406,S1,win,11,フームスムート,154.0,409.0,1.64,4.357,0.909,15,100,0.0,1,0,2
20260830,202607030406,S1,win,13,メイショウシナノ,25.5,49.3,1.169,2.26,0.909,12,100,0.0,1,0,2
20260830,202607030406,S1C,win,11,フームスムート,154.0,409.0,1.64,4.357,0.909,15,100,0.0,1,0,2
20260830,202607030406,S1C,win,13,メイショウシナノ,25.5,49.3,1.169,2.26,0.909,12,100,0.0,1,0,2
20260830,202607030406,S2,win,6,ビービークローサー,1.7,1.3,0.821,0.628,0.909,1,100,130.0,1,0,2
20260830,202607030406,V1,place,6,ビービークローサー,,,,,0.909,1,100,110.0,1,0,2
20260830,202607030406,V2,place,6,ビービークローサー,,,,,0.909,1,100,110.0,1,0,2
20260830,202607030406,V3,wide,6-9,ビービークローサー×リューデスハイム,,,,,0.909,1/9,100,0.0,1,0,2
20260830,202607030407,S2,win,9,ジーティーマイカ,2.0,1.7,0.809,0.687,0.789,1,100,170.0,1,0,2
20260830,202607030407,V1,place,9,ジーティーマイカ,,,,,0.789,1,100,110.0,1,0,2
20260830,202607030408,S1,win,6,ニュークレド,17.8,22.2,1.12,1.396,0.913,9,100,0.0,1,0,2
20260830,202607030408,S1,win,13,オルトパラティウム,20.4,37.9,1.073,1.994,0.913,11,100,0.0,1,0,2
20260830,202607030408,S1,win,14,ジュンライデン,23.6,55.0,1.533,3.572,0.913,8,100,0.0,1,0,2
20260830,202607030408,S1C,win,6,ニュークレド,17.8,22.2,1.12,1.396,0.913,9,100,0.0,1,0,2
20260830,202607030408,S1C,win,13,オルトパラティウム,20.4,37.9,1.073,1.994,0.913,11,100,0.0,1,0,2
20260830,202607030408,S1C,win,14,ジュンライデン,23.6,55.0,1.533,3.572,0.913,8,100,0.0,1,0,2
20260830,202607030408,S2,win,2,サガルマータ,4.0,3.7,0.739,0.683,0.913,10,100,0.0,1,0,2
20260830,202607030408,V1,place,2,サガルマータ,,,,,0.913,10,100,0.0,1,0,2
20260830,202607030408,V3,wide,1-2,ブレットパス×サガルマータ,,,,,0.913,7/10,100,0.0,1,0,2
20260830,202607030409,S1,win,3,キミガスキダ,7.2,7.3,1.019,1.034,0.867,2,100,0.0,1,0,2
20260830,202607030409,S1,win,11,スマートエトワール,18.0,21.2,1.362,1.604,0.867,11,100,0.0,1,0,2
20260830,202607030409,S1C,win,1,ベリベリハッピー,39.9,193.2,0.923,4.471,0.867,12,100,0.0,1,0,2
20260830,202607030409,S1C,win,11,スマートエトワール,18.0,21.2,1.362,1.604,0.867,11,100,0.0,1,0,2
20260830,202607030409,S2,win,10,アキノビューティー,5.0,2.8,0.758,0.424,0.867,1,100,280.0,1,0,2
20260830,202607030409,V1,place,10,アキノビューティー,,,,,0.867,1,100,150.0,1,0,2
20260830,202607030409,V3,wide,3-10,キミガスキダ×アキノビューティー,,,,,0.867,2/1,100,330.0,1,0,2
20260830,202607030410,S1,win,3,サイモンノーブル,23.3,109.0,1.251,5.852,0.893,6,100,0.0,1,0,2
20260830,202607030410,S1,win,7,シュエットアムール,42.4,285.1,1.254,8.431,0.893,9,100,0.0,1,0,2
20260830,202607030410,S1C,win,3,サイモンノーブル,23.3,109.0,1.251,5.852,0.893,6,100,0.0,1,0,2
20260830,202607030410,S1C,win,4,バーバラップ,23.4,42.0,0.926,1.661,0.893,10,100,0.0,1,0,2
20260830,202607030410,S1C,win,7,シュエットアムール,42.4,285.1,1.254,8.431,0.893,9,100,0.0,1,0,2
20260830,202607030410,S2,win,2,エテルノレガーメ,4.0,5.2,0.822,1.069,0.893,2,100,0.0,1,0,2
20260830,202607030410,V1,place,2,エテルノレガーメ,,,,,0.893,2,100,260.0,1,0,2
20260830,202607030410,V3,wide,2-10,エテルノレガーメ×ロードスタニング,,,,,0.893,2/5,100,0.0,1,0,2
20260830,202607030411,S1,win,2,トウカイジーク,17.8,20.6,1.073,1.241,0.86,6,100,0.0,1,0,2
20260830,202607030411,S1,win,7,ハピネスサンライズ,17.7,11.1,1.159,0.727,0.86,3,100,0.0,1,0,2
20260830,202607030411,S1,win,8,スイートポメロ,38.0,64.3,1.05,1.777,0.86,15,100,0.0,1,0,2
20260830,202607030411,S1,win,9,デルニエジョイ,13.1,25.6,1.122,2.192,0.86,8,100,0.0,1,0,2
20260830,202607030411,S1,win,14,モカプウイング,15.5,38.7,1.161,2.899,0.86,9,100,0.0,1,0,2
20260830,202607030411,S1,win,16,ボールドペイト,40.7,133.2,1.661,5.436,0.86,13,100,0.0,1,0,2
20260830,202607030411,S1C,win,2,トウカイジーク,17.8,20.6,1.073,1.241,0.86,6,100,0.0,1,0,2
20260830,202607030411,S1C,win,7,ハピネスサンライズ,17.7,11.1,1.159,0.727,0.86,3,100,0.0,1,0,2
20260830,202607030411,S1C,win,8,スイートポメロ,38.0,64.3,1.05,1.777,0.86,15,100,0.0,1,0,2
20260830,202607030411,S1C,win,14,モカプウイング,15.5,38.7,1.161,2.899,0.86,9,100,0.0,1,0,2
20260830,202607030411,S1C,win,16,ボールドペイト,40.7,133.2,1.661,5.436,0.86,13,100,0.0,1,0,2
20260830,202607030411,S2,win,17,カルロット,5.9,6.2,0.67,0.705,0.86,1,100,620.0,1,0,2
20260830,202607030411,V1,place,17,カルロット,,,,,0.86,1,100,230.0,1,0,2
20260830,202607030411,V3,wide,15-17,ミッキーラヴィータ×カルロット,,,,,0.86,7/1,100,0.0,1,0,2
20260830,202607030411,V4,trifecta,17-15-18,,,,,,,,100,0.0,1,0,1
20260830,202607030411,V4,trifecta,15-17-18,,,,,,,,100,0.0,1,0,1
20260830,202607030411,V4,trifecta,17-15-9,,,,,,,,100,0.0,1,0,1
20260830,202607030411,V4,trifecta,15-17-9,,,,,,,,100,0.0,1,0,1
20260830,202607030411,V4,trifecta,17-18-15,,,,,,,,100,0.0,1,0,1
20260830,202607030411,V4,trifecta,15-18-17,,,,,,,,100,0.0,1,0,1
20260830,202607030411,V4,trifecta,17-9-15,,,,,,,,100,0.0,1,0,1
20260830,202607030411,V4,trifecta,15-9-17,,,,,,,,100,0.0,1,0,1
20260830,202607030411,V4,trifecta,17-15-11,,,,,,,,100,0.0,1,0,1
20260830,202607030411,V4,trifecta,15-17-11,,,,,,,,100,0.0,1,0,1
20260830,202607030412,S1,win,5,モノノケ,27.9,107.3,1.462,5.622,0.894,13,100,0.0,1,0,2
20260830,202607030412,S1,win,10,グラスゴー,12.5,30.9,1.029,2.543,0.894,9,100,0.0,1,0,2
20260830,202607030412,S1,win,13,タイセイブロウ,15.0,21.0,1.01,1.413,0.894,8,100,0.0,1,0,2
20260830,202607030412,S1C,win,5,モノノケ,27.9,107.3,1.462,5.622,0.894,13,100,0.0,1,0,2
20260830,202607030412,S1C,win,7,ミスヘンリー,28.6,90.0,0.984,3.096,0.894,6,100,0.0,1,0,2
20260830,202607030412,S1C,win,13,タイセイブロウ,15.0,21.0,1.01,1.413,0.894,8,100,0.0,1,0,2
20260830,202607030412,S2,win,11,ヒルノプーリア,2.5,1.8,0.734,0.529,0.894,2,100,0.0,1,0,2
20260830,202607030412,V1,place,11,ヒルノプーリア,,,,,0.894,2,100,130.0,1,0,2
20260830,202607030412,V2,place,11,ヒルノプーリア,,,,,0.894,2,100,130.0,1,0,2
20260830,202607030412,V3,wide,11-12,ヒルノプーリア×ラヴネヴァーダイズ,,,,,0.894,2/11,100,0.0,1,0,2
20260905,202601020501,S1,win,2,シンゼンノト,7.3,14.3,1.194,2.339,0.629,4,100,0.0,1,0,2
20260905,202601020501,S1C,win,2,シンゼンノト,7.3,14.3,1.194,2.339,0.629,4,100,0.0,1,0,2
20260905,202601020501,S2,win,9,サトノフルーク,1.1,1.1,0.711,0.711,0.629,2,100,0.0,1,0,2
20260905,202601020501,V1,place,9,サトノフルーク,,,,,0.629,2,100,100.0,1,0,2
20260905,202601020502,S1,win,9,アルデシンザン,7.1,4.1,1.408,0.813,0.752,2,100,0.0,1,0,2
20260905,202601020502,S1C,win,9,アルデシンザン,7.1,4.1,1.408,0.813,0.752,2,100,0.0,1,0,2
20260905,202601020502,S2,win,11,ミハテヌユメ,1.6,2.1,0.721,0.946,0.752,1,100,210.0,1,0,2
20260905,202601020502,S3,win,9,アルデシンザン,7.1,4.1,1.408,0.813,0.752,2,100,0.0,1,0,2
20260905,202601020502,V1,place,11,ミハテヌユメ,,,,,0.752,1,100,120.0,1,0,2
20260905,202601020503,S1,win,6,スラッシュコード,48.9,165.2,1.12,3.782,0.888,10,100,0.0,1,0,2
20260905,202601020503,S1,win,10,スマートコーラル,23.8,19.9,1.192,0.996,0.888,4,100,0.0,1,0,2
20260905,202601020503,S1C,win,6,スラッシュコード,48.9,165.2,1.12,3.782,0.888,10,100,0.0,1,0,2
20260905,202601020503,S1C,win,10,スマートコーラル,23.8,19.9,1.192,0.996,0.888,4,100,0.0,1,0,2
20260905,202601020503,S2,win,4,アイビーミャーオ,2.0,2.9,0.784,1.136,0.888,12,100,0.0,1,0,2
20260905,202601020503,V1,place,4,アイビーミャーオ,,,,,0.888,12,100,0.0,1,0,2
20260905,202601020503,V2,place,4,アイビーミャーオ,,,,,0.888,12,100,0.0,1,0,2
20260905,202601020503,V3,wide,4-9,アイビーミャーオ×ナブッコ,,,,,0.888,12/3,100,0.0,1,0,2
20260905,202601020504,S1,win,2,テンユウ,6.4,17.6,1.07,2.942,0.899,11,100,0.0,1,0,2
20260905,202601020504,S1,win,6,アズライトアスール,6.4,6.9,1.008,1.086,0.899,2,100,0.0,1,0,2
20260905,202601020504,S1C,win,2,テンユウ,6.4,17.6,1.07,2.942,0.899,11,100,0.0,1,0,2
20260905,202601020504,S2,win,5,メイショウセンドウ,2.2,1.8,0.715,0.585,0.899,1,100,180.0,1,0,2
20260905,202601020504,V1,place,5,メイショウセンドウ,,,,,0.899,1,100,110.0,1,0,2
20260905,202601020504,V2,place,5,メイショウセンドウ,,,,,0.899,1,100,110.0,1,0,2
20260905,202601020504,V3,wide,2-5,テンユウ×メイショウセンドウ,,,,,0.899,11/1,100,0.0,1,0,2
20260905,202601020505,S1C,win,11,ジャスコヒラリアス,20.1,26.5,0.964,1.271,0.557,9,100,0.0,1,0,2
20260905,202601020505,S1C,win,12,ミーアキース,23.6,11.3,0.944,0.452,0.557,5,100,0.0,1,0,2
20260905,202601020505,S2,win,2,ローズファミリー,3.0,3.1,0.8,0.827,0.557,3,100,0.0,1,0,2
20260905,202601020505,V1,place,2,ローズファミリー,,,,,0.557,3,100,170.0,1,0,2
20260905,202601020506,S1,win,1,ハヤブサブロー,43.2,116.9,1.186,3.209,0.89,12,100,0.0,1,0,2
20260905,202601020506,S1,win,7,ヒメヒオウギ,13.8,15.7,1.016,1.156,0.89,10,100,0.0,1,0,2
20260905,202601020506,S1C,win,1,ハヤブサブロー,43.2,116.9,1.186,3.209,0.89,12,100,0.0,1,0,2
20260905,202601020506,S1C,win,4,ワダツミ,5.6,6.7,0.951,1.137,0.89,7,100,0.0,1,0,2
20260905,202601020506,S2,win,4,ワダツミ,5.6,6.7,0.951,1.137,0.89,7,100,0.0,1,0,2
20260905,202601020506,V1,place,4,ワダツミ,,,,,0.89,7,100,0.0,1,0,2
20260905,202601020506,V3,wide,4-8,ワダツミ×マンサニージャ,,,,,0.89,7/5,100,0.0,1,0,2
20260905,202601020507,S1C,win,9,グロリアス,19.3,86.0,0.909,4.052,0.897,10,100,0.0,1,0,2
20260905,202601020507,S2,win,6,ジェルブロア,5.7,5.2,0.695,0.634,0.897,1,100,520.0,1,0,2
20260905,202601020507,V1,place,6,ジェルブロア,,,,,0.897,1,100,160.0,1,0,2
20260905,202601020507,V3,wide,4-6,フリーヤ×ジェルブロア,,,,,0.897,3/1,100,630.0,1,0,2
20260905,202601020508,S1,win,2,リテラシー,999.9,,1.252,,0.894,取消,0,0.0,1,0,2
20260905,202601020508,S1C,win,2,リテラシー,999.9,,1.252,,0.894,取消,0,0.0,1,0,2
20260905,202601020508,S1C,win,11,ミスティマウンテン,5.6,5.8,0.973,1.008,0.894,3,100,0.0,1,0,2
20260905,202601020508,S2,win,7,ベルアズーロ,3.3,2.3,0.837,0.584,0.894,2,100,0.0,1,0,2
20260905,202601020508,V1,place,7,ベルアズーロ,,,,,0.894,2,100,140.0,1,0,2
20260905,202601020508,V2,place,7,ベルアズーロ,,,,,0.894,2,100,140.0,1,0,2
20260905,202601020508,V3,wide,4-7,ハイライトニング×ベルアズーロ,,,,,0.894,5/2,100,0.0,1,0,2
20260905,202601020509,S1,win,1,フリーガー,26.3,145.9,1.099,6.094,0.884,7,100,0.0,1,0,2
20260905,202601020509,S1,win,2,カージオイド,17.9,19.9,1.088,1.21,0.884,2,100,0.0,1,0,2
20260905,202601020509,S1,win,7,レイヌドプランタン,21.2,10.9,1.19,0.612,0.884,10,100,0.0,1,0,2
20260905,202601020509,S1,win,8,バズアップビート,5.9,8.7,1.142,1.684,0.884,12,100,0.0,1,0,2
20260905,202601020509,S1C,win,1,フリーガー,26.3,145.9,1.099,6.094,0.884,7,100,0.0,1,0,2
20260905,202601020509,S1C,win,2,カージオイド,17.9,19.9,1.088,1.21,0.884,2,100,0.0,1,0,2
20260905,202601020509,S1C,win,7,レイヌドプランタン,21.2,10.9,1.19,0.612,0.884,10,100,0.0,1,0,2
20260905,202601020509,S1C,win,8,バズアップビート,5.9,8.7,1.142,1.684,0.884,12,100,0.0,1,0,2
20260905,202601020509,S2,win,9,マイネルシンベリン,4.1,3.3,0.796,0.64,0.884,3,100,0.0,1,0,2
20260905,202601020509,V1,place,9,マイネルシンベリン,,,,,0.884,3,100,170.0,1,0,2
20260905,202601020509,V3,wide,8-9,バズアップビート×マイネルシンベリン,,,,,0.884,12/3,100,0.0,1,0,2
20260905,202601020510,S1,win,1,スイミーユニバンス,26.6,36.3,1.161,1.584,0.903,5,100,0.0,1,0,2
20260905,202601020510,S1,win,9,スムースベルベット,12.0,21.4,1.089,1.943,0.903,13,100,0.0,1,0,2
20260905,202601020510,S1C,win,1,スイミーユニバンス,26.6,36.3,1.161,1.584,0.903,5,100,0.0,1,0,2
20260905,202601020510,S1C,win,3,ニシノラヴァンダ,20.6,89.9,0.961,4.195,0.903,9,100,0.0,1,0,2
20260905,202601020510,S1C,win,15,ビーコング,23.8,52.1,0.949,2.077,0.903,8,100,0.0,1,0,2
20260905,202601020510,S2,win,5,レッドスティンガー,2.0,2.0,0.672,0.672,0.903,6,100,0.0,1,0,2
20260905,202601020510,V1,place,5,レッドスティンガー,,,,,0.903,6,100,0.0,1,0,2
20260905,202601020510,V2,place,5,レッドスティンガー,,,,,0.903,6,100,0.0,1,0,2
20260905,202601020510,V3,wide,5-11,レッドスティンガー×ビービーエフォート,,,,,0.903,6/3,100,0.0,1,0,2
20260905,202601020511,S1,win,1,テングカゼ,126.1,186.4,1.135,1.677,0.759,8,100,0.0,1,0,2
20260905,202601020511,S1C,win,1,テングカゼ,126.1,186.4,1.135,1.677,0.759,8,100,0.0,1,0,2
20260905,202601020511,S2,win,2,ショウナンガレオン,1.2,1.1,0.755,0.692,0.759,1,100,110.0,1,0,2
20260905,202601020511,V1,place,2,ショウナンガレオン,,,,,0.759,1,100,100.0,1,0,2
20260905,202601020511,V4,trifecta,2-8-4,,,,,,,,100,0.0,1,0,1
20260905,202601020511,V4,trifecta,2-8-3,,,,,,,,100,0.0,1,0,1
20260905,202601020511,V4,trifecta,2-8-6,,,,,,,,100,0.0,1,0,1
20260905,202601020511,V4,trifecta,2-4-8,,,,,,,,100,0.0,1,0,1
20260905,202601020511,V4,trifecta,2-3-8,,,,,,,,100,0.0,1,0,1
20260905,202601020512,S1,win,1,クラインシュミット,30.5,193.1,1.164,7.372,0.891,12,100,0.0,1,0,2
20260905,202601020512,S1C,win,1,クラインシュミット,30.5,193.1,1.164,7.372,0.891,12,100,0.0,1,0,2
20260905,202601020512,S1C,win,7,ウィンターガーデン,20.6,39.7,0.903,1.74,0.891,7,100,0.0,1,0,2
20260905,202601020512,S2,win,3,ミルボナー,3.9,2.4,0.807,0.496,0.891,9,100,0.0,1,0,2
20260905,202601020512,V1,place,3,ミルボナー,,,,,0.891,9,100,0.0,1,0,2
20260905,202601020512,V3,wide,3-4,ミルボナー×ララオウ,,,,,0.891,9/2,100,0.0,1,0,2
20260905,202606040102,S1,win,1,ティアップシャイン,138.1,224.7,1.217,1.981,0.897,11,100,0.0,1,0,2
20260905,202606040102,S1,win,5,シュガーシャック,41.2,96.7,1.802,4.23,0.897,9,100,0.0,1,0,2
20260905,202606040102,S1,win,10,マイネルヴェーゼン,33.4,46.2,1.131,1.565,0.897,8,100,0.0,1,0,2
20260905,202606040102,S1,win,15,ルージュフローラ,35.0,46.1,1.585,2.088,0.897,14,100,0.0,1,0,2
20260905,202606040102,S1C,win,1,ティアップシャイン,138.1,224.7,1.217,1.981,0.897,11,100,0.0,1,0,2
20260905,202606040102,S1C,win,5,シュガーシャック,41.2,96.7,1.802,4.23,0.897,9,100,0.0,1,0,2
20260905,202606040102,S1C,win,10,マイネルヴェーゼン,33.4,46.2,1.131,1.565,0.897,8,100,0.0,1,0,2
20260905,202606040102,S1C,win,15,ルージュフローラ,35.0,46.1,1.585,2.088,0.897,14,100,0.0,1,0,2
20260905,202606040102,S2,win,2,バンオンタイム,2.7,2.9,0.702,0.754,0.897,1,100,290.0,1,0,2
20260905,202606040102,V1,place,2,バンオンタイム,,,,,0.897,1,100,130.0,1,0,2
20260905,202606040102,V2,place,2,バンオンタイム,,,,,0.897,1,100,130.0,1,0,2
20260905,202606040102,V3,wide,2-8,バンオンタイム×ココナッツコースト,,,,,0.897,1/3,100,310.0,1,0,2
20260905,202606040103,S2,win,9,ユイノキャッツアイ,2.7,2.1,0.733,0.57,0.734,3,100,0.0,1,0,2
20260905,202606040103,V1,place,9,ユイノキャッツアイ,,,,,0.734,3,100,120.0,1,0,2
20260905,202606040104,S1C,win,9,アルスラーン,126.3,164.8,0.828,1.081,0.712,7,100,0.0,1,0,2
20260905,202606040104,S2,win,10,グルドロッティン,1.3,1.7,0.82,1.072,0.712,5,100,0.0,1,0,2
20260905,202606040104,V1,place,10,グルドロッティン,,,,,0.712,5,100,0.0,1,0,2
20260905,202606040105,S1,win,1,マイネルシードル,66.5,163.3,1.515,3.72,0.571,8,100,0.0,1,0,2
20260905,202606040105,S1C,win,1,マイネルシードル,66.5,163.3,1.515,3.72,0.571,8,100,0.0,1,0,2
20260905,202606040105,S1C,win,6,ヴェトロテンペスタ,4.0,4.1,0.997,1.022,0.571,1,100,410.0,1,0,2
20260905,202606040105,S2,win,8,インヴィディア,3.0,2.7,0.65,0.585,0.571,9,100,0.0,1,0,2
20260905,202606040105,V1,place,8,インヴィディア,,,,,0.571,9,100,0.0,1,0,2
20260905,202606040106,S2,win,10,ポッドビート,2.4,1.8,0.749,0.562,0.574,1,100,180.0,1,0,2
20260905,202606040106,V1,place,10,ポッドビート,,,,,0.574,1,100,110.0,1,0,2
20260905,202606040107,S1,win,5,ガードオブオナー,4.7,6.0,1.091,1.393,0.881,6,100,0.0,1,0,2
20260905,202606040107,S1C,win,2,カズシ,42.0,137.7,0.999,3.275,0.881,11,100,0.0,1,0,2
20260905,202606040107,S1C,win,5,ガードオブオナー,4.7,6.0,1.091,1.393,0.881,6,100,0.0,1,0,2
20260905,202606040107,S2,win,8,ピードモント,4.5,5.2,0.744,0.86,0.881,1,100,520.0,1,0,2
20260905,202606040107,V1,place,8,ピードモント,,,,,0.881,1,100,220.0,1,0,2
20260905,202606040107,V3,wide,8-15,ピードモント×ホウオウファミリー,,,,,0.881,1/2,100,410.0,1,0,2
20260905,202606040108,S1,win,3,マナマカナ,87.9,187.5,1.524,3.252,0.901,10,100,0.0,1,0,2
20260905,202606040108,S1,win,4,ノーブルミステリー,55.7,145.0,1.139,2.965,0.901,12,100,0.0,1,0,2
20260905,202606040108,S1,win,9,トキメキジニア,132.7,249.5,1.429,2.687,0.901,15,100,0.0,1,0,2
20260905,202606040108,S1,win,16,レインボーラッキー,27.0,36.9,1.399,1.913,0.901,9,100,0.0,1,0,2
20260905,202606040108,S1C,win,3,マナマカナ,87.9,187.5,1.524,3.252,0.901,10,100,0.0,1,0,2
20260905,202606040108,S1C,win,9,トキメキジニア,132.7,249.5,1.429,2.687,0.901,15,100,0.0,1,0,2
20260905,202606040108,S1C,win,16,レインボーラッキー,27.0,36.9,1.399,1.913,0.901,9,100,0.0,1,0,2
20260905,202606040108,S2,win,6,カンレイスター,4.4,3.6,0.756,0.619,0.901,2,100,0.0,1,0,2
20260905,202606040108,V1,place,6,カンレイスター,,,,,0.901,2,100,150.0,1,0,2
20260905,202606040108,V3,wide,6-12,カンレイスター×チェルシー,,,,,0.901,2/4,100,0.0,1,0,2
20260905,202606040109,S1,win,3,アレクレア,24.6,38.8,1.035,1.633,0.913,5,100,0.0,1,0,2
20260905,202606040109,S1,win,6,ロジルーラー,26.4,143.0,1.04,5.636,0.913,9,100,0.0,1,0,2
20260905,202606040109,S1C,win,3,アレクレア,24.6,38.8,1.035,1.633,0.913,5,100,0.0,1,0,2
20260905,202606040109,S1C,win,6,ロジルーラー,26.4,143.0,1.04,5.636,0.913,9,100,0.0,1,0,2
20260905,202606040109,S1C,win,10,ジャグアール,24.2,40.8,0.985,1.661,0.913,11,100,0.0,1,0,2
20260905,202606040109,S2,win,12,ゴディアーモ,3.3,3.5,0.792,0.84,0.913,10,100,0.0,1,0,2
20260905,202606040109,V1,place,12,ゴディアーモ,,,,,0.913,10,100,0.0,1,0,2
20260905,202606040109,V3,wide,12-14,ゴディアーモ×ペプチドドリーム,,,,,0.913,10/15,100,0.0,1,0,2
20260905,202606040110,S1C,win,12,ウチュウノセカイ,19.5,13.5,0.941,0.651,0.907,13,100,0.0,1,0,2
20260905,202606040110,S2,win,5,インプロペリア,1.8,1.5,0.86,0.717,0.907,2,100,0.0,1,0,2
20260905,202606040110,V1,place,5,インプロペリア,,,,,0.907,2,100,110.0,1,0,2
20260905,202606040110,V2,place,5,インプロペリア,,,,,0.907,2,100,110.0,1,0,2
20260905,202606040110,V3,wide,5-11,インプロペリア×タナスーペルノーバ,,,,,0.907,2/7,100,0.0,1,0,2
20260905,202606040111,S1,win,1,クルゼイロドスル,79.7,71.7,1.084,0.975,0.925,10,100,0.0,1,0,2
20260905,202606040111,S1,win,3,ドロップオブライト,20.5,14.1,1.12,0.77,0.925,3,100,0.0,1,0,2
20260905,202606040111,S1,win,6,ファンダム,7.4,7.2,1.076,1.047,0.925,4,100,0.0,1,0,2
20260905,202606040111,S1,win,14,リラボニート,73.6,87.8,1.188,1.417,0.925,12,100,0.0,1,0,2
20260905,202606040111,S1,win,16,ラケマーダ,148.6,295.8,1.039,2.069,0.925,14,100,0.0,1,0,2
20260905,202606040111,S1C,win,3,ドロップオブライト,20.5,14.1,1.12,0.77,0.925,3,100,0.0,1,0,2
20260905,202606040111,S1C,win,6,ファンダム,7.4,7.2,1.076,1.047,0.925,4,100,0.0,1,0,2
20260905,202606040111,S1C,win,14,リラボニート,73.6,87.8,1.188,1.417,0.925,12,100,0.0,1,0,2
20260905,202606040111,S1C,win,16,ラケマーダ,148.6,295.8,1.039,2.069,0.925,14,100,0.0,1,0,2
20260905,202606040111,S2,win,4,フォルテアンジェロ,5.5,4.7,0.754,0.644,0.925,6,100,0.0,1,0,2
20260905,202606040111,V1,place,4,フォルテアンジェロ,,,,,0.925,6,100,0.0,1,0,2
20260905,202606040111,V3,wide,4-7,フォルテアンジェロ×エコロブルーム,,,,,0.925,6/2,100,0.0,1,0,2
20260905,202606040111,V4,trifecta,6-4-10,,,,,,,,100,0.0,1,0,1
20260905,202606040111,V4,trifecta,6-4-9,,,,,,,,100,0.0,1,0,1
20260905,202606040111,V4,trifecta,4-6-10,,,,,,,,100,0.0,1,0,1
20260905,202606040111,V4,trifecta,4-6-9,,,,,,,,100,0.0,1,0,1
20260905,202606040111,V4,trifecta,6-10-4,,,,,,,,100,0.0,1,0,1
20260905,202606040111,V4,trifecta,6-9-4,,,,,,,,100,0.0,1,0,1
20260905,202606040111,V4,trifecta,4-10-6,,,,,,,,100,0.0,1,0,1
20260905,202606040111,V4,trifecta,4-9-6,,,,,,,,100,0.0,1,0,1
20260905,202606040111,V4,trifecta,10-6-4,,,,,,,,100,0.0,1,0,1
20260905,202606040111,V4,trifecta,9-6-4,,,,,,,,100,0.0,1,0,1
20260905,202606040112,S1,win,2,ピュール,6.3,27.3,1.058,4.585,0.906,12,100,0.0,1,0,2
20260905,202606040112,S1,win,8,ヴェネチアンキング,999.9,,1.241,,0.906,取消,0,0.0,1,0,2
20260905,202606040112,S1C,win,2,ピュール,6.3,27.3,1.058,4.585,0.906,12,100,0.0,1,0,2
20260905,202606040112,S1C,win,8,ヴェネチアンキング,999.9,,1.241,,0.906,取消,0,0.0,1,0,2
20260905,202606040112,S2,win,10,レイズレガシー,2.8,3.0,0.714,0.766,0.906,10,100,0.0,1,0,2
20260905,202606040112,V1,place,10,レイズレガシー,,,,,0.906,10,100,0.0,1,0,2
20260905,202606040112,V2,place,10,レイズレガシー,,,,,0.906,10,100,0.0,1,0,2
20260905,202606040112,V3,wide,10-14,レイズレガシー×トモジャシーマ,,,,,0.906,10/3,100,0.0,1,0,2
20260905,202609040101,S1,win,10,キモンミナリッチ,57.5,191.9,2.541,8.481,0.705,11,100,0.0,1,0,2
20260905,202609040101,S1C,win,10,キモンミナリッチ,57.5,191.9,2.541,8.481,0.705,11,100,0.0,1,0,2
20260905,202609040101,S2,win,9,マルモリマイベスト,4.4,5.5,0.837,1.046,0.705,2,100,0.0,1,0,2
20260905,202609040101,V1,place,9,マルモリマイベスト,,,,,0.705,2,100,160.0,1,0,2
20260905,202609040102,S1,win,4,ブックオブケルズ,3.4,2.2,1.034,0.669,0.634,2,100,0.0,1,0,2
20260905,202609040102,S1C,win,1,コパノマハロ,19.5,34.4,0.961,1.696,0.634,5,100,0.0,1,0,2
20260905,202609040102,S2,win,2,ティフォシ,2.1,2.2,0.606,0.635,0.634,1,100,220.00000000000003,1,0,2
20260905,202609040102,V1,place,2,ティフォシ,,,,,0.634,1,100,110.0,1,0,2
20260905,202609040103,S1C,win,6,ラッキーダイヤ,39.7,93.1,0.935,2.192,0.899,8,100,0.0,1,0,2
20260905,202609040103,S1C,win,8,デルマタカチホ,19.0,49.5,0.914,2.381,0.899,6,100,0.0,1,0,2
20260905,202609040103,S2,win,9,ラミエルノムスコ,2.5,2.4,0.925,0.888,0.899,3,100,0.0,1,0,2
20260905,202609040103,V1,place,9,ラミエルノムスコ,,,,,0.899,3,100,110.0,1,0,2
20260905,202609040103,V2,place,9,ラミエルノムスコ,,,,,0.899,3,100,110.0,1,0,2
20260905,202609040103,V3,wide,1-9,レッドフレーザー×ラミエルノムスコ,,,,,0.899,1/3,100,210.0,1,0,2
20260905,202609040104,S1,win,4,メイショウジーニー,56.4,254.5,1.376,6.211,0.856,13,100,0.0,1,0,2
20260905,202609040104,S1C,win,4,メイショウジーニー,56.4,254.5,1.376,6.211,0.856,13,100,0.0,1,0,2
20260905,202609040104,S1C,win,13,アステリアート,39.7,98.2,0.921,2.277,0.856,17,100,0.0,1,0,2
20260905,202609040104,S2,win,2,ビッグヒーロー,2.5,1.8,0.832,0.599,0.856,3,100,0.0,1,0,2
20260905,202609040104,V1,place,2,ビッグヒーロー,,,,,0.856,3,100,110.0,1,0,2
20260905,202609040104,V2,place,2,ビッグヒーロー,,,,,0.856,3,100,110.0,1,0,2
20260905,202609040104,V3,wide,2-12,ビッグヒーロー×バロッカネーラ,,,,,0.856,3/7,100,0.0,1,0,2
20260905,202609040105,S1,win,1,メイショウレイナ,19.0,70.3,1.113,4.117,0.566,11,100,0.0,1,0,2
20260905,202609040105,S1C,win,1,メイショウレイナ,19.0,70.3,1.113,4.117,0.566,11,100,0.0,1,0,2
20260905,202609040105,S1C,win,10,ルミナスシェリー,19.3,41.7,0.914,1.976,0.566,9,100,0.0,1,0,2
20260905,202609040105,S2,win,2,ブロッサムスピア,3.5,2.3,0.839,0.552,0.566,3,100,0.0,1,0,2
20260905,202609040105,V1,place,2,ブロッサムスピア,,,,,0.566,3,100,120.0,1,0,2
20260905,202609040106,S1,win,1,デザートキャンドル,15.0,39.4,1.11,2.915,0.56,1,100,3940.0,1,0,2
20260905,202609040106,S1C,win,1,デザートキャンドル,15.0,39.4,1.11,2.915,0.56,1,100,3940.0,1,0,2
20260905,202609040106,S2,win,11,サンライズモロヘイ,2.9,1.9,0.743,0.487,0.56,9,100,0.0,1,0,2
20260905,202609040106,V1,place,11,サンライズモロヘイ,,,,,0.56,9,100,0.0,1,0,2
20260905,202609040107,S1,win,5,ニシノトリビュート,12.1,12.7,1.191,1.251,0.897,5,100,0.0,1,0,2
20260905,202609040107,S1,win,9,クールフラン,23.2,34.5,1.497,2.226,0.897,12,100,0.0,1,0,2
20260905,202609040107,S1,win,10,モズイージス,34.6,129.3,1.097,4.1,0.897,9,100,0.0,1,0,2
20260905,202609040107,S1C,win,5,ニシノトリビュート,12.1,12.7,1.191,1.251,0.897,5,100,0.0,1,0,2
20260905,202609040107,S1C,win,9,クールフラン,23.2,34.5,1.497,2.226,0.897,12,100,0.0,1,0,2
20260905,202609040107,S1C,win,10,モズイージス,34.6,129.3,1.097,4.1,0.897,9,100,0.0,1,0,2
20260905,202609040107,S2,win,16,フロムレイブン,3.2,3.0,0.757,0.71,0.897,2,100,0.0,1,0,2
20260905,202609040107,V1,place,16,フロムレイブン,,,,,0.897,2,100,140.0,1,0,2
20260905,202609040107,V3,wide,4-16,ムーンリットアイル×フロムレイブン,,,,,0.897,3/2,100,410.0,1,0,2
20260905,202609040108,S1C,win,2,ウインヘリオドール,16.9,84.5,0.97,4.852,0.916,7,100,0.0,1,0,2
20260905,202609040108,S2,win,4,ダンツウルス,3.9,4.3,0.859,0.947,0.916,2,100,0.0,1,0,2
20260905,202609040108,V1,place,4,ダンツウルス,,,,,0.916,2,100,140.0,1,0,2
20260905,202609040108,V3,wide,1-4,キッコベッロ×ダンツウルス,,,,,0.916,6/2,100,0.0,1,0,2
20260905,202609040109,S1,win,3,ジーニアスバローズ,23.1,38.1,1.284,2.119,0.897,10,100,0.0,1,0,2
20260905,202609040109,S1,win,10,シュヴァルツリーベ,44.1,34.7,1.158,0.911,0.897,5,100,0.0,1,0,2
20260905,202609040109,S1C,win,3,ジーニアスバローズ,23.1,38.1,1.284,2.119,0.897,10,100,0.0,1,0,2
20260905,202609040109,S1C,win,10,シュヴァルツリーベ,44.1,34.7,1.158,0.911,0.897,5,100,0.0,1,0,2
20260905,202609040109,S2,win,6,システマソラー,2.9,1.7,0.898,0.526,0.897,3,100,0.0,1,0,2
20260905,202609040109,V1,place,6,システマソラー,,,,,0.897,3,100,110.0,1,0,2
20260905,202609040109,V2,place,6,システマソラー,,,,,0.897,3,100,110.0,1,0,2
20260905,202609040109,V3,wide,2-6,ジャイアンバローズ×システマソラー,,,,,0.897,1/3,100,170.0,1,0,2
20260905,202609040110,S1,win,2,エイカイマッケンロ,24.1,65.8,1.012,2.762,0.916,7,100,0.0,1,0,2
20260905,202609040110,S1C,win,2,エイカイマッケンロ,24.1,65.8,1.012,2.762,0.916,7,100,0.0,1,0,2
20260905,202609040110,S2,win,7,サウンドムーブ,1.3,1.2,0.799,0.737,0.916,3,100,0.0,1,0,2
20260905,202609040110,V1,place,7,サウンドムーブ,,,,,0.916,3,100,0.0,1,0,2
20260905,202609040110,V2,place,7,サウンドムーブ,,,,,0.916,3,100,0.0,1,0,2
20260905,202609040110,V3,wide,3-7,コルレオニス×サウンドムーブ,,,,,0.916,1/3,100,150.0,1,0,2
20260905,202609040111,S1,win,5,マニバドラ,7.0,10.3,1.042,1.533,0.92,10,100,0.0,1,0,2
20260905,202609040111,S1,win,11,リジル,7.3,5.8,1.027,0.816,0.92,7,100,0.0,1,0,2
20260905,202609040111,S1C,win,3,フェルヴェンテ,20.8,19.3,0.993,0.922,0.92,3,100,0.0,1,0,2
20260905,202609040111,S1C,win,5,マニバドラ,7.0,10.3,1.042,1.533,0.92,10,100,0.0,1,0,2
20260905,202609040111,S1C,win,8,トリリオンボーイ,14.4,21.4,0.98,1.456,0.92,6,100,0.0,1,0,2
20260905,202609040111,S2,win,2,ノーブルロジャー,5.4,6.8,0.781,0.983,0.92,2,100,0.0,1,0,2
20260905,202609040111,V1,place,2,ノーブルロジャー,,,,,0.92,2,100,230.0,1,0,2
20260905,202609040111,V3,wide,2-10,ノーブルロジャー×ルークススペイ,,,,,0.92,2/4,100,0.0,1,0,2
20260905,202609040111,V4,trifecta,5-2-11,,,,,,,,100,0.0,1,0,1
20260905,202609040111,V4,trifecta,2-5-11,,,,,,,,100,0.0,1,0,1
20260905,202609040111,V4,trifecta,5-11-2,,,,,,,,100,0.0,1,0,1
20260905,202609040111,V4,trifecta,5-2-10,,,,,,,,100,0.0,1,0,1
20260905,202609040111,V4,trifecta,11-5-2,,,,,,,,100,0.0,1,0,1
20260905,202609040111,V4,trifecta,2-11-5,,,,,,,,100,0.0,1,0,1
20260905,202609040111,V4,trifecta,2-5-10,,,,,,,,100,0.0,1,0,1
20260905,202609040111,V4,trifecta,5-10-2,,,,,,,,100,0.0,1,0,1
20260905,202609040111,V4,trifecta,11-2-5,,,,,,,,100,0.0,1,0,1
20260905,202609040111,V4,trifecta,2-10-5,,,,,,,,100,0.0,1,0,1
20260905,202609040112,S1,win,3,アーディアイリ,27.9,40.1,1.09,1.567,0.899,9,100,0.0,1,0,2
20260905,202609040112,S1C,win,3,アーディアイリ,27.9,40.1,1.09,1.567,0.899,9,100,0.0,1,0,2
20260905,202609040112,S1C,win,4,フィアーブル,26.1,25.7,0.918,0.904,0.899,8,100,0.0,1,0,2
20260905,202609040112,S2,win,12,エイシンティザー,2.2,3.0,0.824,1.124,0.899,2,100,0.0,1,0,2
20260905,202609040112,V1,place,12,エイシンティザー,,,,,0.899,2,100,130.0,1,0,2
20260905,202609040112,V2,place,12,エイシンティザー,,,,,0.899,2,100,130.0,1,0,2
20260905,202609040112,V3,wide,8-12,ハグレジョー×エイシンティザー,,,,,0.899,3/2,100,180.0,1,0,2
20260906,202601020601,S1,win,1,ルージュエピック,37.4,68.3,1.131,2.066,0.899,7,100,0.0,1,0,2
20260906,202601020601,S1,win,5,サンセリテ,19.4,16.4,1.156,0.977,0.899,6,100,0.0,1,0,2
20260906,202601020601,S1C,win,1,ルージュエピック,37.4,68.3,1.131,2.066,0.899,7,100,0.0,1,0,2
20260906,202601020601,S1C,win,5,サンセリテ,19.4,16.4,1.156,0.977,0.899,6,100,0.0,1,0,2
20260906,202601020601,S2,win,10,セラサイト,5.8,4.3,0.84,0.623,0.899,8,100,0.0,1,0,2
20260906,202601020601,V1,place,10,セラサイト,,,,,0.899,8,100,0.0,1,0,2
20260906,202601020601,V3,wide,3-10,エリカビアリッツ×セラサイト,,,,,0.899,4/8,100,0.0,1,0,2
20260906,202601020602,S1,win,10,ブライトシーン,40.7,95.0,1.009,2.355,0.686,6,100,0.0,1,0,2
20260906,202601020602,S1C,win,7,マサノブルスカイ,20.3,23.5,0.877,1.015,0.686,5,100,0.0,1,0,2
20260906,202601020602,S1C,win,10,ブライトシーン,40.7,95.0,1.009,2.355,0.686,6,100,0.0,1,0,2
20260906,202601020602,S2,win,2,ロゼプレミア,2.3,3.0,0.711,0.928,0.686,2,100,0.0,1,0,2
20260906,202601020602,V1,place,2,ロゼプレミア,,,,,0.686,2,100,120.0,1,0,2
20260906,202601020603,S2,win,8,マコトアディントン,4.1,6.9,0.886,1.49,0.894,2,100,0.0,1,0,2
20260906,202601020603,V1,place,8,マコトアディントン,,,,,0.894,2,100,210.0,1,0,2
20260906,202601020603,V3,wide,8-12,マコトアディントン×ヘイジュード,,,,,0.894,2/1,100,630.0,1,0,2
20260906,202601020604,S1,win,1,ロジスカヤ,17.2,18.2,1.249,1.321,0.901,6,100,0.0,1,0,2
20260906,202601020604,S1,win,10,ヒルノボローニャ,17.6,12.5,1.081,0.768,0.901,8,100,0.0,1,0,2
20260906,202601020604,S1,win,11,スピットブレイク,35.0,60.5,1.002,1.732,0.901,13,100,0.0,1,0,2
20260906,202601020604,S1,win,13,メーレスブリーゼ,45.8,119.3,1.256,3.272,0.901,15,100,0.0,1,0,2
20260906,202601020604,S1C,win,1,ロジスカヤ,17.2,18.2,1.249,1.321,0.901,6,100,0.0,1,0,2
20260906,202601020604,S1C,win,9,エンジェルサン,26.1,16.3,0.971,0.607,0.901,4,100,0.0,1,0,2
20260906,202601020604,S1C,win,10,ヒルノボローニャ,17.6,12.5,1.081,0.768,0.901,8,100,0.0,1,0,2
20260906,202601020604,S1C,win,13,メーレスブリーゼ,45.8,119.3,1.256,3.272,0.901,15,100,0.0,1,0,2
20260906,202601020604,S2,win,8,リアララ,3.2,4.4,0.683,0.94,0.901,3,100,0.0,1,0,2
20260906,202601020604,V1,place,8,リアララ,,,,,0.901,3,100,160.0,1,0,2
20260906,202601020604,V3,wide,2-8,メイショウテンジン×リアララ,,,,,0.901,1/3,100,480.0,1,0,2
20260906,202601020605,S1,win,6,ダイナソーコー,23.6,35.1,1.219,1.813,0.89,3,100,0.0,1,0,2
20260906,202601020605,S1,win,8,デイズインザサン,6.4,2.8,1.064,0.465,0.89,9,100,0.0,1,0,2
20260906,202601020605,S1C,win,6,ダイナソーコー,23.6,35.1,1.219,1.813,0.89,3,100,0.0,1,0,2
20260906,202601020605,S1C,win,8,デイズインザサン,6.4,2.8,1.064,0.465,0.89,9,100,0.0,1,0,2
20260906,202601020605,S1C,win,15,フクチャンブラック,23.2,67.0,0.924,2.669,0.89,10,100,0.0,1,0,2
20260906,202601020605,S2,win,10,ゴコウコイコイ,4.2,3.6,0.611,0.523,0.89,中止,100,0.0,1,0,2
20260906,202601020605,V1,place,10,ゴコウコイコイ,,,,,0.89,中止,100,0.0,1,0,2
20260906,202601020605,V3,wide,3-10,ゴールドエンバー×ゴコウコイコイ,,,,,0.89,8/中止,100,0.0,1,0,2
20260906,202601020606,S2,win,10,ロードヴィゴラス,2.5,5.9,0.741,1.748,0.891,1,100,590.0,1,0,2
20260906,202601020606,V1,place,10,ロードヴィゴラス,,,,,0.891,1,100,250.0,1,0,2
20260906,202601020606,V2,place,10,ロードヴィゴラス,,,,,0.891,1,100,250.0,1,0,2
20260906,202601020606,V3,wide,10-11,ロードヴィゴラス×ドリームガッサン,,,,,0.891,1/12,100,0.0,1,0,2
20260906,202601020607,S1,win,5,ペガサスノース,20.7,23.6,1.091,1.244,0.892,4,100,0.0,1,0,2
20260906,202601020607,S1,win,10,クレセントウイング,6.3,9.0,1.054,1.506,0.892,8,100,0.0,1,0,2
20260906,202601020607,S1,win,15,ルージュナリッシュ,23.1,58.0,1.328,3.334,0.892,16,100,0.0,1,0,2
20260906,202601020607,S1C,win,5,ペガサスノース,20.7,23.6,1.091,1.244,0.892,4,100,0.0,1,0,2
20260906,202601020607,S1C,win,10,クレセントウイング,6.3,9.0,1.054,1.506,0.892,8,100,0.0,1,0,2
20260906,202601020607,S1C,win,15,ルージュナリッシュ,23.1,58.0,1.328,3.334,0.892,16,100,0.0,1,0,2
20260906,202601020607,S2,win,10,クレセントウイング,6.3,9.0,1.054,1.506,0.892,8,100,0.0,1,0,2
20260906,202601020607,V1,place,10,クレセントウイング,,,,,0.892,8,100,0.0,1,0,2
20260906,202601020607,V3,wide,8-10,コスモファーブロス×クレセントウイング,,,,,0.892,5/8,100,0.0,1,0,2
20260906,202601020608,S1,win,4,タイキプレジール,7.6,19.9,1.238,3.242,0.894,5,100,0.0,1,0,2
20260906,202601020608,S1,win,10,レッドカメリア,45.5,212.9,1.147,5.367,0.894,12,100,0.0,1,0,2
20260906,202601020608,S1C,win,4,タイキプレジール,7.6,19.9,1.238,3.242,0.894,5,100,0.0,1,0,2
20260906,202601020608,S1C,win,10,レッドカメリア,45.5,212.9,1.147,5.367,0.894,12,100,0.0,1,0,2
20260906,202601020608,S2,win,11,ルールザウェイヴ,3.8,1.8,0.788,0.373,0.894,1,100,180.0,1,0,2
20260906,202601020608,S3,win,4,タイキプレジール,7.6,19.9,1.238,3.242,0.894,5,100,0.0,1,0,2
20260906,202601020608,S5C,win,4,タイキプレジール,7.6,19.9,1.238,3.242,0.894,5,100,0.0,1,0,2
20260906,202601020608,V1,place,11,ルールザウェイヴ,,,,,0.894,1,100,120.0,1,0,2
20260906,202601020608,V3,wide,11-14,ルールザウェイヴ×クリスレジーナ,,,,,0.894,1/11,100,0.0,1,0,2
20260906,202601020609,S1,win,8,コスモオピニオン,20.3,56.9,1.355,3.797,0.904,12,100,0.0,1,0,2
20260906,202601020609,S1C,win,8,コスモオピニオン,20.3,56.9,1.355,3.797,0.904,12,100,0.0,1,0,2
20260906,202601020609,S2,win,10,エスシービクトリア,3.5,1.9,0.759,0.412,0.904,1,100,190.0,1,0,2
20260906,202601020609,V1,place,10,エスシービクトリア,,,,,0.904,1,100,120.0,1,0,2
20260906,202601020609,V3,wide,4-10,リメンバーヒム×エスシービクトリア,,,,,0.904,4/1,100,0.0,1,0,2
20260906,202601020610,S1,win,2,ヒズマスターピース,7.2,9.6,1.019,1.359,0.862,7,100,0.0,1,0,2
20260906,202601020610,S1,win,4,ロートホルン,7.2,11.9,1.096,1.812,0.862,6,100,0.0,1,0,2
20260906,202601020610,S1C,win,4,ロートホルン,7.2,11.9,1.096,1.812,0.862,6,100,0.0,1,0,2
20260906,202601020610,S2,win,9,ハヤブササキチャン,3.9,2.6,0.748,0.499,0.862,1,100,260.0,1,0,2
20260906,202601020610,V1,place,9,ハヤブササキチャン,,,,,0.862,1,100,130.0,1,0,2
20260906,202601020610,V3,wide,3-9,ドッグウッド×ハヤブササキチャン,,,,,0.862,5/1,100,0.0,1,0,2
20260906,202601020611,S1,win,8,グランドカリナン,20.1,39.2,1.415,2.759,0.921,3,100,0.0,1,0,2
20260906,202601020611,S1,win,10,マイネルカンパーナ,15.1,16.7,1.214,1.343,0.921,6,100,0.0,1,0,2
20260906,202601020611,S1,win,11,ブレイヴロッカー,17.0,24.3,1.201,1.717,0.921,13,100,0.0,1,0,2
20260906,202601020611,S1C,win,8,グランドカリナン,20.1,39.2,1.415,2.759,0.921,3,100,0.0,1,0,2
20260906,202601020611,S1C,win,10,マイネルカンパーナ,15.1,16.7,1.214,1.343,0.921,6,100,0.0,1,0,2
20260906,202601020611,S1C,win,11,ブレイヴロッカー,17.0,24.3,1.201,1.717,0.921,13,100,0.0,1,0,2
20260906,202601020611,S2,win,1,レクスノヴァス,5.1,4.6,0.725,0.654,0.921,10,100,0.0,1,0,2
20260906,202601020611,V1,place,1,レクスノヴァス,,,,,0.921,10,100,0.0,1,0,2
20260906,202601020611,V3,wide,1-7,レクスノヴァス×コーチェラバレー,,,,,0.921,10/1,100,0.0,1,0,2
20260906,202601020611,V4,trifecta,1-12-7,,,,,,,,100,0.0,1,0,1
20260906,202601020611,V4,trifecta,1-7-12,,,,,,,,100,0.0,1,0,1
20260906,202601020611,V4,trifecta,12-1-7,,,,,,,,100,0.0,1,0,1
20260906,202601020611,V4,trifecta,7-1-12,,,,,,,,100,0.0,1,0,1
20260906,202601020611,V4,trifecta,12-7-1,,,,,,,,100,0.0,1,0,1
20260906,202601020611,V4,trifecta,7-12-1,,,,,,,,100,0.0,1,0,1
20260906,202601020611,V4,trifecta,1-12-10,,,,,,,,100,0.0,1,0,1
20260906,202601020611,V4,trifecta,12-1-10,,,,,,,,100,0.0,1,0,1
20260906,202601020611,V4,trifecta,1-7-10,,,,,,,,100,0.0,1,0,1
20260906,202601020611,V4,trifecta,1-10-12,,,,,,,,100,0.0,1,0,1
20260906,202601020612,S1,win,3,ロードスカイブルー,25.9,120.8,1.102,5.138,0.897,8,100,0.0,1,0,2
20260906,202601020612,S1,win,12,カップッチョ,42.5,217.6,2.71,13.873,0.897,12,100,0.0,1,0,2
20260906,202601020612,S1C,win,2,チェイサー,5.5,10.1,0.982,1.803,0.897,11,100,0.0,1,0,2
20260906,202601020612,S1C,win,3,ロードスカイブルー,25.9,120.8,1.102,5.138,0.897,8,100,0.0,1,0,2
20260906,202601020612,S1C,win,10,ココデイック,20.9,13.5,0.919,0.594,0.897,9,100,0.0,1,0,2
20260906,202601020612,S1C,win,12,カップッチョ,42.5,217.6,2.71,13.873,0.897,12,100,0.0,1,0,2
20260906,202601020612,S2,win,5,グレイスフルマーチ,2.6,2.9,0.617,0.688,0.897,3,100,0.0,1,0,2
20260906,202601020612,V1,place,5,グレイスフルマーチ,,,,,0.897,3,100,120.0,1,0,2
20260906,202601020612,V3,wide,2-5,チェイサー×グレイスフルマーチ,,,,,0.897,11/3,100,0.0,1,0,2
20260906,202606040202,S1,win,4,スリーフラワー,16.4,20.5,1.045,1.306,0.707,7,100,0.0,1,0,2
20260906,202606040202,S1C,win,4,スリーフラワー,16.4,20.5,1.045,1.306,0.707,7,100,0.0,1,0,2
20260906,202606040202,S2,win,1,アルデラッシュ,2.0,2.1,0.675,0.709,0.707,2,100,0.0,1,0,2
20260906,202606040202,V1,place,1,アルデラッシュ,,,,,0.707,2,100,120.0,1,0,2
20260906,202606040203,S1,win,6,ペタルズダンス,25.1,28.2,1.083,1.216,0.883,9,100,0.0,1,0,2
20260906,202606040203,S1,win,8,ペルシアーノ,76.4,84.1,1.307,1.439,0.883,12,100,0.0,1,0,2
20260906,202606040203,S1,win,10,コーリンクレア,28.3,26.1,1.054,0.972,0.883,8,100,0.0,1,0,2
20260906,202606040203,S1C,win,6,ペタルズダンス,25.1,28.2,1.083,1.216,0.883,9,100,0.0,1,0,2
20260906,202606040203,S1C,win,8,ペルシアーノ,76.4,84.1,1.307,1.439,0.883,12,100,0.0,1,0,2
20260906,202606040203,S1C,win,10,コーリンクレア,28.3,26.1,1.054,0.972,0.883,8,100,0.0,1,0,2
20260906,202606040203,S2,win,4,トルネードアイル,2.6,2.0,0.662,0.51,0.883,1,100,200.0,1,0,2
20260906,202606040203,V1,place,4,トルネードアイル,,,,,0.883,1,100,110.0,1,0,2
20260906,202606040203,V2,place,4,トルネードアイル,,,,,0.883,1,100,110.0,1,0,2
20260906,202606040203,V3,wide,4-11,トルネードアイル×ルシアージュ,,,,,0.883,1/2,100,280.0,1,0,2
20260906,202606040204,S1,win,13,ライヴマルガリータ,41.1,121.2,1.178,3.474,0.903,10,100,0.0,1,0,2
20260906,202606040204,S1,win,16,ニシノトマラナイ,32.0,146.7,1.039,4.762,0.903,16,100,0.0,1,0,2
20260906,202606040204,S1C,win,1,セイウンヤオヨロズ,16.2,21.4,0.925,1.222,0.903,3,100,0.0,1,0,2
20260906,202606040204,S1C,win,9,テリオスレイ,22.5,32.5,0.981,1.417,0.903,12,100,0.0,1,0,2
20260906,202606040204,S1C,win,11,サリーアン,26.4,41.4,0.998,1.566,0.903,8,100,0.0,1,0,2
20260906,202606040204,S1C,win,13,ライヴマルガリータ,41.1,121.2,1.178,3.474,0.903,10,100,0.0,1,0,2
20260906,202606040204,S1C,win,16,ニシノトマラナイ,32.0,146.7,1.039,4.762,0.903,16,100,0.0,1,0,2
20260906,202606040204,S2,win,14,スマートレイナ,3.8,2.8,0.721,0.531,0.903,5,100,0.0,1,0,2
20260906,202606040204,V1,place,14,スマートレイナ,,,,,0.903,5,100,0.0,1,0,2
20260906,202606040204,V3,wide,3-14,メビウスロマンス×スマートレイナ,,,,,0.903,7/5,100,0.0,1,0,2
20260906,202606040205,S1,win,15,マホロ,34.7,105.2,1.259,3.815,0.577,8,100,0.0,1,0,2
20260906,202606040205,S1C,win,13,ロイヤルガンモ,26.9,61.7,0.921,2.113,0.577,15,100,0.0,1,0,2
20260906,202606040205,S1C,win,15,マホロ,34.7,105.2,1.259,3.815,0.577,8,100,0.0,1,0,2
20260906,202606040205,S2,win,10,ローザヴェローナ,2.6,2.0,0.718,0.552,0.577,2,100,0.0,1,0,2
20260906,202606040205,V1,place,10,ローザヴェローナ,,,,,0.577,2,100,120.0,1,0,2
20260906,202606040206,S2,win,4,ハーモニープルーフ,4.0,3.5,0.867,0.759,0.566,11,100,0.0,1,0,2
20260906,202606040206,V1,place,4,ハーモニープルーフ,,,,,0.566,11,100,0.0,1,0,2
20260906,202606040207,S1,win,16,ブリックアブラック,36.5,51.8,1.121,1.59,0.893,6,100,0.0,1,0,2
20260906,202606040207,S1,win,17,ソフィア,49.5,202.3,1.999,8.168,0.893,14,100,0.0,1,0,2
20260906,202606040207,S1,win,18,ハルノアメ,39.3,55.1,1.936,2.714,0.893,9,100,0.0,1,0,2
20260906,202606040207,S1C,win,16,ブリックアブラック,36.5,51.8,1.121,1.59,0.893,6,100,0.0,1,0,2
20260906,202606040207,S1C,win,17,ソフィア,49.5,202.3,1.999,8.168,0.893,14,100,0.0,1,0,2
20260906,202606040207,S1C,win,18,ハルノアメ,39.3,55.1,1.936,2.714,0.893,9,100,0.0,1,0,2
20260906,202606040207,S2,win,8,ブラッキッシュ,2.1,1.5,0.764,0.545,0.893,5,100,0.0,1,0,2
20260906,202606040207,V1,place,8,ブラッキッシュ,,,,,0.893,5,100,0.0,1,0,2
20260906,202606040207,V2,place,8,ブラッキッシュ,,,,,0.893,5,100,0.0,1,0,2
20260906,202606040207,V3,wide,2-8,セキテイリノ×ブラッキッシュ,,,,,0.893,15/5,100,0.0,1,0,2
20260906,202606040208,S1,win,3,アイビーチーキー,20.4,21.2,1.014,1.054,0.907,9,100,0.0,1,0,2
20260906,202606040208,S1C,win,3,アイビーチーキー,20.4,21.2,1.014,1.054,0.907,9,100,0.0,1,0,2
20260906,202606040208,S2,win,6,タケルムサシ,5.8,14.3,0.907,2.236,0.907,5,100,0.0,1,0,2
20260906,202606040208,V1,place,6,タケルムサシ,,,,,0.907,5,100,0.0,1,0,2
20260906,202606040208,V3,wide,2-6,ノーウェアマン×タケルムサシ,,,,,0.907,8/5,100,0.0,1,0,2
20260906,202606040209,S2,win,16,ドントゥザムーン,2.3,2.7,0.805,0.945,0.899,13,100,0.0,1,0,2
20260906,202606040209,V1,place,16,ドントゥザムーン,,,,,0.899,13,100,0.0,1,0,2
20260906,202606040209,V2,place,16,ドントゥザムーン,,,,,0.899,13,100,0.0,1,0,2
20260906,202606040209,V3,wide,6-16,アスタールフナ×ドントゥザムーン,,,,,0.899,1/13,100,0.0,1,0,2
20260906,202606040210,S1,win,6,パクスロマーナ,6.9,3.8,1.222,0.673,0.92,1,100,380.0,1,0,2
20260906,202606040210,S1C,win,6,パクスロマーナ,6.9,3.8,1.222,0.673,0.92,1,100,380.0,1,0,2
20260906,202606040210,S2,win,8,カーヌスティ,2.2,2.7,0.762,0.936,0.92,2,100,0.0,1,0,2
20260906,202606040210,S3,win,6,パクスロマーナ,6.9,3.8,1.222,0.673,0.92,1,100,380.0,1,0,2
20260906,202606040210,S5C,win,6,パクスロマーナ,6.9,3.8,1.222,0.673,0.92,1,100,380.0,1,0,2
20260906,202606040210,V1,place,8,カーヌスティ,,,,,0.92,2,100,130.0,1,0,2
20260906,202606040210,V2,place,8,カーヌスティ,,,,,0.92,2,100,130.0,1,0,2
20260906,202606040210,V3,wide,5-8,フクチャンショウ×カーヌスティ,,,,,0.92,9/2,100,0.0,1,0,2
20260906,202606040211,S1,win,7,ロングトールサリー,36.8,56.9,1.179,1.823,0.922,11,100,0.0,1,0,2
20260906,202606040211,S1,win,8,ナイスプレーアスク,51.5,31.1,1.024,0.619,0.922,6,100,0.0,1,0,2
20260906,202606040211,S1C,win,7,ロングトールサリー,36.8,56.9,1.179,1.823,0.922,11,100,0.0,1,0,2
20260906,202606040211,S2,win,9,ドリームコア,2.2,2.5,0.87,0.989,0.922,3,100,0.0,1,0,2
20260906,202606040211,V1,place,9,ドリームコア,,,,,0.922,3,100,130.0,1,0,2
20260906,202606040211,V2,place,9,ドリームコア,,,,,0.922,3,100,130.0,1,0,2
20260906,202606040211,V3,wide,3-9,リアライズルミナス×ドリームコア,,,,,0.922,7/3,100,0.0,1,0,2
20260906,202606040211,V4,trifecta,9-3-10,,,,,,,,100,0.0,1,0,1
20260906,202606040211,V4,trifecta,9-10-3,,,,,,,,100,0.0,1,0,1
20260906,202606040211,V4,trifecta,3-9-10,,,,,,,,100,0.0,1,0,1
20260906,202606040211,V4,trifecta,10-9-3,,,,,,,,100,0.0,1,0,1
20260906,202606040211,V4,trifecta,9-3-2,,,,,,,,100,0.0,1,0,1
20260906,202606040211,V4,trifecta,9-3-5,,,,,,,,100,0.0,1,0,1
20260906,202606040211,V4,trifecta,3-10-9,,,,,,,,100,0.0,1,0,1
20260906,202606040211,V4,trifecta,9-2-3,,,,,,,,100,0.0,1,0,1
20260906,202606040211,V4,trifecta,9-3-11,,,,,,,,100,0.0,1,0,1
20260906,202606040211,V4,trifecta,10-3-9,,,,,,,,100,0.0,1,0,1
20260906,202606040212,S1,win,4,ブライティアブーケ,15.4,14.8,1.005,0.966,0.894,13,100,0.0,1,0,2
20260906,202606040212,S1,win,5,ルシェロアズーリ,12.2,11.2,1.256,1.154,0.894,7,100,0.0,1,0,2
20260906,202606040212,S1,win,15,クラディスティーナ,42.8,76.3,1.231,2.194,0.894,11,100,0.0,1,0,2
20260906,202606040212,S1C,win,5,ルシェロアズーリ,12.2,11.2,1.256,1.154,0.894,7,100,0.0,1,0,2
20260906,202606040212,S1C,win,15,クラディスティーナ,42.8,76.3,1.231,2.194,0.894,11,100,0.0,1,0,2
20260906,202606040212,S2,win,2,ファインサマーデイ,5.6,3.6,0.656,0.422,0.894,5,100,0.0,1,0,2
20260906,202606040212,S3,win,5,ルシェロアズーリ,12.2,11.2,1.256,1.154,0.894,7,100,0.0,1,0,2
20260906,202606040212,S5C,win,5,ルシェロアズーリ,12.2,11.2,1.256,1.154,0.894,7,100,0.0,1,0,2
20260906,202606040212,V1,place,2,ファインサマーデイ,,,,,0.894,5,100,0.0,1,0,2
20260906,202606040212,V3,wide,2-6,ファインサマーデイ×ホウオウショコラ,,,,,0.894,5/8,100,0.0,1,0,2
20260906,202609040201,S2,win,1,ルースソラール,2.5,2.4,0.946,0.909,0.766,1,100,240.0,1,0,2
20260906,202609040201,V1,place,1,ルースソラール,,,,,0.766,1,100,110.0,1,0,2
20260906,202609040202,S1,win,6,パスリヤージュ,87.9,246.3,1.577,4.418,0.892,7,100,0.0,1,0,2
20260906,202609040202,S1,win,7,リアライズステラ,35.5,269.3,1.024,7.765,0.892,15,100,0.0,1,0,2
20260906,202609040202,S1,win,10,ラッキーヴォーグ,33.5,19.7,2.785,1.638,0.892,9,100,0.0,1,0,2
20260906,202609040202,S1,win,11,サカトクフェイス,29.0,102.0,1.432,5.038,0.892,11,100,0.0,1,0,2
20260906,202609040202,S1C,win,6,パスリヤージュ,87.9,246.3,1.577,4.418,0.892,7,100,0.0,1,0,2
20260906,202609040202,S1C,win,7,リアライズステラ,35.5,269.3,1.024,7.765,0.892,15,100,0.0,1,0,2
20260906,202609040202,S1C,win,10,ラッキーヴォーグ,33.5,19.7,2.785,1.638,0.892,9,100,0.0,1,0,2
20260906,202609040202,S1C,win,11,サカトクフェイス,29.0,102.0,1.432,5.038,0.892,11,100,0.0,1,0,2
20260906,202609040202,S2,win,16,マカロンブルー,5.5,7.4,0.638,0.858,0.892,8,100,0.0,1,0,2
20260906,202609040202,V1,place,16,マカロンブルー,,,,,0.892,8,100,0.0,1,0,2
20260906,202609040202,V3,wide,8-16,ナムラロダン×マカロンブルー,,,,,0.892,3/8,100,0.0,1,0,2
20260906,202609040203,S1,win,3,カセノコンコルド,27.9,40.3,1.599,2.31,0.908,6,100,0.0,1,0,2
20260906,202609040203,S1,win,9,ジューンマーチ,34.1,31.3,1.914,1.757,0.908,11,100,0.0,1,0,2
20260906,202609040203,S1C,win,3,カセノコンコルド,27.9,40.3,1.599,2.31,0.908,6,100,0.0,1,0,2
20260906,202609040203,S1C,win,9,ジューンマーチ,34.1,31.3,1.914,1.757,0.908,11,100,0.0,1,0,2
20260906,202609040203,S2,win,14,アラムシャピラス,2.1,2.4,0.724,0.828,0.908,1,100,240.0,1,0,2
20260906,202609040203,V1,place,14,アラムシャピラス,,,,,0.908,1,100,110.0,1,0,2
20260906,202609040203,V2,place,14,アラムシャピラス,,,,,0.908,1,100,110.0,1,0,2
20260906,202609040203,V3,wide,14-15,アラムシャピラス×アスクハッピーマン,,,,,0.908,1/4,100,0.0,1,0,2
20260906,202609040204,S1,win,5,レイワノキセキ,60.5,267.1,1.074,4.743,0.834,2,100,0.0,1,0,2
20260906,202609040204,S1,win,10,グリミスティ,49.9,96.7,1.222,2.369,0.834,5,100,0.0,1,0,2
20260906,202609040204,S1,win,12,ウィスピア,18.2,29.4,1.07,1.728,0.834,14,100,0.0,1,0,2
20260906,202609040204,S1,win,16,ノチェブエナ,41.8,81.9,2.111,4.137,0.834,11,100,0.0,1,0,2
20260906,202609040204,S1C,win,10,グリミスティ,49.9,96.7,1.222,2.369,0.834,5,100,0.0,1,0,2
20260906,202609040204,S1C,win,12,ウィスピア,18.2,29.4,1.07,1.728,0.834,14,100,0.0,1,0,2
20260906,202609040204,S1C,win,16,ノチェブエナ,41.8,81.9,2.111,4.137,0.834,11,100,0.0,1,0,2
20260906,202609040204,S2,win,3,ティタノマキア,2.4,1.9,0.787,0.623,0.834,1,100,190.0,1,0,2
20260906,202609040204,V1,place,3,ティタノマキア,,,,,0.834,1,100,110.0,1,0,2
20260906,202609040204,V2,place,3,ティタノマキア,,,,,0.834,1,100,110.0,1,0,2
20260906,202609040204,V3,wide,3-15,ティタノマキア×クロスボーダー,,,,,0.834,1/8,100,0.0,1,0,2
20260906,202609040205,S1C,win,7,ルージュムーサ,16.8,69.2,0.983,4.05,0.569,8,100,0.0,1,0,2
20260906,202609040205,S2,win,9,ハートノート,2.5,2.0,0.808,0.647,0.569,2,100,0.0,1,0,2
20260906,202609040205,V1,place,9,ハートノート,,,,,0.569,2,100,110.0,1,0,2
20260906,202609040206,S1,win,1,フェルシナ,20.8,49.3,1.146,2.717,0.894,6,100,0.0,1,0,2
20260906,202609040206,S1,win,2,ヴェントステラーレ,41.5,143.5,1.584,5.477,0.894,12,100,0.0,1,0,2
20260906,202609040206,S1,win,7,マクノス,19.7,20.9,1.078,1.143,0.894,1,100,2090.0,1,0,2
20260906,202609040206,S1C,win,1,フェルシナ,20.8,49.3,1.146,2.717,0.894,6,100,0.0,1,0,2
20260906,202609040206,S1C,win,2,ヴェントステラーレ,41.5,143.5,1.584,5.477,0.894,12,100,0.0,1,0,2
20260906,202609040206,S1C,win,7,マクノス,19.7,20.9,1.078,1.143,0.894,1,100,2090.0,1,0,2
20260906,202609040206,S2,win,9,シュネルアンジュ,1.8,1.4,0.725,0.564,0.894,5,100,0.0,1,0,2
20260906,202609040206,V1,place,9,シュネルアンジュ,,,,,0.894,5,100,0.0,1,0,2
20260906,202609040206,V2,place,9,シュネルアンジュ,,,,,0.894,5,100,0.0,1,0,2
20260906,202609040206,V3,wide,5-9,インマイポケット×シュネルアンジュ,,,,,0.894,11/5,100,0.0,1,0,2
20260906,202609040207,S1,win,6,リガーレ,13.0,14.5,1.001,1.116,0.899,10,100,0.0,1,0,2
20260906,202609040207,S1,win,11,マイコンチェルト,49.6,134.2,1.236,3.343,0.899,8,100,0.0,1,0,2
20260906,202609040207,S1C,win,11,マイコンチェルト,49.6,134.2,1.236,3.343,0.899,8,100,0.0,1,0,2
20260906,202609040207,S2,win,1,エレガンスアスク,2.3,2.4,0.889,0.927,0.899,2,100,0.0,1,0,2
20260906,202609040207,V1,place,1,エレガンスアスク,,,,,0.899,2,100,170.0,1,0,2
20260906,202609040207,V2,place,1,エレガンスアスク,,,,,0.899,2,100,170.0,1,0,2
20260906,202609040207,V3,wide,1-3,エレガンスアスク×マゲバスピード,,,,,0.899,2/12,100,0.0,1,0,2
20260906,202609040208,S1,win,5,ショウナンバルドル,19.8,19.1,1.504,1.451,0.906,3,100,0.0,1,0,2
20260906,202609040208,S1C,win,5,ショウナンバルドル,19.8,19.1,1.504,1.451,0.906,3,100,0.0,1,0,2
20260906,202609040208,S2,win,6,バルセシート,1.6,1.4,0.767,0.671,0.906,5,100,0.0,1,0,2
20260906,202609040208,V1,place,6,バルセシート,,,,,0.906,5,100,0.0,1,0,2
20260906,202609040208,V2,place,6,バルセシート,,,,,0.906,5,100,0.0,1,0,2
20260906,202609040208,V3,wide,1-6,テーオーアルアイン×バルセシート,,,,,0.906,1/5,100,0.0,1,0,2
20260906,202609040209,S1,win,12,レーンアジリティ,55.6,121.8,1.242,2.72,0.901,8,100,0.0,1,0,2
20260906,202609040209,S1,win,16,スターチスブーケ,32.8,225.2,1.621,11.129,0.901,16,100,0.0,1,0,2
20260906,202609040209,S1C,win,12,レーンアジリティ,55.6,121.8,1.242,2.72,0.901,8,100,0.0,1,0,2
20260906,202609040209,S1C,win,13,ミランド,26.1,45.9,0.948,1.667,0.901,4,100,0.0,1,0,2
20260906,202609040209,S1C,win,16,スターチスブーケ,32.8,225.2,1.621,11.129,0.901,16,100,0.0,1,0,2
20260906,202609040209,S2,win,3,ボーントゥウォリア,2.9,2.6,0.684,0.613,0.901,3,100,0.0,1,0,2
20260906,202609040209,V1,place,3,ボーントゥウォリア,,,,,0.901,3,100,150.0,1,0,2
20260906,202609040209,V3,wide,3-10,ボーントゥウォリア×ブラックレジェンド,,,,,0.901,3/6,100,0.0,1,0,2
20260906,202609040210,S2,win,5,テーオーグレーザー,2.8,1.9,0.697,0.473,0.907,6,100,0.0,1,0,2
20260906,202609040210,V1,place,5,テーオーグレーザー,,,,,0.907,6,100,0.0,1,0,2
20260906,202609040210,V3,wide,5-10,テーオーグレーザー×ウルスクローム,,,,,0.907,6/2,100,0.0,1,0,2
20260906,202609040211,S1,win,10,ヤブサメ,56.0,74.7,1.423,1.898,0.884,9,100,0.0,1,0,2
20260906,202609040211,S1,win,12,レッドモンレーヴ,18.0,24.1,1.055,1.412,0.884,16,100,0.0,1,0,2
20260906,202609040211,S1C,win,10,ヤブサメ,56.0,74.7,1.423,1.898,0.884,9,100,0.0,1,0,2
20260906,202609040211,S1C,win,12,レッドモンレーヴ,18.0,24.1,1.055,1.412,0.884,16,100,0.0,1,0,2
20260906,202609040211,S1C,win,15,ビッグシーザー,23.3,28.6,0.929,1.14,0.884,13,100,0.0,1,0,2
20260906,202609040211,S2,win,3,フリッカージャブ,3.3,2.8,0.656,0.557,0.884,1,100,280.0,1,0,2
20260906,202609040211,V1,place,3,フリッカージャブ,,,,,0.884,1,100,130.0,1,0,2
20260906,202609040211,V3,wide,3-8,フリッカージャブ×ファストネットワーク,,,,,0.884,1/15,100,0.0,1,0,2
20260906,202609040211,V4,trifecta,3-8-9,,,,,,,,100,0.0,1,0,1
20260906,202609040211,V4,trifecta,8-3-9,,,,,,,,100,0.0,1,0,1
20260906,202609040211,V4,trifecta,3-9-8,,,,,,,,100,0.0,1,0,1
20260906,202609040211,V4,trifecta,8-9-3,,,,,,,,100,0.0,1,0,1
20260906,202609040211,V4,trifecta,9-3-8,,,,,,,,100,0.0,1,0,1
20260906,202609040211,V4,trifecta,9-8-3,,,,,,,,100,0.0,1,0,1
20260906,202609040211,V4,trifecta,3-8-5,,,,,,,,100,0.0,1,0,1
20260906,202609040211,V4,trifecta,8-3-5,,,,,,,,100,0.0,1,0,1
20260906,202609040211,V4,trifecta,3-5-8,,,,,,,,100,0.0,1,0,1
20260906,202609040211,V4,trifecta,8-5-3,,,,,,,,100,0.0,1,0,1
20260906,202609040212,S1,win,5,スーパージョック,28.5,93.1,1.002,3.274,0.907,7,100,0.0,1,0,2
20260906,202609040212,S1,win,6,ダイシンリンク,18.5,14.8,1.135,0.908,0.907,4,100,0.0,1,0,2
20260906,202609040212,S1C,win,5,スーパージョック,28.5,93.1,1.002,3.274,0.907,7,100,0.0,1,0,2
20260906,202609040212,S1C,win,6,ダイシンリンク,18.5,14.8,1.135,0.908,0.907,4,100,0.0,1,0,2
20260906,202609040212,S1C,win,7,ポッドドンナー,26.9,19.2,0.904,0.645,0.907,8,100,0.0,1,0,2
20260906,202609040212,S2,win,10,ピカラ,3.8,2.5,0.812,0.534,0.907,2,100,0.0,1,0,2
20260906,202609040212,V1,place,10,ピカラ,,,,,0.907,2,100,150.0,1,0,2
20260906,202609040212,V3,wide,10-13,ピカラ×フェンダー,,,,,0.907,2/1,100,2180.0,1,0,2
20260912,202606040301,S2,win,2,ソラニワラエバ,3.1,2.8,0.83,0.75,0.713,6,100,0.0,1,0,2
20260912,202606040301,V1,place,2,ソラニワラエバ,,,,,0.713,6,100,0.0,1,0,2
20260912,202606040302,S1,win,8,アミノショコラ,42.7,171.7,1.368,5.502,0.644,10,100,0.0,1,0,2
20260912,202606040302,S1,win,12,ビシット,56.4,224.4,1.123,4.469,0.644,11,100,0.0,1,0,2
20260912,202606040302,S1C,win,8,アミノショコラ,42.7,171.7,1.368,5.502,0.644,10,100,0.0,1,0,2
20260912,202606040302,S2,win,9,ヨドノプレミアム,4.1,3.3,0.746,0.6,0.644,5,100,0.0,1,0,2
20260912,202606040302,V1,place,9,ヨドノプレミアム,,,,,0.644,5,100,0.0,1,0,2
20260912,202606040303,S1,win,2,セイウンヤオヨロズ,7.8,6.3,1.122,0.906,0.862,9,100,0.0,1,0,2
20260912,202606040303,S1,win,13,エンジェルサン,12.9,13.1,1.21,1.229,0.862,2,100,0.0,1,0,2
20260912,202606040303,S1,win,14,ブルーダイヤシチー,27.7,45.6,1.013,1.667,0.862,14,100,0.0,1,0,2
20260912,202606040303,S1,win,16,ポンテヴェッキオ,36.7,79.4,1.097,2.373,0.862,15,100,0.0,1,0,2
20260912,202606040303,S1C,win,2,セイウンヤオヨロズ,7.8,6.3,1.122,0.906,0.862,9,100,0.0,1,0,2
20260912,202606040303,S1C,win,13,エンジェルサン,12.9,13.1,1.21,1.229,0.862,2,100,0.0,1,0,2
20260912,202606040303,S1C,win,14,ブルーダイヤシチー,27.7,45.6,1.013,1.667,0.862,14,100,0.0,1,0,2
20260912,202606040303,S1C,win,16,ポンテヴェッキオ,36.7,79.4,1.097,2.373,0.862,15,100,0.0,1,0,2
20260912,202606040303,S2,win,8,ハングローズ,4.2,4.8,0.71,0.811,0.862,3,100,0.0,1,0,2
20260912,202606040303,V1,place,8,ハングローズ,,,,,0.862,3,100,160.0,1,0,2
20260912,202606040303,V3,wide,8-15,ハングローズ×ミッキーサウザンド,,,,,0.862,3/1,100,490.0,1,0,2
20260912,202606040304,S1,win,3,シルバープレミア,22.9,30.3,1.132,1.498,0.872,5,100,0.0,1,0,2
20260912,202606040304,S1,win,9,タイキヴィグルーズ,78.5,192.4,1.952,4.784,0.872,15,100,0.0,1,0,2
20260912,202606040304,S1,win,18,ベルバード,28.7,57.2,1.425,2.839,0.872,14,100,0.0,1,0,2
20260912,202606040304,S1C,win,3,シルバープレミア,22.9,30.3,1.132,1.498,0.872,5,100,0.0,1,0,2
20260912,202606040304,S1C,win,9,タイキヴィグルーズ,78.5,192.4,1.952,4.784,0.872,15,100,0.0,1,0,2
20260912,202606040304,S1C,win,18,ベルバード,28.7,57.2,1.425,2.839,0.872,14,100,0.0,1,0,2
20260912,202606040304,S2,win,2,ミナヅキ,3.7,2.7,0.812,0.593,0.872,2,100,0.0,1,0,2
20260912,202606040304,V1,place,2,ミナヅキ,,,,,0.872,2,100,170.0,1,0,2
20260912,202606040304,V3,wide,2-16,ミナヅキ×ヒシナスキロ,,,,,0.872,2/12,100,0.0,1,0,2
20260912,202606040305,S1,win,11,アルレーヴ,65.5,143.1,1.92,4.194,0.574,11,100,0.0,1,0,2
20260912,202606040305,S1C,win,4,ブルードロップ,6.2,5.4,0.99,0.862,0.574,2,100,0.0,1,0,2
20260912,202606040305,S1C,win,11,アルレーヴ,65.5,143.1,1.92,4.194,0.574,11,100,0.0,1,0,2
20260912,202606040305,S2,win,8,サトノハクマイ,2.0,1.6,0.735,0.588,0.574,1,100,160.0,1,0,2
20260912,202606040305,V1,place,8,サトノハクマイ,,,,,0.574,1,100,110.0,1,0,2
20260912,202606040306,S1,win,9,ロンドンコーリング,19.5,20.4,1.102,1.153,0.569,8,100,0.0,1,0,2
20260912,202606040306,S1C,win,9,ロンドンコーリング,19.5,20.4,1.102,1.153,0.569,8,100,0.0,1,0,2
20260912,202606040306,S2,win,1,レーヴデリオン,1.6,1.4,0.777,0.679,0.569,4,100,0.0,1,0,2
20260912,202606040306,V1,place,1,レーヴデリオン,,,,,0.569,4,100,0.0,1,0,2
20260912,202606040307,S1,win,13,レッドジェルブロワ,17.7,58.3,1.28,4.217,0.888,15,100,0.0,1,0,2
20260912,202606040307,S1,win,16,カーボフリオ,14.7,34.8,1.152,2.727,0.888,8,100,0.0,1,0,2
20260912,202606040307,S1C,win,13,レッドジェルブロワ,17.7,58.3,1.28,4.217,0.888,15,100,0.0,1,0,2
20260912,202606040307,S1C,win,15,テンカラットレター,21.9,64.2,0.898,2.632,0.888,10,100,0.0,1,0,2
20260912,202606040307,S1C,win,16,カーボフリオ,14.7,34.8,1.152,2.727,0.888,8,100,0.0,1,0,2
20260912,202606040307,S2,win,14,カシマライフウ,5.3,2.3,0.749,0.325,0.888,1,100,230.0,1,0,2
20260912,202606040307,V1,place,14,カシマライフウ,,,,,0.888,1,100,160.0,1,0,2
20260912,202606040307,V3,wide,3-14,ゴールドプレイヤー×カシマライフウ,,,,,0.888,5/1,100,0.0,1,0,2
20260912,202606040308,S1,win,6,パーリーブラック,39.7,93.8,1.356,3.203,0.889,12,100,0.0,1,0,2
20260912,202606040308,S1C,win,6,パーリーブラック,39.7,93.8,1.356,3.203,0.889,12,100,0.0,1,0,2
20260912,202606040308,S1C,win,14,フォンドルレール,22.2,59.0,0.967,2.571,0.889,11,100,0.0,1,0,2
20260912,202606040308,S2,win,1,ヴァルカンテソーロ,4.3,3.6,0.686,0.574,0.889,5,100,0.0,1,0,2
20260912,202606040308,V1,place,1,ヴァルカンテソーロ,,,,,0.889,5,100,0.0,1,0,2
20260912,202606040308,V3,wide,1-8,ヴァルカンテソーロ×マイネルアウルム,,,,,0.889,5/6,100,0.0,1,0,2
20260912,202606040309,S1,win,9,イブニングタイド,34.5,51.0,1.461,2.16,0.894,10,100,0.0,1,0,2
20260912,202606040309,S1C,win,9,イブニングタイド,34.5,51.0,1.461,2.16,0.894,10,100,0.0,1,0,2
20260912,202606040309,S2,win,12,シャンソンドール,3.0,2.7,0.804,0.724,0.894,2,100,0.0,1,0,2
20260912,202606040309,V1,place,12,シャンソンドール,,,,,0.894,2,100,120.0,1,0,2
20260912,202606040309,V2,place,12,シャンソンドール,,,,,0.894,2,100,120.0,1,0,2
20260912,202606040309,V3,wide,2-12,ロケベンドラ×シャンソンドール,,,,,0.894,1/2,100,290.0,1,0,2
20260912,202606040310,S1,win,5,アマイ,14.4,19.1,1.033,1.37,0.922,1,100,1910.0,1,0,2
20260912,202606040310,S1,win,7,キントリヒ,26.4,76.5,1.202,3.483,0.922,4,100,0.0,1,0,2
20260912,202606040310,S1C,win,7,キントリヒ,26.4,76.5,1.202,3.483,0.922,4,100,0.0,1,0,2
20260912,202606040310,S1C,win,11,キーパフォーマー,20.0,29.9,0.967,1.446,0.922,10,100,0.0,1,0,2
20260912,202606040310,S2,win,1,デルアヴァー,4.5,4.6,0.711,0.727,0.922,7,100,0.0,1,0,2
20260912,202606040310,V1,place,1,デルアヴァー,,,,,0.922,7,100,0.0,1,0,2
20260912,202606040310,V3,wide,1-2,デルアヴァー×マイネルブリックス,,,,,0.922,7/2,100,0.0,1,0,2
20260912,202606040311,S1,win,3,イスラアネーロ,72.0,101.9,1.32,1.868,0.922,10,100,0.0,1,0,2
20260912,202606040311,S1,win,7,バグラダス,19.0,31.9,1.382,2.321,0.922,13,100,0.0,1,0,2
20260912,202606040311,S1,win,11,ブラウンラチェット,17.5,31.2,1.017,1.813,0.922,12,100,0.0,1,0,2
20260912,202606040311,S1,win,13,ショウナンアビアス,18.7,21.7,1.169,1.356,0.922,5,100,0.0,1,0,2
20260912,202606040311,S1,win,15,ユキマル,7.7,6.3,1.046,0.856,0.922,1,100,630.0,1,0,2
20260912,202606040311,S1C,win,3,イスラアネーロ,72.0,101.9,1.32,1.868,0.922,10,100,0.0,1,0,2
20260912,202606040311,S1C,win,7,バグラダス,19.0,31.9,1.382,2.321,0.922,13,100,0.0,1,0,2
20260912,202606040311,S1C,win,11,ブラウンラチェット,17.5,31.2,1.017,1.813,0.922,12,100,0.0,1,0,2
20260912,202606040311,S1C,win,13,ショウナンアビアス,18.7,21.7,1.169,1.356,0.922,5,100,0.0,1,0,2
20260912,202606040311,S1C,win,15,ユキマル,7.7,6.3,1.046,0.856,0.922,1,100,630.0,1,0,2
20260912,202606040311,S2,win,10,ゲイルライダー,7.2,3.7,0.771,0.396,0.922,4,100,0.0,1,0,2
20260912,202606040311,V1,place,10,ゲイルライダー,,,,,0.922,4,100,0.0,1,0,2
20260912,202606040311,V3,wide,9-10,ブレーザー×ゲイルライダー,,,,,0.922,6/4,100,0.0,1,0,2
20260912,202606040311,V4,trifecta,15-10-9,,,,,,,,100,0.0,1,0,1
20260912,202606040311,V4,trifecta,15-9-10,,,,,,,,100,0.0,1,0,1
20260912,202606040311,V4,trifecta,10-15-9,,,,,,,,100,0.0,1,0,1
20260912,202606040311,V4,trifecta,9-15-10,,,,,,,,100,0.0,1,0,1
20260912,202606040311,V4,trifecta,10-9-15,,,,,,,,100,0.0,1,0,1
20260912,202606040311,V4,trifecta,9-10-15,,,,,,,,100,0.0,1,0,1
20260912,202606040311,V4,trifecta,15-10-14,,,,,,,,100,0.0,1,0,1
20260912,202606040311,V4,trifecta,15-9-14,,,,,,,,100,0.0,1,0,1
20260912,202606040311,V4,trifecta,15-14-10,,,,,,,,100,0.0,1,0,1
20260912,202606040311,V4,trifecta,10-15-14,,,,,,,,100,0.0,1,0,1
20260912,202606040312,S1,win,3,ナリノシャーウッド,6.7,15.6,1.041,2.425,0.912,15,100,0.0,1,0,2
20260912,202606040312,S1,win,7,タリスマン,39.7,74.3,1.01,1.89,0.912,8,100,0.0,1,0,2
20260912,202606040312,S1,win,15,カーマンライン,71.7,125.1,1.347,2.35,0.912,5,100,0.0,1,0,2
20260912,202606040312,S1,win,16,スーパーホース,40.4,155.4,1.08,4.152,0.912,13,100,0.0,1,0,2
20260912,202606040312,S1C,win,1,タイセツナヒ,25.6,45.3,0.924,1.635,0.912,11,100,0.0,1,0,2
20260912,202606040312,S1C,win,3,ナリノシャーウッド,6.7,15.6,1.041,2.425,0.912,15,100,0.0,1,0,2
20260912,202606040312,S1C,win,7,タリスマン,39.7,74.3,1.01,1.89,0.912,8,100,0.0,1,0,2
20260912,202606040312,S1C,win,15,カーマンライン,71.7,125.1,1.347,2.35,0.912,5,100,0.0,1,0,2
20260912,202606040312,S1C,win,16,スーパーホース,40.4,155.4,1.08,4.152,0.912,13,100,0.0,1,0,2
20260912,202606040312,S2,win,12,ユアフェリシティ,2.4,2.4,0.728,0.728,0.912,2,100,0.0,1,0,2
20260912,202606040312,V1,place,12,ユアフェリシティ,,,,,0.912,2,100,150.0,1,0,2
20260912,202606040312,V2,place,12,ユアフェリシティ,,,,,0.912,2,100,150.0,1,0,2
20260912,202606040312,V3,wide,12-14,ユアフェリシティ×ヨドノタイヨウ,,,,,0.912,2/10,100,0.0,1,0,2
20260912,202609040302,S1,win,2,ハルカカナタ,6.2,6.3,1.202,1.221,0.66,3,100,0.0,1,0,2
20260912,202609040302,S1C,win,2,ハルカカナタ,6.2,6.3,1.202,1.221,0.66,3,100,0.0,1,0,2
20260912,202609040302,S2,win,5,ショウナンバトレニ,1.2,1.3,0.698,0.756,0.66,1,100,130.0,1,0,2
20260912,202609040302,S3,win,2,ハルカカナタ,6.2,6.3,1.202,1.221,0.66,3,100,0.0,1,0,2
20260912,202609040302,V1,place,5,ショウナンバトレニ,,,,,0.66,1,100,110.0,1,0,2
20260912,202609040303,S2,win,7,ホットロッドハート,1.9,1.6,0.87,0.733,0.631,1,100,160.0,1,0,2
20260912,202609040303,V1,place,7,ホットロッドハート,,,,,0.631,1,100,140.0,1,0,2
20260912,202609040304,S1,win,8,バックドラフト,13.4,15.3,1.1,1.256,0.845,7,100,0.0,1,0,2
20260912,202609040304,S1,win,9,ファランギーナ,6.9,6.7,1.07,1.039,0.845,16,100,0.0,1,0,2
20260912,202609040304,S1,win,13,イルミナジーティー,17.8,15.8,1.187,1.054,0.845,10,100,0.0,1,0,2
20260912,202609040304,S1C,win,1,ランスオブラヴ,23.5,66.4,0.896,2.532,0.845,6,100,0.0,1,0,2
20260912,202609040304,S1C,win,9,ファランギーナ,6.9,6.7,1.07,1.039,0.845,16,100,0.0,1,0,2
20260912,202609040304,S1C,win,13,イルミナジーティー,17.8,15.8,1.187,1.054,0.845,10,100,0.0,1,0,2
20260912,202609040304,S2,win,2,テンダーワーズ,4.8,5.2,0.818,0.886,0.845,5,100,0.0,1,0,2
20260912,202609040304,V1,place,2,テンダーワーズ,,,,,0.845,5,100,0.0,1,0,2
20260912,202609040304,V3,wide,2-9,テンダーワーズ×ファランギーナ,,,,,0.845,5/16,100,0.0,1,0,2
20260912,202609040305,S2,win,9,ルーメンルーナエ,2.2,1.9,0.819,0.707,0.586,2,100,0.0,1,0,2
20260912,202609040305,V1,place,9,ルーメンルーナエ,,,,,0.586,2,100,110.0,1,0,2
20260912,202609040306,S1,win,6,ミンコフスキー,15.1,10.3,1.064,0.726,0.56,3,100,0.0,1,0,2
20260912,202609040306,S1C,win,6,ミンコフスキー,15.1,10.3,1.064,0.726,0.56,3,100,0.0,1,0,2
20260912,202609040306,S2,win,7,キフクマル,2.6,7.5,0.734,2.117,0.56,5,100,0.0,1,0,2
20260912,202609040306,V1,place,7,キフクマル,,,,,0.56,5,100,0.0,1,0,2
20260912,202609040307,S1,win,2,ファイナルコマンド,18.0,118.6,1.014,6.679,0.907,14,100,0.0,1,0,2
20260912,202609040307,S1,win,3,メイショウヒタカミ,26.1,41.1,1.201,1.891,0.907,4,100,0.0,1,0,2
20260912,202609040307,S1,win,6,マイベスティー,28.2,13.1,1.056,0.49,0.907,5,100,0.0,1,0,2
20260912,202609040307,S1,win,9,イッタレイッタレ,6.2,8.9,1.007,1.446,0.907,1,100,890.0,1,0,2
20260912,202609040307,S1,win,12,ビーアイジーニー,33.1,82.4,1.123,2.796,0.907,8,100,0.0,1,0,2
20260912,202609040307,S1C,win,2,ファイナルコマンド,18.0,118.6,1.014,6.679,0.907,14,100,0.0,1,0,2
20260912,202609040307,S1C,win,3,メイショウヒタカミ,26.1,41.1,1.201,1.891,0.907,4,100,0.0,1,0,2
20260912,202609040307,S1C,win,6,マイベスティー,28.2,13.1,1.056,0.49,0.907,5,100,0.0,1,0,2
20260912,202609040307,S1C,win,12,ビーアイジーニー,33.1,82.4,1.123,2.796,0.907,8,100,0.0,1,0,2
20260912,202609040307,S2,win,9,イッタレイッタレ,6.2,8.9,1.007,1.446,0.907,1,100,890.0,1,0,2
20260912,202609040307,V1,place,9,イッタレイッタレ,,,,,0.907,1,100,290.0,1,0,2
20260912,202609040307,V3,wide,4-9,ナムラロダン×イッタレイッタレ,,,,,0.907,2/1,100,920.0,1,0,2
20260912,202609040308,S1,win,9,ウィテカービート,57.4,139.9,1.132,2.76,0.906,8,100,0.0,1,0,2
20260912,202609040308,S1,win,12,エンジェルボイス,24.9,28.0,1.012,1.138,0.906,9,100,0.0,1,0,2
20260912,202609040308,S1C,win,2,オーシンエス,42.4,123.9,0.996,2.911,0.906,5,100,0.0,1,0,2
20260912,202609040308,S1C,win,12,エンジェルボイス,24.9,28.0,1.012,1.138,0.906,9,100,0.0,1,0,2
20260912,202609040308,S2,win,7,サトノアグード,3.9,3.6,0.66,0.61,0.906,2,100,0.0,1,0,2
20260912,202609040308,V1,place,7,サトノアグード,,,,,0.906,2,100,140.0,1,0,2
20260912,202609040308,V3,wide,4-7,アクセス×サトノアグード,,,,,0.906,1/2,100,200.0,1,0,2
20260912,202609040309,S1,win,1,カウンティフェア,33.5,27.2,1.003,0.814,0.91,10,100,0.0,1,0,2
20260912,202609040309,S1,win,3,リアライズ,35.0,51.4,1.132,1.662,0.91,5,100,0.0,1,0,2
20260912,202609040309,S1,win,11,アジュマン,7.2,9.1,1.07,1.353,0.91,12,100,0.0,1,0,2
20260912,202609040309,S1C,win,1,カウンティフェア,33.5,27.2,1.003,0.814,0.91,10,100,0.0,1,0,2
20260912,202609040309,S1C,win,3,リアライズ,35.0,51.4,1.132,1.662,0.91,5,100,0.0,1,0,2
20260912,202609040309,S1C,win,10,キングケープ,28.4,26.5,0.963,0.898,0.91,6,100,0.0,1,0,2
20260912,202609040309,S1C,win,11,アジュマン,7.2,9.1,1.07,1.353,0.91,12,100,0.0,1,0,2
20260912,202609040309,S2,win,6,アムールリーベ,3.5,11.6,0.727,2.41,0.91,7,100,0.0,1,0,2
20260912,202609040309,V1,place,6,アムールリーベ,,,,,0.91,7,100,0.0,1,0,2
20260912,202609040309,V3,wide,2-6,ライラ×アムールリーベ,,,,,0.91,1/7,100,0.0,1,0,2
20260912,202609040310,S1,win,1,クロニクル,55.8,69.6,1.54,1.921,0.899,11,100,0.0,1,0,2
20260912,202609040310,S1,win,4,スズカダブル,21.4,30.2,1.018,1.437,0.899,14,100,0.0,1,0,2
20260912,202609040310,S1C,win,1,クロニクル,55.8,69.6,1.54,1.921,0.899,11,100,0.0,1,0,2
20260912,202609040310,S1C,win,4,スズカダブル,21.4,30.2,1.018,1.437,0.899,14,100,0.0,1,0,2
20260912,202609040310,S1C,win,6,プルートマスター,20.0,47.4,0.99,2.346,0.899,10,100,0.0,1,0,2
20260912,202609040310,S1C,win,12,ポルポラジール,20.9,29.3,0.947,1.328,0.899,13,100,0.0,1,0,2
20260912,202609040310,S2,win,7,マテンロウブレイブ,3.2,3.7,0.751,0.868,0.899,9,100,0.0,1,0,2
20260912,202609040310,V1,place,7,マテンロウブレイブ,,,,,0.899,9,100,0.0,1,0,2
20260912,202609040310,V3,wide,2-7,ペンナヴェローチェ×マテンロウブレイブ,,,,,0.899,2/9,100,0.0,1,0,2
20260912,202609040311,S1,win,3,センツブラッド,40.8,50.0,1.12,1.372,0.922,12,100,0.0,1,0,2
20260912,202609040311,S1,win,6,カネフラ,106.8,220.5,2.402,4.96,0.922,13,100,0.0,1,0,2
20260912,202609040311,S1,win,13,グランヴィノス,18.6,26.0,1.256,1.756,0.922,中止,100,0.0,1,0,2
20260912,202609040311,S1C,win,3,センツブラッド,40.8,50.0,1.12,1.372,0.922,12,100,0.0,1,0,2
20260912,202609040311,S1C,win,6,カネフラ,106.8,220.5,2.402,4.96,0.922,13,100,0.0,1,0,2
20260912,202609040311,S1C,win,13,グランヴィノス,18.6,26.0,1.256,1.756,0.922,中止,100,0.0,1,0,2
20260912,202609040311,S2,win,9,マテンロウゲイル,4.2,3.5,0.75,0.625,0.922,5,100,0.0,1,0,2
20260912,202609040311,V1,place,9,マテンロウゲイル,,,,,0.922,5,100,0.0,1,0,2
20260912,202609040311,V3,wide,9-15,マテンロウゲイル×ジョバンニ,,,,,0.922,5/1,100,0.0,1,0,2
20260912,202609040311,V4,trifecta,9-11-15,,,,,,,,100,0.0,1,0,1
20260912,202609040311,V4,trifecta,11-9-15,,,,,,,,100,0.0,1,0,1
20260912,202609040311,V4,trifecta,9-15-11,,,,,,,,100,0.0,1,0,1
20260912,202609040311,V4,trifecta,11-15-9,,,,,,,,100,0.0,1,0,1
20260912,202609040311,V4,trifecta,15-9-11,,,,,,,,100,0.0,1,0,1
20260912,202609040311,V4,trifecta,15-11-9,,,,,,,,100,0.0,1,0,1
20260912,202609040311,V4,trifecta,9-11-2,,,,,,,,100,0.0,1,0,1
20260912,202609040311,V4,trifecta,11-9-2,,,,,,,,100,0.0,1,0,1
20260912,202609040311,V4,trifecta,9-11-13,,,,,,,,100,0.0,1,0,1
20260912,202609040311,V4,trifecta,11-9-13,,,,,,,,100,0.0,1,0,1
20260912,202609040312,S1,win,1,タイセイブロウ,42.3,138.5,1.071,3.508,0.914,11,100,0.0,1,0,2
20260912,202609040312,S1,win,7,オプティモ,22.9,30.1,1.265,1.662,0.914,4,100,0.0,1,0,2
20260912,202609040312,S1C,win,1,タイセイブロウ,42.3,138.5,1.071,3.508,0.914,11,100,0.0,1,0,2
20260912,202609040312,S1C,win,6,サトノロザリー,20.4,17.7,0.975,0.846,0.914,14,100,0.0,1,0,2
20260912,202609040312,S1C,win,7,オプティモ,22.9,30.1,1.265,1.662,0.914,4,100,0.0,1,0,2
20260912,202609040312,S1C,win,11,ミヤラティーニ,21.8,47.8,0.941,2.064,0.914,8,100,0.0,1,0,2
20260912,202609040312,S2,win,16,ビスケットアソート,4.8,6.1,0.824,1.047,0.914,3,100,0.0,1,0,2
20260912,202609040312,V1,place,16,ビスケットアソート,,,,,0.914,3,100,200.0,1,0,2
20260912,202609040312,V3,wide,13-16,ヒルノプーリア×ビスケットアソート,,,,,0.914,5/3,100,0.0,1,0,2
20260913,202606040402,S1,win,7,ウィナーズチェック,6.0,6.8,1.108,1.255,0.652,中止,100,0.0,1,0,2
20260913,202606040402,S1C,win,7,ウィナーズチェック,6.0,6.8,1.108,1.255,0.652,中止,100,0.0,1,0,2
20260913,202606040402,S2,win,8,シュートザワークス,2.3,2.3,0.794,0.794,0.652,3,100,0.0,1,0,2
20260913,202606040402,V1,place,8,シュートザワークス,,,,,0.652,3,100,110.0,1,0,2
20260913,202606040403,S1,win,2,キンバリー,30.3,75.7,1.095,2.735,0.709,13,100,0.0,1,0,2
20260913,202606040403,S1,win,13,シュネルアステリア,47.6,120.5,1.092,2.764,0.709,7,100,0.0,1,0,2
20260913,202606040403,S1C,win,2,キンバリー,30.3,75.7,1.095,2.735,0.709,13,100,0.0,1,0,2
20260913,202606040403,S1C,win,5,ソラティオ,40.1,110.8,0.979,2.704,0.709,8,100,0.0,1,0,2
20260913,202606040403,S1C,win,10,パレスラン,25.6,28.7,0.968,1.085,0.709,6,100,0.0,1,0,2
20260913,202606040403,S1C,win,13,シュネルアステリア,47.6,120.5,1.092,2.764,0.709,7,100,0.0,1,0,2
20260913,202606040403,S2,win,6,ラフエルガ,2.6,1.9,0.694,0.507,0.709,3,100,0.0,1,0,2
20260913,202606040403,V1,place,6,ラフエルガ,,,,,0.709,3,100,120.0,1,0,2
20260913,202606040404,S1,win,4,ダイユウルミナス,17.8,13.0,1.05,0.767,0.909,4,100,0.0,1,0,2
20260913,202606040404,S1C,win,4,ダイユウルミナス,17.8,13.0,1.05,0.767,0.909,4,100,0.0,1,0,2
20260913,202606040404,S1C,win,15,ポポラヴィスタ,32.6,36.6,0.943,1.059,0.909,5,100,0.0,1,0,2
20260913,202606040404,S2,win,8,ワインダークシー,6.2,4.5,0.881,0.639,0.909,2,100,0.0,1,0,2
20260913,202606040404,V1,place,8,ワインダークシー,,,,,0.909,2,100,170.0,1,0,2
20260913,202606040404,V3,wide,8-10,ワインダークシー×ウインドオブヘヴン,,,,,0.909,2/11,100,0.0,1,0,2
20260913,202606040405,S1,win,4,カシノデスティニー,73.6,171.3,1.73,4.027,0.571,8,100,0.0,1,0,2
20260913,202606040405,S1,win,10,ホウフクゼットウ,60.1,190.6,1.205,3.82,0.571,11,100,0.0,1,0,2
20260913,202606040405,S1C,win,4,カシノデスティニー,73.6,171.3,1.73,4.027,0.571,8,100,0.0,1,0,2
20260913,202606040405,S2,win,11,スローブギ,2.7,2.9,0.787,0.846,0.571,1,100,290.0,1,0,2
20260913,202606040405,V1,place,11,スローブギ,,,,,0.571,1,100,160.0,1,0,2
20260913,202606040406,S1,win,7,オートカリテ,20.8,23.8,1.1,1.259,0.909,1,100,2380.0,1,0,2
20260913,202606040406,S1,win,12,ロンバルドシチー,22.6,81.0,1.295,4.643,0.909,15,100,0.0,1,0,2
20260913,202606040406,S1,win,16,ディープマウンテン,39.2,76.1,1.432,2.779,0.909,12,100,0.0,1,0,2
20260913,202606040406,S1C,win,7,オートカリテ,20.8,23.8,1.1,1.259,0.909,1,100,2380.0,1,0,2
20260913,202606040406,S1C,win,12,ロンバルドシチー,22.6,81.0,1.295,4.643,0.909,15,100,0.0,1,0,2
20260913,202606040406,S1C,win,16,ディープマウンテン,39.2,76.1,1.432,2.779,0.909,12,100,0.0,1,0,2
20260913,202606040406,S2,win,9,ホウオウファミリー,3.0,2.1,0.794,0.556,0.909,4,100,0.0,1,0,2
20260913,202606040406,V1,place,9,ホウオウファミリー,,,,,0.909,4,100,0.0,1,0,2
20260913,202606040406,V2,place,9,ホウオウファミリー,,,,,0.909,4,100,0.0,1,0,2
20260913,202606040406,V3,wide,8-9,ルシアージュ×ホウオウファミリー,,,,,0.909,11/4,100,0.0,1,0,2
20260913,202606040407,S1,win,2,スマイルカーブ,19.9,17.6,1.24,1.097,0.903,1,100,1760.0000000000002,1,0,2
20260913,202606040407,S1,win,10,シャオママル,19.2,22.9,1.102,1.314,0.903,4,100,0.0,1,0,2
20260913,202606040407,S1,win,13,ソレエスピアージャ,32.3,44.8,1.653,2.293,0.903,13,100,0.0,1,0,2
20260913,202606040407,S1C,win,2,スマイルカーブ,19.9,17.6,1.24,1.097,0.903,1,100,1760.0000000000002,1,0,2
20260913,202606040407,S1C,win,10,シャオママル,19.2,22.9,1.102,1.314,0.903,4,100,0.0,1,0,2
20260913,202606040407,S1C,win,12,スペードギニー,26.5,105.3,0.975,3.875,0.903,14,100,0.0,1,0,2
20260913,202606040407,S1C,win,13,ソレエスピアージャ,32.3,44.8,1.653,2.293,0.903,13,100,0.0,1,0,2
20260913,202606040407,S2,win,15,タイセイアストロ,6.1,4.5,0.847,0.625,0.903,8,100,0.0,1,0,2
20260913,202606040407,V1,place,15,タイセイアストロ,,,,,0.903,8,100,0.0,1,0,2
20260913,202606040407,V3,wide,5-15,ダノンアスコルティ×タイセイアストロ,,,,,0.903,2/8,100,0.0,1,0,2
20260913,202606040408,S1,win,12,コヴェナント,115.7,360.5,1.561,4.864,0.894,13,100,0.0,1,0,2
20260913,202606040408,S1,win,13,ラルフテソーロ,7.4,4.9,1.403,0.929,0.894,2,100,0.0,1,0,2
20260913,202606040408,S1,win,15,ホウオウプレシャス,38.1,84.0,1.211,2.67,0.894,8,100,0.0,1,0,2
20260913,202606040408,S1C,win,12,コヴェナント,115.7,360.5,1.561,4.864,0.894,13,100,0.0,1,0,2
20260913,202606040408,S1C,win,13,ラルフテソーロ,7.4,4.9,1.403,0.929,0.894,2,100,0.0,1,0,2
20260913,202606040408,S1C,win,15,ホウオウプレシャス,38.1,84.0,1.211,2.67,0.894,8,100,0.0,1,0,2
20260913,202606040408,S2,win,10,エルムラント,4.8,14.5,0.737,2.226,0.894,3,100,0.0,1,0,2
20260913,202606040408,S3,win,13,ラルフテソーロ,7.4,4.9,1.403,0.929,0.894,2,100,0.0,1,0,2
20260913,202606040408,S5C,win,13,ラルフテソーロ,7.4,4.9,1.403,0.929,0.894,2,100,0.0,1,0,2
20260913,202606040408,V1,place,10,エルムラント,,,,,0.894,3,100,350.0,1,0,2
20260913,202606040408,V3,wide,10-16,エルムラント×グランルチャドール,,,,,0.894,3/11,100,0.0,1,0,2
20260913,202606040409,S1,win,3,トレサフィール,6.8,5.8,1.121,0.956,0.922,3,100,0.0,1,0,2
20260913,202606040409,S1C,win,3,トレサフィール,6.8,5.8,1.121,0.956,0.922,3,100,0.0,1,0,2
20260913,202606040409,S1C,win,6,ヤマニンガラッシア,25.4,41.2,0.978,1.586,0.922,2,100,0.0,1,0,2
20260913,202606040409,S1C,win,10,ワンモアスマイル,28.2,45.6,0.943,1.525,0.922,6,100,0.0,1,0,2
20260913,202606040409,S2,win,2,ブルーマエストロ,3.6,2.5,0.966,0.671,0.922,1,100,250.0,1,0,2
20260913,202606040409,V1,place,2,ブルーマエストロ,,,,,0.922,1,100,130.0,1,0,2
20260913,202606040409,V2,place,2,ブルーマエストロ,,,,,0.922,1,100,130.0,1,0,2
20260913,202606040409,V3,wide,1-2,イベントホライゾン×ブルーマエストロ,,,,,0.922,4/1,100,0.0,1,0,2
20260913,202606040410,S1,win,3,コパノヴィンセント,7.0,7.1,1.008,1.022,0.907,8,100,0.0,1,0,2
20260913,202606040410,S1,win,6,ポッドソル,31.3,82.9,1.076,2.851,0.907,4,100,0.0,1,0,2
20260913,202606040410,S1C,win,3,コパノヴィンセント,7.0,7.1,1.008,1.022,0.907,8,100,0.0,1,0,2
20260913,202606040410,S1C,win,6,ポッドソル,31.3,82.9,1.076,2.851,0.907,4,100,0.0,1,0,2
20260913,202606040410,S2,win,2,ドンレパルス,4.8,5.2,0.702,0.761,0.907,1,100,520.0,1,0,2
20260913,202606040410,V1,place,2,ドンレパルス,,,,,0.907,1,100,170.0,1,0,2
20260913,202606040410,V3,wide,2-8,ドンレパルス×ワンダラー,,,,,0.907,1/2,100,350.0,1,0,2
20260913,202606040411,S2,win,5,アスクエジンバラ,5.1,5.0,0.809,0.793,0.92,4,100,0.0,1,0,2
20260913,202606040411,V1,place,5,アスクエジンバラ,,,,,0.92,4,100,0.0,1,0,2
20260913,202606040411,V3,wide,5-8,アスクエジンバラ×ゴーイントゥスカイ,,,,,0.92,4/6,100,0.0,1,0,2
20260913,202606040411,V4,trifecta,10-8-5,,,,,,,,100,0.0,1,0,1
20260913,202606040411,V4,trifecta,10-5-8,,,,,,,,100,0.0,1,0,1
20260913,202606040411,V4,trifecta,8-10-5,,,,,,,,100,0.0,1,0,1
20260913,202606040411,V4,trifecta,5-10-8,,,,,,,,100,0.0,1,0,1
20260913,202606040411,V4,trifecta,8-5-10,,,,,,,,100,0.0,1,0,1
20260913,202606040411,V4,trifecta,5-8-10,,,,,,,,100,0.0,1,0,1
20260913,202606040411,V4,trifecta,10-8-9,,,,,,,,100,0.0,1,0,1
20260913,202606040411,V4,trifecta,8-10-9,,,,,,,,100,0.0,1,0,1
20260913,202606040411,V4,trifecta,10-9-8,,,,,,,,100,0.0,1,0,1
20260913,202606040411,V4,trifecta,10-5-9,,,,,,,,100,0.0,1,0,1
20260913,202606040412,S1,win,2,ハイラント,33.9,67.7,1.159,2.314,0.912,13,100,0.0,1,0,2
20260913,202606040412,S1,win,13,サザンウォリアー,53.9,226.6,1.469,6.177,0.912,12,100,0.0,1,0,2
20260913,202606040412,S1C,win,2,ハイラント,33.9,67.7,1.159,2.314,0.912,13,100,0.0,1,0,2
20260913,202606040412,S1C,win,13,サザンウォリアー,53.9,226.6,1.469,6.177,0.912,12,100,0.0,1,0,2
20260913,202606040412,S2,win,4,ジェイエルモーダル,3.4,1.8,0.785,0.415,0.912,1,100,180.0,1,0,2
20260913,202606040412,V1,place,4,ジェイエルモーダル,,,,,0.912,1,100,130.0,1,0,2
20260913,202606040412,V3,wide,4-9,ジェイエルモーダル×ナイトスラッガー,,,,,0.912,1/5,100,0.0,1,0,2
20260913,202609040401,S1,win,7,シュライアハフト,29.6,7.8,1.403,0.37,0.724,6,100,0.0,1,0,2
20260913,202609040401,S1C,win,7,シュライアハフト,29.6,7.8,1.403,0.37,0.724,6,100,0.0,1,0,2
20260913,202609040401,S2,win,4,ウンディーネ,2.5,2.8,0.778,0.872,0.724,1,100,280.0,1,0,2
20260913,202609040401,V1,place,4,ウンディーネ,,,,,0.724,1,100,110.0,1,0,2
20260913,202609040402,S2,win,4,ブレイクガール,1.4,1.4,0.863,0.863,0.66,1,100,140.0,1,0,2
20260913,202609040402,V1,place,4,ブレイクガール,,,,,0.66,1,100,110.0,1,0,2
20260913,202609040403,S1,win,3,デルマタカチホ,28.2,79.3,1.454,4.09,0.851,12,100,0.0,1,0,2
20260913,202609040403,S1,win,10,ダンツアラーム,28.5,56.6,1.254,2.491,0.851,11,100,0.0,1,0,2
20260913,202609040403,S1C,win,3,デルマタカチホ,28.2,79.3,1.454,4.09,0.851,12,100,0.0,1,0,2
20260913,202609040403,S1C,win,4,イクオクコウネン,6.8,9.1,0.994,1.33,0.851,9,100,0.0,1,0,2
20260913,202609040403,S1C,win,10,ダンツアラーム,28.5,56.6,1.254,2.491,0.851,11,100,0.0,1,0,2
20260913,202609040403,S1C,win,15,ロードファイター,16.2,35.8,0.945,2.088,0.851,8,100,0.0,1,0,2
20260913,202609040403,S2,win,7,タガノランパート,4.8,3.4,0.756,0.536,0.851,1,100,340.0,1,0,2
20260913,202609040403,V1,place,7,タガノランパート,,,,,0.851,1,100,150.0,1,0,2
20260913,202609040403,V3,wide,7-11,タガノランパート×ラミエルノムスコ,,,,,0.851,1/2,100,330.0,1,0,2
20260913,202609040404,S1,win,1,レイワノキセキ,27.4,47.8,1.187,2.071,0.872,17,100,0.0,1,0,2
20260913,202609040404,S1,win,2,テイエムプレミラン,29.5,16.7,1.36,0.77,0.872,11,100,0.0,1,0,2
20260913,202609040404,S1,win,4,シャリキモン,53.3,46.6,2.652,2.319,0.872,14,100,0.0,1,0,2
20260913,202609040404,S1,win,9,リボンインザスカイ,7.4,7.5,1.027,1.041,0.872,1,100,750.0,1,0,2
20260913,202609040404,S1C,win,1,レイワノキセキ,27.4,47.8,1.187,2.071,0.872,17,100,0.0,1,0,2
20260913,202609040404,S1C,win,2,テイエムプレミラン,29.5,16.7,1.36,0.77,0.872,11,100,0.0,1,0,2
20260913,202609040404,S1C,win,4,シャリキモン,53.3,46.6,2.652,2.319,0.872,14,100,0.0,1,0,2
20260913,202609040404,S2,win,16,ルーチェブリラーレ,1.9,2.3,0.586,0.709,0.872,4,100,0.0,1,0,2
20260913,202609040404,V1,place,16,ルーチェブリラーレ,,,,,0.872,4,100,0.0,1,0,2
20260913,202609040404,V2,place,16,ルーチェブリラーレ,,,,,0.872,4,100,0.0,1,0,2
20260913,202609040404,V3,wide,15-16,クールドリオン×ルーチェブリラーレ,,,,,0.872,18/4,100,0.0,1,0,2
20260913,202609040405,S2,win,3,キリマンジェロタフ,1.7,1.5,0.801,0.707,0.569,4,100,0.0,1,0,2
20260913,202609040405,V1,place,3,キリマンジェロタフ,,,,,0.569,4,100,0.0,1,0,2
20260913,202609040406,S1,win,5,タガノアルテミス,17.2,13.5,1.343,1.054,0.818,13,100,0.0,1,0,2
20260913,202609040406,S1,win,6,スターチューン,45.3,64.8,1.032,1.476,0.818,6,100,0.0,1,0,2
20260913,202609040406,S1C,win,5,タガノアルテミス,17.2,13.5,1.343,1.054,0.818,13,100,0.0,1,0,2
20260913,202609040406,S2,win,7,ビッグヒーロー,3.2,2.7,0.582,0.491,0.818,1,100,270.0,1,0,2
20260913,202609040406,V1,place,7,ビッグヒーロー,,,,,0.818,1,100,120.0,1,0,2
20260913,202609040406,V3,wide,7-11,ビッグヒーロー×プレデンシア,,,,,0.818,1/3,100,450.0,1,0,2
20260913,202609040407,S1,win,3,ベストレーサー,46.2,101.1,1.108,2.426,0.89,16,100,0.0,1,0,2
20260913,202609040407,S1,win,6,ジューンアゲイン,7.4,3.5,1.002,0.474,0.89,1,100,350.0,1,0,2
20260913,202609040407,S1,win,8,ロードヴェルテクス,41.2,125.1,1.013,3.076,0.89,9,100,0.0,1,0,2
20260913,202609040407,S1,win,9,ワンウェイトゥヘル,26.8,51.6,1.168,2.25,0.89,12,100,0.0,1,0,2
20260913,202609040407,S1C,win,3,ベストレーサー,46.2,101.1,1.108,2.426,0.89,16,100,0.0,1,0,2
20260913,202609040407,S1C,win,8,ロードヴェルテクス,41.2,125.1,1.013,3.076,0.89,9,100,0.0,1,0,2
20260913,202609040407,S1C,win,9,ワンウェイトゥヘル,26.8,51.6,1.168,2.25,0.89,12,100,0.0,1,0,2
20260913,202609040407,S2,win,2,プレダトゥール,4.4,15.8,0.812,2.916,0.89,3,100,0.0,1,0,2
20260913,202609040407,V1,place,2,プレダトゥール,,,,,0.89,3,100,350.0,1,0,2
20260913,202609040407,V3,wide,2-13,プレダトゥール×ヴォンドゥ,,,,,0.89,3/4,100,0.0,1,0,2
20260913,202609040408,S1,win,5,メイショウソウテン,8.3,6.9,1.066,0.886,0.899,4,100,0.0,1,0,2
20260913,202609040408,S1C,win,5,メイショウソウテン,8.3,6.9,1.066,0.886,0.899,4,100,0.0,1,0,2
20260913,202609040408,S1C,win,9,メイショウクモイ,16.5,20.6,0.945,1.18,0.899,9,100,0.0,1,0,2
20260913,202609040408,S2,win,11,サンライズオスカー,3.4,2.3,0.788,0.533,0.899,1,100,230.0,1,0,2
20260913,202609040408,V1,place,11,サンライズオスカー,,,,,0.899,1,100,140.0,1,0,2
20260913,202609040408,V3,wide,3-11,アスクガンバーレ×サンライズオスカー,,,,,0.899,7/1,100,0.0,1,0,2
20260913,202609040409,S1,win,6,ヴァイザーバルコ,38.0,173.8,1.039,4.754,0.918,7,100,0.0,1,0,2
20260913,202609040409,S1,win,7,シーミハットク,7.3,8.4,1.058,1.217,0.918,9,100,0.0,1,0,2
20260913,202609040409,S1C,win,6,ヴァイザーバルコ,38.0,173.8,1.039,4.754,0.918,7,100,0.0,1,0,2
20260913,202609040409,S1C,win,7,シーミハットク,7.3,8.4,1.058,1.217,0.918,9,100,0.0,1,0,2
20260913,202609040409,S2,win,5,タンテドヴィーヴル,3.2,2.5,0.758,0.592,0.918,5,100,0.0,1,0,2
20260913,202609040409,V1,place,5,タンテドヴィーヴル,,,,,0.918,5,100,0.0,1,0,2
20260913,202609040409,V3,wide,5-10,タンテドヴィーヴル×ミッキージャンプ,,,,,0.918,5/3,100,0.0,1,0,2
20260913,202609040410,S1,win,14,サクセスアイ,53.6,81.7,1.033,1.574,0.897,11,100,0.0,1,0,2
20260913,202609040410,S1C,win,12,スリリングチェイス,107.8,211.7,0.988,1.94,0.897,15,100,0.0,1,0,2
20260913,202609040410,S2,win,2,テラメリタ,3.4,2.6,0.842,0.644,0.897,3,100,0.0,1,0,2
20260913,202609040410,V1,place,2,テラメリタ,,,,,0.897,3,100,130.0,1,0,2
20260913,202609040410,V3,wide,2-8,テラメリタ×インヴォーグ,,,,,0.897,3/1,100,240.0,1,0,2
20260913,202609040411,S1,win,1,アンジュドジョワ,12.4,11.9,1.483,1.423,0.899,9,100,0.0,1,0,2
20260913,202609040411,S1,win,3,スマートプリエール,24.2,32.2,1.28,1.703,0.899,6,100,0.0,1,0,2
20260913,202609040411,S1,win,10,スウィートハピネス,20.1,20.0,1.081,1.076,0.899,7,100,0.0,1,0,2
20260913,202609040411,S1C,win,1,アンジュドジョワ,12.4,11.9,1.483,1.423,0.899,9,100,0.0,1,0,2
20260913,202609040411,S1C,win,3,スマートプリエール,24.2,32.2,1.28,1.703,0.899,6,100,0.0,1,0,2
20260913,202609040411,S1C,win,4,アンディムジーク,125.3,252.5,0.981,1.977,0.899,8,100,0.0,1,0,2
20260913,202609040411,S1C,win,10,スウィートハピネス,20.1,20.0,1.081,1.076,0.899,7,100,0.0,1,0,2
20260913,202609040411,S2,win,7,モンローウォーク,2.2,1.9,0.682,0.589,0.899,1,100,190.0,1,0,2
20260913,202609040411,S3,win,1,アンジュドジョワ,12.4,11.9,1.483,1.423,0.899,9,100,0.0,1,0,2
20260913,202609040411,S5C,win,1,アンジュドジョワ,12.4,11.9,1.483,1.423,0.899,9,100,0.0,1,0,2
20260913,202609040411,V1,place,7,モンローウォーク,,,,,0.899,1,100,110.0,1,0,2
20260913,202609040411,V2,place,7,モンローウォーク,,,,,0.899,1,100,110.0,1,0,2
20260913,202609040411,V3,wide,6-7,イクシード×モンローウォーク,,,,,0.899,3/1,100,260.0,1,0,2
20260913,202609040411,V4,trifecta,7-6-2,,,,,,,,100,0.0,1,0,1
20260913,202609040411,V4,trifecta,7-2-6,,,,,,,,100,3490.0,1,0,1
20260913,202609040411,V4,trifecta,7-6-1,,,,,,,,100,0.0,1,0,1
20260913,202609040411,V4,trifecta,7-1-6,,,,,,,,100,0.0,1,0,1
20260913,202609040411,V4,trifecta,7-2-1,,,,,,,,100,0.0,1,0,1
20260913,202609040411,V4,trifecta,7-1-2,,,,,,,,100,0.0,1,0,1
20260913,202609040411,V4,trifecta,6-7-2,,,,,,,,100,0.0,1,0,1
20260913,202609040411,V4,trifecta,2-7-6,,,,,,,,100,0.0,1,0,1
20260913,202609040411,V4,trifecta,6-7-1,,,,,,,,100,0.0,1,0,1
20260913,202609040411,V4,trifecta,1-7-6,,,,,,,,100,0.0,1,0,1
20260913,202609040412,S1,win,5,ダズリングダンス,36.9,31.8,1.167,1.006,0.867,4,100,0.0,1,0,2
20260913,202609040412,S1,win,11,バイファーザベスト,39.3,181.3,1.695,7.818,0.867,6,100,0.0,1,0,2
20260913,202609040412,S1,win,12,ブルーノート,35.8,78.8,1.051,2.314,0.867,5,100,0.0,1,0,2
20260913,202609040412,S1C,win,5,ダズリングダンス,36.9,31.8,1.167,1.006,0.867,4,100,0.0,1,0,2
20260913,202609040412,S1C,win,10,リードプリンシパル,26.3,62.6,0.92,2.19,0.867,10,100,0.0,1,0,2
20260913,202609040412,S1C,win,11,バイファーザベスト,39.3,181.3,1.695,7.818,0.867,6,100,0.0,1,0,2
20260913,202609040412,S1C,win,12,ブルーノート,35.8,78.8,1.051,2.314,0.867,5,100,0.0,1,0,2
20260913,202609040412,S2,win,14,ユウトザレン,2.7,3.7,0.844,1.156,0.867,1,100,370.0,1,0,2
20260913,202609040412,V1,place,14,ユウトザレン,,,,,0.867,1,100,180.0,1,0,2
20260913,202609040412,V2,place,14,ユウトザレン,,,,,0.867,1,100,180.0,1,0,2
20260913,202609040412,V3,wide,7-14,アオイレーギーナ×ユウトザレン,,,,,0.867,2/1,100,290.0,1,0,2
20260919,202606040501,S1,win,2,ジンクピリチオン,13.5,15.3,1.068,1.211,0.755,6,100,0.0,1,0,2
20260919,202606040501,S2,win,9,スマートブライド,1.2,1.1,0.783,0.718,0.755,1,100,110.0,1,0,2
20260919,202606040501,V1,place,9,スマートブライド,,,,,0.755,1,100,100.0,1,0,2
20260919,202606040502,S1,win,7,バミューダブーケ,14.8,31.3,1.471,3.112,0.677,8,100,0.0,1,0,2
20260919,202606040502,S1C,win,7,バミューダブーケ,14.8,31.3,1.471,3.112,0.677,8,100,0.0,1,0,2
20260919,202606040502,S2,win,4,テンユメノオーロラ,1.4,1.4,0.725,0.725,0.677,2,100,0.0,1,0,2
20260919,202606040502,V1,place,4,テンユメノオーロラ,,,,,0.677,2,100,100.0,1,0,2
20260919,202606040503,S1,win,9,ノルトハウゼン,6.9,5.2,1.047,0.789,0.727,4,100,0.0,1,0,2
20260919,202606040503,S1C,win,9,ノルトハウゼン,6.9,5.2,1.047,0.789,0.727,4,100,0.0,1,0,2
20260919,202606040503,S2,win,5,トルタパスカリーナ,2.0,1.7,0.719,0.611,0.727,1,100,170.0,1,0,2
20260919,202606040503,V1,place,5,トルタパスカリーナ,,,,,0.727,1,100,110.0,1,0,2
20260919,202606040504,S1,win,15,イキデイナセ,55.5,103.8,1.13,2.112,0.565,13,100,0.0,1,0,2
20260919,202606040504,S2,win,2,ゼーゲルン,5.1,4.3,0.816,0.688,0.565,2,100,0.0,1,0,2
20260919,202606040504,V1,place,2,ゼーゲルン,,,,,0.565,2,100,200.0,1,0,2
20260919,202606040505,S2,win,6,プルヴィナル,1.8,1.6,0.804,0.715,0.566,1,100,160.0,1,0,2
20260919,202606040505,V1,place,6,プルヴィナル,,,,,0.566,1,100,110.0,1,0,2
20260919,202606040506,S1C,win,8,ローブリッター,21.3,86.2,0.92,3.723,0.555,7,100,0.0,1,0,2
20260919,202606040506,S2,win,10,ユウライクスター,2.2,1.4,0.763,0.485,0.555,1,100,140.0,1,0,2
20260919,202606040506,V1,place,10,ユウライクスター,,,,,0.555,1,100,110.0,1,0,2
20260919,202606040507,S1,win,10,ゴーントゥファー,27.8,125.6,1.008,4.554,0.892,9,100,0.0,1,0,2
20260919,202606040507,S1C,win,10,ゴーントゥファー,27.8,125.6,1.008,4.554,0.892,9,100,0.0,1,0,2
20260919,202606040507,S2,win,2,ステイアンビシャス,6.4,5.7,0.959,0.854,0.892,5,100,0.0,1,0,2
20260919,202606040507,V1,place,2,ステイアンビシャス,,,,,0.892,5,100,0.0,1,0,2
20260919,202606040507,V3,wide,2-14,ステイアンビシャス×デールエルバハリ,,,,,0.892,5/1,100,0.0,1,0,2
20260919,202606040508,S1,win,9,エウテルペ,13.4,28.3,1.126,2.379,0.892,5,100,0.0,1,0,2
20260919,202606040508,S1C,win,4,カサビセンス,25.3,81.8,0.899,2.908,0.892,8,100,0.0,1,0,2
20260919,202606040508,S2,win,6,マタミカンサン,3.2,2.1,0.764,0.501,0.892,1,100,210.0,1,0,2
20260919,202606040508,V1,place,6,マタミカンサン,,,,,0.892,1,100,110.0,1,0,2
20260919,202606040508,V3,wide,5-6,ヴァレンティーニ×マタミカンサン,,,,,0.892,4/1,100,0.0,1,0,2
20260919,202606040509,S1C,win,7,ピクニックマーチ,21.1,67.7,0.974,3.126,0.843,7,100,0.0,1,0,2
20260919,202606040509,S2,win,6,ジオパークカツキ,3.2,3.8,0.818,0.972,0.843,1,100,380.0,1,0,2
20260919,202606040509,V1,place,6,ジオパークカツキ,,,,,0.843,1,100,150.0,1,0,2
20260919,202606040509,V2,place,6,ジオパークカツキ,,,,,0.843,1,100,150.0,1,0,2
20260919,202606040509,V3,wide,2-6,ジャスパートレノ×ジオパークカツキ,,,,,0.843,4/1,100,0.0,1,0,2
20260919,202606040510,S2,win,9,アロンズロッド,2.5,2.5,0.864,0.864,0.92,5,100,0.0,1,0,2
20260919,202606040510,V1,place,9,アロンズロッド,,,,,0.92,5,100,0.0,1,0,2
20260919,202606040510,V2,place,9,アロンズロッド,,,,,0.92,5,100,0.0,1,0,2
20260919,202606040510,V3,wide,9-11,アロンズロッド×キンググローリー,,,,,0.92,5/1,100,0.0,1,0,2
20260919,202606040511,S1,win,1,ハナウマビーチ,33.5,61.8,1.225,2.26,0.914,1,100,6180.0,1,0,2
20260919,202606040511,S1,win,12,マンマリアーレ,43.8,75.0,1.239,2.121,0.914,5,100,0.0,1,0,2
20260919,202606040511,S1C,win,1,ハナウマビーチ,33.5,61.8,1.225,2.26,0.914,1,100,6180.0,1,0,2
20260919,202606040511,S1C,win,12,マンマリアーレ,43.8,75.0,1.239,2.121,0.914,5,100,0.0,1,0,2
20260919,202606040511,S1C,win,13,ゴールデンクラウド,3.6,2.9,0.996,0.802,0.914,3,100,0.0,1,0,2
20260919,202606040511,S2,win,13,ゴールデンクラウド,3.6,2.9,0.996,0.802,0.914,3,100,0.0,1,0,2
20260919,202606040511,V1,place,13,ゴールデンクラウド,,,,,0.914,3,100,150.0,1,0,2
20260919,202606040511,V2,place,13,ゴールデンクラウド,,,,,0.914,3,100,150.0,1,0,2
20260919,202606040511,V3,wide,7-13,マーズオデッセイ×ゴールデンクラウド,,,,,0.914,2/3,100,280.0,1,0,2
20260919,202606040511,V4,trifecta,13-7-4,,,,,,,,100,0.0,1,0,1
20260919,202606040511,V4,trifecta,13-4-7,,,,,,,,100,0.0,1,0,1
20260919,202606040511,V4,trifecta,13-7-9,,,,,,,,100,0.0,1,0,1
20260919,202606040511,V4,trifecta,7-13-4,,,,,,,,100,0.0,1,0,1
20260919,202606040511,V4,trifecta,13-9-7,,,,,,,,100,0.0,1,0,1
20260919,202606040511,V4,trifecta,4-13-7,,,,,,,,100,0.0,1,0,1
20260919,202606040511,V4,trifecta,13-4-9,,,,,,,,100,0.0,1,0,1
20260919,202606040511,V4,trifecta,13-9-4,,,,,,,,100,0.0,1,0,1
20260919,202606040511,V4,trifecta,7-13-9,,,,,,,,100,0.0,1,0,1
20260919,202606040511,V4,trifecta,9-13-7,,,,,,,,100,0.0,1,0,1
20260919,202606040512,S2,win,1,シュヴァルツシルト,6.1,4.1,0.672,0.452,0.909,3,100,0.0,1,0,2
20260919,202606040512,V1,place,1,シュヴァルツシルト,,,,,0.909,3,100,170.0,1,0,2
20260919,202606040512,V3,wide,1-11,シュヴァルツシルト×ダノンゴーイチ,,,,,0.909,3/15,100,0.0,1,0,2
20260919,202609040501,S2,win,3,ホシヲミテルンナ,3.3,3.0,0.817,0.743,0.681,2,100,0.0,1,0,2
20260919,202609040501,V1,place,3,ホシヲミテルンナ,,,,,0.681,2,100,130.0,1,0,2
20260919,202609040502,S2,win,8,サイモンレガシー,1.6,1.5,0.87,0.816,0.642,1,100,150.0,1,0,2
20260919,202609040502,V1,place,8,サイモンレガシー,,,,,0.642,1,100,110.0,1,0,2
20260919,202609040503,S1,win,10,シャプシュ,15.1,21.2,1.303,1.83,0.677,3,100,0.0,1,0,2
20260919,202609040503,S1C,win,10,シャプシュ,15.1,21.2,1.303,1.83,0.677,3,100,0.0,1,0,2
20260919,202609040503,S2,win,3,アルテクィーン,2.7,2.9,0.778,0.836,0.677,7,100,0.0,1,0,2
20260919,202609040503,V1,place,3,アルテクィーン,,,,,0.677,7,100,0.0,1,0,2
20260919,202609040505,S1C,win,1,ユウスカイ,32.5,50.4,0.94,1.457,0.552,8,100,0.0,1,0,2
20260919,202609040505,S2,win,8,インパルスドライブ,1.7,1.2,0.812,0.573,0.552,1,100,120.0,1,0,2
20260919,202609040505,V1,place,8,インパルスドライブ,,,,,0.552,1,100,110.0,1,0,2
20260919,202609040506,S2,win,10,アンドレバローズ,3.2,2.9,0.761,0.69,0.558,1,100,290.0,1,0,2
20260919,202609040506,V1,place,10,アンドレバローズ,,,,,0.558,1,100,130.0,1,0,2
20260919,202609040507,S1,win,2,アロマフェリス,4.1,4.5,1.035,1.136,0.911,1,100,450.0,1,0,2
20260919,202609040507,S1,win,12,ディアーモルタル,22.5,60.2,1.083,2.897,0.911,10,100,0.0,1,0,2
20260919,202609040507,S1C,win,2,アロマフェリス,4.1,4.5,1.035,1.136,0.911,1,100,450.0,1,0,2
20260919,202609040507,S1C,win,12,ディアーモルタル,22.5,60.2,1.083,2.897,0.911,10,100,0.0,1,0,2
20260919,202609040507,S2,win,9,ゴールドアクセス,6.0,5.7,0.727,0.691,0.911,6,100,0.0,1,0,2
20260919,202609040507,V1,place,9,ゴールドアクセス,,,,,0.911,6,100,0.0,1,0,2
20260919,202609040507,V3,wide,1-9,ボンドマティーニ×ゴールドアクセス,,,,,0.911,11/6,100,0.0,1,0,2
20260919,202609040508,S2,win,2,ジーティーサクラ,1.2,1.2,0.776,0.776,0.644,3,100,0.0,1,0,2
20260919,202609040508,V1,place,2,ジーティーサクラ,,,,,0.644,3,100,0.0,1,0,2
20260919,202609040509,S1,win,7,フィデリス,27.3,83.0,1.447,4.399,0.911,6,100,0.0,1,0,2
20260919,202609040509,S1C,win,7,フィデリス,27.3,83.0,1.447,4.399,0.911,6,100,0.0,1,0,2
20260919,202609040509,S2,win,14,シュネルアンジュ,2.3,2.2,0.748,0.715,0.911,4,100,0.0,1,0,2
20260919,202609040509,V1,place,14,シュネルアンジュ,,,,,0.911,4,100,0.0,1,0,2
20260919,202609040509,V2,place,14,シュネルアンジュ,,,,,0.911,4,100,0.0,1,0,2
20260919,202609040509,V3,wide,13-14,ラグナトーレ×シュネルアンジュ,,,,,0.911,9/4,100,0.0,1,0,2
20260919,202609040510,S1,win,3,ハルオーブ,27.3,78.1,1.021,2.921,0.89,13,100,0.0,1,0,2
20260919,202609040510,S1,win,7,タガノアンファン,6.9,7.0,1.226,1.244,0.89,6,100,0.0,1,0,2
20260919,202609040510,S1,win,10,ヒーローインチーフ,18.9,31.4,1.052,1.747,0.89,7,100,0.0,1,0,2
20260919,202609040510,S1,win,11,ミキノバカラ,26.5,46.3,1.167,2.04,0.89,11,100,0.0,1,0,2
20260919,202609040510,S1C,win,3,ハルオーブ,27.3,78.1,1.021,2.921,0.89,13,100,0.0,1,0,2
20260919,202609040510,S1C,win,7,タガノアンファン,6.9,7.0,1.226,1.244,0.89,6,100,0.0,1,0,2
20260919,202609040510,S1C,win,11,ミキノバカラ,26.5,46.3,1.167,2.04,0.89,11,100,0.0,1,0,2
20260919,202609040510,S2,win,6,リヴァイ,3.0,2.3,0.697,0.534,0.89,5,100,0.0,1,0,2
20260919,202609040510,S3,win,7,タガノアンファン,6.9,7.0,1.226,1.244,0.89,6,100,0.0,1,0,2
20260919,202609040510,S5C,win,7,タガノアンファン,6.9,7.0,1.226,1.244,0.89,6,100,0.0,1,0,2
20260919,202609040510,V1,place,6,リヴァイ,,,,,0.89,5,100,0.0,1,0,2
20260919,202609040510,V3,wide,4-6,ノボリリア×リヴァイ,,,,,0.89,2/5,100,0.0,1,0,2
20260919,202609040511,S1,win,1,テイエムヒショウ,36.7,74.0,1.176,2.371,0.912,15,100,0.0,1,0,2
20260919,202609040511,S1,win,2,トゥロン,45.2,79.6,1.065,1.876,0.912,2,100,0.0,1,0,2
20260919,202609040511,S1C,win,1,テイエムヒショウ,36.7,74.0,1.176,2.371,0.912,15,100,0.0,1,0,2
20260919,202609040511,S1C,win,2,トゥロン,45.2,79.6,1.065,1.876,0.912,2,100,0.0,1,0,2
20260919,202609040511,S1C,win,11,エムズマインド,23.6,34.9,0.912,1.349,0.912,4,100,0.0,1,0,2
20260919,202609040511,S1C,win,16,シゲルソロソロ,25.3,32.5,0.985,1.266,0.912,8,100,0.0,1,0,2
20260919,202609040511,S2,win,15,エブリーポッシブル,3.1,2.3,0.792,0.588,0.912,6,100,0.0,1,0,2
20260919,202609040511,V1,place,15,エブリーポッシブル,,,,,0.912,6,100,0.0,1,0,2
20260919,202609040511,V2,place,15,エブリーポッシブル,,,,,0.912,6,100,0.0,1,0,2
20260919,202609040511,V3,wide,4-15,ニューオーリンズ×エブリーポッシブル,,,,,0.912,9/6,100,0.0,1,0,2
20260919,202609040511,V4,trifecta,15-4-6,,,,,,,,100,0.0,1,0,1
20260919,202609040511,V4,trifecta,15-4-9,,,,,,,,100,0.0,1,0,1
20260919,202609040511,V4,trifecta,4-15-6,,,,,,,,100,0.0,1,0,1
20260919,202609040511,V4,trifecta,4-15-9,,,,,,,,100,0.0,1,0,1
20260919,202609040511,V4,trifecta,15-4-5,,,,,,,,100,0.0,1,0,1
20260919,202609040511,V4,trifecta,15-4-7,,,,,,,,100,0.0,1,0,1
20260919,202609040511,V4,trifecta,4-15-5,,,,,,,,100,0.0,1,0,1
20260919,202609040511,V4,trifecta,4-15-7,,,,,,,,100,0.0,1,0,1
20260919,202609040511,V4,trifecta,15-6-4,,,,,,,,100,0.0,1,0,1
20260919,202609040511,V4,trifecta,15-4-10,,,,,,,,100,0.0,1,0,1
20260919,202609040512,S2,win,14,エイユーサクラ,3.3,2.7,0.729,0.596,0.892,3,100,0.0,1,0,2
20260919,202609040512,V1,place,14,エイユーサクラ,,,,,0.892,3,100,150.0,1,0,2
20260919,202609040512,V3,wide,14-16,エイユーサクラ×ロードヴァルカン,,,,,0.892,3/8,100,0.0,1,0,2
20260920,202606040601,S1C,win,6,オーケーエース,15.2,11.6,0.875,0.668,0.639,4,100,0.0,1,0,2
20260920,202606040601,S1C,win,10,ニシノツムジカゼ,24.9,32.9,0.848,1.12,0.639,14,100,0.0,1,0,2
20260920,202606040601,S2,win,8,ウィンターブリーズ,1.5,1.4,0.818,0.764,0.639,1,100,140.0,1,0,2
20260920,202606040601,V1,place,8,ウィンターブリーズ,,,,,0.639,1,100,110.0,1,0,2
20260920,202606040602,S1,win,12,ジェイエルキール,6.8,5.9,1.06,0.92,0.603,7,100,0.0,1,0,2
20260920,202606040602,S1C,win,12,ジェイエルキール,6.8,5.9,1.06,0.92,0.603,7,100,0.0,1,0,2
20260920,202606040602,S2,win,11,アテナブレイブ,2.4,2.4,0.807,0.807,0.603,1,100,240.0,1,0,2
20260920,202606040602,V1,place,11,アテナブレイブ,,,,,0.603,1,100,140.0,1,0,2
20260920,202606040603,S1,win,6,スーパーユタカ,7.3,5.1,1.041,0.727,0.719,4,100,0.0,1,0,2
20260920,202606040603,S1C,win,5,ポッドレーヴ,28.8,41.2,0.983,1.406,0.719,12,100,0.0,1,0,2
20260920,202606040603,S1C,win,6,スーパーユタカ,7.3,5.1,1.041,0.727,0.719,4,100,0.0,1,0,2
20260920,202606040603,S2,win,13,サウンズオーサム,2.1,1.9,0.605,0.547,0.719,1,100,190.0,1,0,2
20260920,202606040603,V1,place,13,サウンズオーサム,,,,,0.719,1,100,120.0,1,0,2
20260920,202606040604,S1,win,5,レガシーマインド,21.5,36.8,1.201,2.055,0.562,12,100,0.0,1,0,2
20260920,202606040604,S1,win,16,ディスクリートサム,24.0,31.7,1.031,1.361,0.562,6,100,0.0,1,0,2
20260920,202606040604,S1C,win,5,レガシーマインド,21.5,36.8,1.201,2.055,0.562,12,100,0.0,1,0,2
20260920,202606040604,S1C,win,16,ディスクリートサム,24.0,31.7,1.031,1.361,0.562,6,100,0.0,1,0,2
20260920,202606040604,S2,win,15,サクシードシチー,5.1,5.4,0.849,0.899,0.562,7,100,0.0,1,0,2
20260920,202606040604,V1,place,15,サクシードシチー,,,,,0.562,7,100,0.0,1,0,2
20260920,202606040605,S1,win,15,カームラディアンス,56.6,52.8,1.323,1.234,0.56,14,100,0.0,1,0,2
20260920,202606040605,S1,win,16,アイレバルバドス,56.8,83.3,1.301,1.908,0.56,10,100,0.0,1,0,2
20260920,202606040605,S1C,win,13,ジャストゴーイング,28.2,92.8,0.943,3.104,0.56,4,100,0.0,1,0,2
20260920,202606040605,S1C,win,15,カームラディアンス,56.6,52.8,1.323,1.234,0.56,14,100,0.0,1,0,2
20260920,202606040605,S1C,win,16,アイレバルバドス,56.8,83.3,1.301,1.908,0.56,10,100,0.0,1,0,2
20260920,202606040605,S2,win,14,ジュベルシャムス,2.5,2.2,0.797,0.701,0.56,6,100,0.0,1,0,2
20260920,202606040605,V1,place,14,ジュベルシャムス,,,,,0.56,6,100,0.0,1,0,2
20260920,202606040606,S1,win,2,ブルージャイアント,3.9,9.1,1.059,2.471,0.901,3,100,0.0,1,0,2
20260920,202606040606,S1,win,11,タニセンドリーム,19.1,19.8,1.002,1.038,0.901,9,100,0.0,1,0,2
20260920,202606040606,S1C,win,2,ブルージャイアント,3.9,9.1,1.059,2.471,0.901,3,100,0.0,1,0,2
20260920,202606040606,S2,win,2,ブルージャイアント,3.9,9.1,1.059,2.471,0.901,3,100,0.0,1,0,2
20260920,202606040606,V1,place,2,ブルージャイアント,,,,,0.901,3,100,220.0,1,0,2
20260920,202606040606,V2,place,2,ブルージャイアント,,,,,0.901,3,100,220.0,1,0,2
20260920,202606040606,V3,wide,2-8,ブルージャイアント×ウリズンベー,,,,,0.901,3/1,100,540.0,1,0,2
20260920,202606040607,S1,win,13,エルナト,23.9,18.8,1.296,1.019,0.912,2,100,0.0,1,0,2
20260920,202606040607,S1,win,17,ソロンゴ,32.7,72.3,1.539,3.404,0.912,15,100,0.0,1,0,2
20260920,202606040607,S1C,win,13,エルナト,23.9,18.8,1.296,1.019,0.912,2,100,0.0,1,0,2
20260920,202606040607,S1C,win,17,ソロンゴ,32.7,72.3,1.539,3.404,0.912,15,100,0.0,1,0,2
20260920,202606040607,S2,win,11,エピックフライト,3.6,3.4,0.951,0.898,0.912,16,100,0.0,1,0,2
20260920,202606040607,V1,place,11,エピックフライト,,,,,0.912,16,100,0.0,1,0,2
20260920,202606040607,V2,place,11,エピックフライト,,,,,0.912,16,100,0.0,1,0,2
20260920,202606040607,V3,wide,4-11,モウエエデショー×エピックフライト,,,,,0.912,5/16,100,0.0,1,0,2
20260920,202606040608,S1,win,6,ミッシオーネ,24.2,119.3,1.255,6.187,0.892,12,100,0.0,1,0,2
20260920,202606040608,S1,win,13,ミスチヴマリアンヌ,26.2,32.6,1.348,1.678,0.892,7,100,0.0,1,0,2
20260920,202606040608,S1,win,16,ブルーユンチェリー,33.1,58.2,1.032,1.815,0.892,10,100,0.0,1,0,2
20260920,202606040608,S1C,win,6,ミッシオーネ,24.2,119.3,1.255,6.187,0.892,12,100,0.0,1,0,2
20260920,202606040608,S1C,win,13,ミスチヴマリアンヌ,26.2,32.6,1.348,1.678,0.892,7,100,0.0,1,0,2
20260920,202606040608,S1C,win,16,ブルーユンチェリー,33.1,58.2,1.032,1.815,0.892,10,100,0.0,1,0,2
20260920,202606040608,S2,win,4,グラティアム,3.6,3.6,0.771,0.771,0.892,1,100,360.0,1,0,2
20260920,202606040608,V1,place,4,グラティアム,,,,,0.892,1,100,150.0,1,0,2
20260920,202606040608,V3,wide,4-5,グラティアム×カンレイスター,,,,,0.892,1/3,100,270.0,1,0,2
20260920,202606040609,S1,win,12,エーデル,34.4,23.4,1.605,1.092,0.894,5,100,0.0,1,0,2
20260920,202606040609,S1C,win,7,カフェアローロ,27.4,43.1,0.952,1.498,0.894,7,100,0.0,1,0,2
20260920,202606040609,S1C,win,12,エーデル,34.4,23.4,1.605,1.092,0.894,5,100,0.0,1,0,2
20260920,202606040609,S2,win,10,シャローファースト,3.6,4.3,0.764,0.913,0.894,2,100,0.0,1,0,2
20260920,202606040609,V1,place,10,シャローファースト,,,,,0.894,2,100,160.0,1,0,2
20260920,202606040609,V3,wide,3-10,コズミックダンサー×シャローファースト,,,,,0.894,3/2,100,310.0,1,0,2
20260920,202606040610,S1,win,4,ヤマメキング,59.2,182.6,1.097,3.384,0.92,7,100,0.0,1,0,2
20260920,202606040610,S1C,win,7,メモリーグラス,33.9,117.6,0.992,3.441,0.92,13,100,0.0,1,0,2
20260920,202606040610,S2,win,8,タカスタカスタカス,2.4,1.7,0.803,0.569,0.92,2,100,0.0,1,0,2
20260920,202606040610,V1,place,8,タカスタカスタカス,,,,,0.92,2,100,110.0,1,0,2
20260920,202606040610,V2,place,8,タカスタカスタカス,,,,,0.92,2,100,110.0,1,0,2
20260920,202606040610,V3,wide,8-15,タカスタカスタカス×ブルーマッキンジー,,,,,0.92,2/3,100,260.0,1,0,2
20260920,202606040611,S1,win,8,メイショウゲキリン,24.9,44.5,1.441,2.575,0.926,1,100,4450.0,1,0,2
20260920,202606040611,S1C,win,8,メイショウゲキリン,24.9,44.5,1.441,2.575,0.926,1,100,4450.0,1,0,2
20260920,202606040611,S2,win,9,コスモキュランダ,3.9,3.6,0.882,0.815,0.926,11,100,0.0,1,0,2
20260920,202606040611,V1,place,9,コスモキュランダ,,,,,0.926,11,100,0.0,1,0,2
20260920,202606040611,V3,wide,7-9,レガレイラ×コスモキュランダ,,,,,0.926,4/11,100,0.0,1,0,2
20260920,202606040611,V4,trifecta,7-9-4,,,,,,,,100,0.0,1,0,1
20260920,202606040611,V4,trifecta,9-7-4,,,,,,,,100,0.0,1,0,1
20260920,202606040611,V4,trifecta,7-4-9,,,,,,,,100,0.0,1,0,1
20260920,202606040611,V4,trifecta,9-4-7,,,,,,,,100,0.0,1,0,1
20260920,202606040611,V4,trifecta,4-7-9,,,,,,,,100,0.0,1,0,1
20260920,202606040611,V4,trifecta,4-9-7,,,,,,,,100,0.0,1,0,1
20260920,202606040611,V4,trifecta,7-9-12,,,,,,,,100,0.0,1,0,1
20260920,202606040611,V4,trifecta,9-7-12,,,,,,,,100,0.0,1,0,1
20260920,202606040611,V4,trifecta,7-9-6,,,,,,,,100,0.0,1,0,1
20260920,202606040611,V4,trifecta,9-7-6,,,,,,,,100,0.0,1,0,1
20260920,202606040612,S1,win,4,バム,80.6,150.9,1.672,3.13,0.903,5,100,0.0,1,0,2
20260920,202606040612,S1,win,10,ランスロット,51.9,146.1,1.265,3.562,0.903,14,100,0.0,1,0,2
20260920,202606040612,S1,win,14,ラブリーガール,19.7,41.6,1.165,2.461,0.903,10,100,0.0,1,0,2
20260920,202606040612,S1C,win,4,バム,80.6,150.9,1.672,3.13,0.903,5,100,0.0,1,0,2
20260920,202606040612,S1C,win,10,ランスロット,51.9,146.1,1.265,3.562,0.903,14,100,0.0,1,0,2
20260920,202606040612,S1C,win,14,ラブリーガール,19.7,41.6,1.165,2.461,0.903,10,100,0.0,1,0,2
20260920,202606040612,S2,win,12,カシオペア,5.0,4.6,0.8,0.736,0.903,9,100,0.0,1,0,2
20260920,202606040612,V1,place,12,カシオペア,,,,,0.903,9,100,0.0,1,0,2
20260920,202606040612,V3,wide,6-12,エバーラスト×カシオペア,,,,,0.903,7/9,100,0.0,1,0,2
20260920,202609040602,S1,win,6,ニドヅケキンシ,13.3,29.3,1.478,3.255,0.729,7,100,0.0,1,0,2
20260920,202609040602,S1,win,12,ベイビーブラザー,49.5,54.6,1.212,1.337,0.729,8,100,0.0,1,0,2
20260920,202609040602,S1C,win,3,ゴールデンレシオ,17.1,20.0,0.969,1.133,0.729,3,100,0.0,1,0,2
20260920,202609040602,S1C,win,6,ニドヅケキンシ,13.3,29.3,1.478,3.255,0.729,7,100,0.0,1,0,2
20260920,202609040602,S1C,win,12,ベイビーブラザー,49.5,54.6,1.212,1.337,0.729,8,100,0.0,1,0,2
20260920,202609040602,S2,win,7,ヴァーヴイレヴン,2.6,3.1,0.639,0.762,0.729,6,100,0.0,1,0,2
20260920,202609040602,S3,win,6,ニドヅケキンシ,13.3,29.3,1.478,3.255,0.729,7,100,0.0,1,0,2
20260920,202609040602,V1,place,7,ヴァーヴイレヴン,,,,,0.729,6,100,0.0,1,0,2
20260920,202609040603,S1,win,1,ホットリップス,34.7,123.6,1.171,4.173,0.704,7,100,0.0,1,0,2
20260920,202609040603,S1,win,6,プリメラエストレラ,26.5,33.7,1.653,2.102,0.704,5,100,0.0,1,0,2
20260920,202609040603,S1C,win,1,ホットリップス,34.7,123.6,1.171,4.173,0.704,7,100,0.0,1,0,2
20260920,202609040603,S1C,win,6,プリメラエストレラ,26.5,33.7,1.653,2.102,0.704,5,100,0.0,1,0,2
20260920,202609040603,S2,win,7,ハートノート,1.1,1.1,0.704,0.704,0.704,2,100,0.0,1,0,2
20260920,202609040603,V1,place,7,ハートノート,,,,,0.704,2,100,100.0,1,0,2
20260920,202609040604,S1,win,8,ペンタクルクイーン,7.4,9.2,1.113,1.384,0.549,11,100,0.0,1,0,2
20260920,202609040604,S1C,win,8,ペンタクルクイーン,7.4,9.2,1.113,1.384,0.549,11,100,0.0,1,0,2
20260920,202609040604,S2,win,10,フィリップヴィル,3.2,1.7,0.72,0.382,0.549,1,100,170.0,1,0,2
20260920,202609040604,V1,place,10,フィリップヴィル,,,,,0.549,1,100,120.0,1,0,2
20260920,202609040605,S1,win,2,アリサ,23.1,23.8,1.308,1.347,0.564,12,100,0.0,1,0,2
20260920,202609040605,S1C,win,2,アリサ,23.1,23.8,1.308,1.347,0.564,12,100,0.0,1,0,2
20260920,202609040605,S1C,win,7,ドラーダアスール,21.2,72.8,0.951,3.267,0.564,7,100,0.0,1,0,2
20260920,202609040605,S2,win,5,ジョリーエピキュア,3.0,2.4,0.683,0.546,0.564,2,100,0.0,1,0,2
20260920,202609040605,V1,place,5,ジョリーエピキュア,,,,,0.564,2,100,130.0,1,0,2
20260920,202609040606,S1,win,8,アルペングロー,14.1,51.3,1.153,4.197,0.915,7,100,0.0,1,0,2
20260920,202609040606,S1,win,9,アスクメークシェア,30.2,261.7,1.067,9.244,0.915,11,100,0.0,1,0,2
20260920,202609040606,S1C,win,8,アルペングロー,14.1,51.3,1.153,4.197,0.915,7,100,0.0,1,0,2
20260920,202609040606,S1C,win,9,アスクメークシェア,30.2,261.7,1.067,9.244,0.915,11,100,0.0,1,0,2
20260920,202609040606,S2,win,7,キッコベッロ,3.1,3.4,0.933,1.023,0.915,3,100,0.0,1,0,2
20260920,202609040606,V1,place,7,キッコベッロ,,,,,0.915,3,100,140.0,1,0,2
20260920,202609040606,V2,place,7,キッコベッロ,,,,,0.915,3,100,140.0,1,0,2
20260920,202609040606,V3,wide,4-7,サラコスティ×キッコベッロ,,,,,0.915,4/3,100,0.0,1,0,2
20260920,202609040607,S1,win,2,マーベリックシチー,57.3,225.9,1.247,4.916,0.922,11,100,0.0,1,0,2
20260920,202609040607,S1,win,8,モズプリヴェール,13.6,13.6,1.039,1.039,0.922,7,100,0.0,1,0,2
20260920,202609040607,S2,win,5,マコトアディントン,1.8,3.1,0.811,1.397,0.922,6,100,0.0,1,0,2
20260920,202609040607,V1,place,5,マコトアディントン,,,,,0.922,6,100,0.0,1,0,2
20260920,202609040607,V2,place,5,マコトアディントン,,,,,0.922,6,100,0.0,1,0,2
20260920,202609040607,V3,wide,1-5,ココロヅヨサ×マコトアディントン,,,,,0.922,3/6,100,0.0,1,0,2
20260920,202609040608,S1,win,6,ヴェントステラーレ,36.4,237.6,1.645,10.736,0.899,15,100,0.0,1,0,2
20260920,202609040608,S1,win,7,ビーチェマーレ,17.4,23.0,1.001,1.323,0.899,8,100,0.0,1,0,2
20260920,202609040608,S1,win,15,アウローラシエル,45.5,170.2,1.113,4.163,0.899,14,100,0.0,1,0,2
20260920,202609040608,S1C,win,4,スリラーナイト,27.0,40.8,0.99,1.496,0.899,9,100,0.0,1,0,2
20260920,202609040608,S1C,win,6,ヴェントステラーレ,36.4,237.6,1.645,10.736,0.899,15,100,0.0,1,0,2
20260920,202609040608,S1C,win,7,ビーチェマーレ,17.4,23.0,1.001,1.323,0.899,8,100,0.0,1,0,2
20260920,202609040608,S1C,win,15,アウローラシエル,45.5,170.2,1.113,4.163,0.899,14,100,0.0,1,0,2
20260920,202609040608,S2,win,11,リアンマヒナ,2.9,2.3,0.708,0.561,0.899,1,100,229.99999999999997,1,0,2
20260920,202609040608,V1,place,11,リアンマヒナ,,,,,0.899,1,100,110.0,1,0,2
20260920,202609040608,V3,wide,11-13,リアンマヒナ×パスコード,,,,,0.899,1/3,100,240.0,1,0,2
20260920,202609040609,S1,win,10,レイピカケ,51.7,184.0,1.022,3.636,0.91,6,100,0.0,1,0,2
20260920,202609040609,S2,win,4,セナスタイル,2.6,2.0,0.724,0.557,0.91,4,100,0.0,1,0,2
20260920,202609040609,V1,place,4,セナスタイル,,,,,0.91,4,100,0.0,1,0,2
20260920,202609040609,V2,place,4,セナスタイル,,,,,0.91,4,100,0.0,1,0,2
20260920,202609040609,V3,wide,1-4,エバーグルーヴ×セナスタイル,,,,,0.91,9/4,100,0.0,1,0,2
20260920,202609040610,S1,win,1,クリノラピダス,38.0,104.1,1.167,3.197,0.899,10,100,0.0,1,0,2
20260920,202609040610,S1,win,6,ニシノジェダイ,8.0,8.7,1.024,1.113,0.899,8,100,0.0,1,0,2
20260920,202609040610,S1,win,10,ヒデノレインボー,49.2,168.9,1.204,4.132,0.899,12,100,0.0,1,0,2
20260920,202609040610,S1,win,14,タイガースパーク,18.5,25.8,1.129,1.575,0.899,5,100,0.0,1,0,2
20260920,202609040610,S1C,win,1,クリノラピダス,38.0,104.1,1.167,3.197,0.899,10,100,0.0,1,0,2
20260920,202609040610,S1C,win,4,ハイディージェン,27.7,47.1,0.947,1.61,0.899,15,100,0.0,1,0,2
20260920,202609040610,S1C,win,6,ニシノジェダイ,8.0,8.7,1.024,1.113,0.899,8,100,0.0,1,0,2
20260920,202609040610,S1C,win,10,ヒデノレインボー,49.2,168.9,1.204,4.132,0.899,12,100,0.0,1,0,2
20260920,202609040610,S1C,win,14,タイガースパーク,18.5,25.8,1.129,1.575,0.899,5,100,0.0,1,0,2
20260920,202609040610,S2,win,3,ゼンエスポワール,3.6,5.0,0.833,1.157,0.899,9,100,0.0,1,0,2
20260920,202609040610,V1,place,3,ゼンエスポワール,,,,,0.899,9,100,0.0,1,0,2
20260920,202609040610,V3,wide,3-5,ゼンエスポワール×ソルチェリア,,,,,0.899,9/2,100,0.0,1,0,2
20260920,202609040611,S1,win,1,ハンデンドレイク,20.7,28.5,1.219,1.678,0.901,15,100,0.0,1,0,2
20260920,202609040611,S1,win,3,マリノトニトゥルス,25.2,20.8,1.198,0.989,0.901,2,100,0.0,1,0,2
20260920,202609040611,S1,win,6,ミカッテヨンデイイ,49.0,88.6,1.959,3.543,0.901,11,100,0.0,1,0,2
20260920,202609040611,S1,win,10,モーデン,18.9,16.5,1.029,0.898,0.901,5,100,0.0,1,0,2
20260920,202609040611,S1C,win,1,ハンデンドレイク,20.7,28.5,1.219,1.678,0.901,15,100,0.0,1,0,2
20260920,202609040611,S1C,win,3,マリノトニトゥルス,25.2,20.8,1.198,0.989,0.901,2,100,0.0,1,0,2
20260920,202609040611,S1C,win,6,ミカッテヨンデイイ,49.0,88.6,1.959,3.543,0.901,11,100,0.0,1,0,2
20260920,202609040611,S2,win,4,インブロリオ,5.5,6.4,0.702,0.817,0.901,1,100,640.0,1,0,2
20260920,202609040611,V1,place,4,インブロリオ,,,,,0.901,1,100,200.0,1,0,2
20260920,202609040611,V3,wide,4-9,インブロリオ×チューラワンサ,,,,,0.901,1/8,100,0.0,1,0,2
20260920,202609040611,V4,trifecta,2-9-4,,,,,,,,100,0.0,1,0,1
20260920,202609040611,V4,trifecta,2-4-9,,,,,,,,100,0.0,1,0,1
20260920,202609040611,V4,trifecta,9-2-4,,,,,,,,100,0.0,1,0,1
20260920,202609040611,V4,trifecta,4-2-9,,,,,,,,100,0.0,1,0,1
20260920,202609040611,V4,trifecta,9-4-2,,,,,,,,100,0.0,1,0,1
20260920,202609040611,V4,trifecta,4-9-2,,,,,,,,100,0.0,1,0,1
20260920,202609040611,V4,trifecta,2-9-12,,,,,,,,100,0.0,1,0,1
20260920,202609040611,V4,trifecta,2-4-12,,,,,,,,100,0.0,1,0,1
20260920,202609040611,V4,trifecta,9-2-12,,,,,,,,100,0.0,1,0,1
20260920,202609040611,V4,trifecta,4-2-12,,,,,,,,100,0.0,1,0,1
20260920,202609040612,S1,win,12,フェミナンジェンヌ,52.8,165.2,1.002,3.136,0.894,13,100,0.0,1,0,2
20260920,202609040612,S1C,win,5,ワイズギャング,23.6,21.3,0.93,0.839,0.894,2,100,0.0,1,0,2
20260920,202609040612,S2,win,3,タイニーワンダー,1.7,1.6,0.795,0.748,0.894,1,100,160.0,1,0,2
20260920,202609040612,V1,place,3,タイニーワンダー,,,,,0.894,1,100,110.0,1,0,2
20260920,202609040612,V2,place,3,タイニーワンダー,,,,,0.894,1,100,110.0,1,0,2
20260920,202609040612,V3,wide,3-10,タイニーワンダー×ルクスコスモス,,,,,0.894,1/10,100,0.0,1,0,2
